[2026-09-17T11:16:01.695+0000] {processor.py:161} INFO - Started process (PID=1144) to work on /opt/airflow/dags/youtube_dwh_update.py
[2026-09-17T11:16:01.698+0000] {processor.py:830} INFO - Processing file /opt/airflow/dags/youtube_dwh_update.py for tasks to queue
[2026-09-17T11:16:01.703+0000] {logging_mixin.py:188} INFO - [2026-09-17T11:16:01.702+0000] {dagbag.py:545} INFO - Filling up the DagBag from /opt/airflow/dags/youtube_dwh_update.py
[2026-09-17T11:16:01.760+0000] {processor.py:840} INFO - DAG(s) 'youtube_dwh_update' retrieved from /opt/airflow/dags/youtube_dwh_update.py
[2026-09-17T11:16:01.907+0000] {logging_mixin.py:188} INFO - [2026-09-17T11:16:01.906+0000] {override.py:1829} INFO - Created Permission View: can read on DAG:youtube_dwh_update
[2026-09-17T11:16:01.922+0000] {logging_mixin.py:188} INFO - [2026-09-17T11:16:01.921+0000] {override.py:1829} INFO - Created Permission View: can delete on DAG:youtube_dwh_update
[2026-09-17T11:16:01.933+0000] {logging_mixin.py:188} INFO - [2026-09-17T11:16:01.932+0000] {override.py:1829} INFO - Created Permission View: can edit on DAG:youtube_dwh_update
[2026-09-17T11:16:01.934+0000] {logging_mixin.py:188} INFO - [2026-09-17T11:16:01.934+0000] {dag.py:3096} INFO - Sync 1 DAGs
[2026-09-17T11:16:01.947+0000] {logging_mixin.py:188} INFO - [2026-09-17T11:16:01.947+0000] {dag.py:3118} INFO - Creating ORM DAG for youtube_dwh_update
[2026-09-17T11:16:01.961+0000] {logging_mixin.py:188} INFO - [2026-09-17T11:16:01.960+0000] {dag.py:3954} INFO - Setting next_dagrun for youtube_dwh_update to 2026-09-16 00:00:00+00:00, run_after=2026-09-17 00:00:00+00:00
[2026-09-17T11:16:01.989+0000] {processor.py:183} INFO - Processing /opt/airflow/dags/youtube_dwh_update.py took 0.304 seconds
[2026-09-17T11:16:32.873+0000] {processor.py:161} INFO - Started process (PID=1162) to work on /opt/airflow/dags/youtube_dwh_update.py
[2026-09-17T11:16:32.875+0000] {processor.py:830} INFO - Processing file /opt/airflow/dags/youtube_dwh_update.py for tasks to queue
[2026-09-17T11:16:32.879+0000] {logging_mixin.py:188} INFO - [2026-09-17T11:16:32.879+0000] {dagbag.py:545} INFO - Filling up the DagBag from /opt/airflow/dags/youtube_dwh_update.py
[2026-09-17T11:16:32.900+0000] {processor.py:840} INFO - DAG(s) 'youtube_dwh_update' retrieved from /opt/airflow/dags/youtube_dwh_update.py
[2026-09-17T11:16:32.929+0000] {logging_mixin.py:188} INFO - [2026-09-17T11:16:32.928+0000] {dag.py:3096} INFO - Sync 1 DAGs
[2026-09-17T11:16:32.958+0000] {logging_mixin.py:188} INFO - [2026-09-17T11:16:32.958+0000] {dag.py:3954} INFO - Setting next_dagrun for youtube_dwh_update to 2026-09-16 00:00:00+00:00, run_after=2026-09-17 00:00:00+00:00
[2026-09-17T11:16:32.993+0000] {processor.py:183} INFO - Processing /opt/airflow/dags/youtube_dwh_update.py took 0.128 seconds
[2026-09-17T11:17:03.202+0000] {processor.py:161} INFO - Started process (PID=1178) to work on /opt/airflow/dags/youtube_dwh_update.py
[2026-09-17T11:17:03.204+0000] {processor.py:830} INFO - Processing file /opt/airflow/dags/youtube_dwh_update.py for tasks to queue
[2026-09-17T11:17:03.209+0000] {logging_mixin.py:188} INFO - [2026-09-17T11:17:03.208+0000] {dagbag.py:545} INFO - Filling up the DagBag from /opt/airflow/dags/youtube_dwh_update.py
[2026-09-17T11:17:03.235+0000] {processor.py:840} INFO - DAG(s) 'youtube_dwh_update' retrieved from /opt/airflow/dags/youtube_dwh_update.py
[2026-09-17T11:17:03.264+0000] {logging_mixin.py:188} INFO - [2026-09-17T11:17:03.263+0000] {dag.py:3096} INFO - Sync 1 DAGs
[2026-09-17T11:17:03.293+0000] {logging_mixin.py:188} INFO - [2026-09-17T11:17:03.293+0000] {dag.py:3954} INFO - Setting next_dagrun for youtube_dwh_update to 2026-09-16 00:00:00+00:00, run_after=2026-09-17 00:00:00+00:00
[2026-09-17T11:17:03.333+0000] {processor.py:183} INFO - Processing /opt/airflow/dags/youtube_dwh_update.py took 0.138 seconds
[2026-09-17T11:17:33.589+0000] {processor.py:161} INFO - Started process (PID=1194) to work on /opt/airflow/dags/youtube_dwh_update.py
[2026-09-17T11:17:33.592+0000] {processor.py:830} INFO - Processing file /opt/airflow/dags/youtube_dwh_update.py for tasks to queue
[2026-09-17T11:17:33.605+0000] {logging_mixin.py:188} INFO - [2026-09-17T11:17:33.604+0000] {dagbag.py:545} INFO - Filling up the DagBag from /opt/airflow/dags/youtube_dwh_update.py
[2026-09-17T11:17:33.643+0000] {processor.py:840} INFO - DAG(s) 'youtube_dwh_update' retrieved from /opt/airflow/dags/youtube_dwh_update.py
[2026-09-17T11:17:33.686+0000] {logging_mixin.py:188} INFO - [2026-09-17T11:17:33.686+0000] {dag.py:3096} INFO - Sync 1 DAGs
[2026-09-17T11:17:33.748+0000] {logging_mixin.py:188} INFO - [2026-09-17T11:17:33.747+0000] {dag.py:3954} INFO - Setting next_dagrun for youtube_dwh_update to 2026-09-16 00:00:00+00:00, run_after=2026-09-17 00:00:00+00:00
[2026-09-17T11:17:33.807+0000] {processor.py:183} INFO - Processing /opt/airflow/dags/youtube_dwh_update.py took 0.241 seconds
[2026-09-17T11:18:04.100+0000] {processor.py:161} INFO - Started process (PID=1210) to work on /opt/airflow/dags/youtube_dwh_update.py
[2026-09-17T11:18:04.104+0000] {processor.py:830} INFO - Processing file /opt/airflow/dags/youtube_dwh_update.py for tasks to queue
[2026-09-17T11:18:04.109+0000] {logging_mixin.py:188} INFO - [2026-09-17T11:18:04.108+0000] {dagbag.py:545} INFO - Filling up the DagBag from /opt/airflow/dags/youtube_dwh_update.py
[2026-09-17T11:18:04.133+0000] {processor.py:840} INFO - DAG(s) 'youtube_dwh_update' retrieved from /opt/airflow/dags/youtube_dwh_update.py
[2026-09-17T11:18:04.165+0000] {logging_mixin.py:188} INFO - [2026-09-17T11:18:04.165+0000] {dag.py:3096} INFO - Sync 1 DAGs
[2026-09-17T11:18:04.198+0000] {logging_mixin.py:188} INFO - [2026-09-17T11:18:04.198+0000] {dag.py:3954} INFO - Setting next_dagrun for youtube_dwh_update to 2026-09-16 00:00:00+00:00, run_after=2026-09-17 00:00:00+00:00
[2026-09-17T11:18:04.234+0000] {processor.py:183} INFO - Processing /opt/airflow/dags/youtube_dwh_update.py took 0.148 seconds
[2026-09-17T11:18:34.461+0000] {processor.py:161} INFO - Started process (PID=1241) to work on /opt/airflow/dags/youtube_dwh_update.py
[2026-09-17T11:18:34.463+0000] {processor.py:830} INFO - Processing file /opt/airflow/dags/youtube_dwh_update.py for tasks to queue
[2026-09-17T11:18:34.467+0000] {logging_mixin.py:188} INFO - [2026-09-17T11:18:34.467+0000] {dagbag.py:545} INFO - Filling up the DagBag from /opt/airflow/dags/youtube_dwh_update.py
[2026-09-17T11:18:34.490+0000] {processor.py:840} INFO - DAG(s) 'youtube_dwh_update' retrieved from /opt/airflow/dags/youtube_dwh_update.py
[2026-09-17T11:18:34.532+0000] {logging_mixin.py:188} INFO - [2026-09-17T11:18:34.532+0000] {dag.py:3096} INFO - Sync 1 DAGs
[2026-09-17T11:18:34.590+0000] {logging_mixin.py:188} INFO - [2026-09-17T11:18:34.589+0000] {dag.py:3954} INFO - Setting next_dagrun for youtube_dwh_update to 2026-09-17 00:00:00+00:00, run_after=2026-09-18 00:00:00+00:00
[2026-09-17T11:18:34.627+0000] {processor.py:183} INFO - Processing /opt/airflow/dags/youtube_dwh_update.py took 0.174 seconds
[2026-09-17T11:19:04.861+0000] {processor.py:161} INFO - Started process (PID=1257) to work on /opt/airflow/dags/youtube_dwh_update.py
[2026-09-17T11:19:04.865+0000] {processor.py:830} INFO - Processing file /opt/airflow/dags/youtube_dwh_update.py for tasks to queue
[2026-09-17T11:19:04.869+0000] {logging_mixin.py:188} INFO - [2026-09-17T11:19:04.868+0000] {dagbag.py:545} INFO - Filling up the DagBag from /opt/airflow/dags/youtube_dwh_update.py
[2026-09-17T11:19:04.902+0000] {processor.py:840} INFO - DAG(s) 'youtube_dwh_update' retrieved from /opt/airflow/dags/youtube_dwh_update.py
[2026-09-17T11:19:04.936+0000] {logging_mixin.py:188} INFO - [2026-09-17T11:19:04.936+0000] {dag.py:3096} INFO - Sync 1 DAGs
[2026-09-17T11:19:04.963+0000] {logging_mixin.py:188} INFO - [2026-09-17T11:19:04.963+0000] {dag.py:3954} INFO - Setting next_dagrun for youtube_dwh_update to 2026-09-17 00:00:00+00:00, run_after=2026-09-18 00:00:00+00:00
[2026-09-17T11:19:04.989+0000] {processor.py:183} INFO - Processing /opt/airflow/dags/youtube_dwh_update.py took 0.141 seconds
[2026-09-17T11:19:35.201+0000] {processor.py:161} INFO - Started process (PID=1276) to work on /opt/airflow/dags/youtube_dwh_update.py
[2026-09-17T11:19:35.206+0000] {processor.py:830} INFO - Processing file /opt/airflow/dags/youtube_dwh_update.py for tasks to queue
[2026-09-17T11:19:35.210+0000] {logging_mixin.py:188} INFO - [2026-09-17T11:19:35.209+0000] {dagbag.py:545} INFO - Filling up the DagBag from /opt/airflow/dags/youtube_dwh_update.py
[2026-09-17T11:19:35.243+0000] {processor.py:840} INFO - DAG(s) 'youtube_dwh_update' retrieved from /opt/airflow/dags/youtube_dwh_update.py
[2026-09-17T11:19:35.283+0000] {logging_mixin.py:188} INFO - [2026-09-17T11:19:35.282+0000] {dag.py:3096} INFO - Sync 1 DAGs
[2026-09-17T11:19:35.328+0000] {logging_mixin.py:188} INFO - [2026-09-17T11:19:35.328+0000] {dag.py:3954} INFO - Setting next_dagrun for youtube_dwh_update to 2026-09-17 00:00:00+00:00, run_after=2026-09-18 00:00:00+00:00
[2026-09-17T11:19:35.368+0000] {processor.py:183} INFO - Processing /opt/airflow/dags/youtube_dwh_update.py took 0.175 seconds
[2026-09-17T11:20:05.599+0000] {processor.py:161} INFO - Started process (PID=1300) to work on /opt/airflow/dags/youtube_dwh_update.py
[2026-09-17T11:20:05.602+0000] {processor.py:830} INFO - Processing file /opt/airflow/dags/youtube_dwh_update.py for tasks to queue
[2026-09-17T11:20:05.607+0000] {logging_mixin.py:188} INFO - [2026-09-17T11:20:05.606+0000] {dagbag.py:545} INFO - Filling up the DagBag from /opt/airflow/dags/youtube_dwh_update.py
[2026-09-17T11:20:05.636+0000] {processor.py:840} INFO - DAG(s) 'youtube_dwh_update' retrieved from /opt/airflow/dags/youtube_dwh_update.py
[2026-09-17T11:20:05.678+0000] {logging_mixin.py:188} INFO - [2026-09-17T11:20:05.678+0000] {dag.py:3096} INFO - Sync 1 DAGs
[2026-09-17T11:20:05.735+0000] {logging_mixin.py:188} INFO - [2026-09-17T11:20:05.735+0000] {dag.py:3954} INFO - Setting next_dagrun for youtube_dwh_update to 2026-09-17 00:00:00+00:00, run_after=2026-09-18 00:00:00+00:00
[2026-09-17T11:20:05.775+0000] {processor.py:183} INFO - Processing /opt/airflow/dags/youtube_dwh_update.py took 0.187 seconds
[2026-09-17T11:20:36.040+0000] {processor.py:161} INFO - Started process (PID=1316) to work on /opt/airflow/dags/youtube_dwh_update.py
[2026-09-17T11:20:36.042+0000] {processor.py:830} INFO - Processing file /opt/airflow/dags/youtube_dwh_update.py for tasks to queue
[2026-09-17T11:20:36.047+0000] {logging_mixin.py:188} INFO - [2026-09-17T11:20:36.046+0000] {dagbag.py:545} INFO - Filling up the DagBag from /opt/airflow/dags/youtube_dwh_update.py
[2026-09-17T11:20:36.091+0000] {processor.py:840} INFO - DAG(s) 'youtube_dwh_update' retrieved from /opt/airflow/dags/youtube_dwh_update.py
[2026-09-17T11:20:36.140+0000] {logging_mixin.py:188} INFO - [2026-09-17T11:20:36.140+0000] {dag.py:3096} INFO - Sync 1 DAGs
[2026-09-17T11:20:36.194+0000] {logging_mixin.py:188} INFO - [2026-09-17T11:20:36.194+0000] {dag.py:3954} INFO - Setting next_dagrun for youtube_dwh_update to 2026-09-17 00:00:00+00:00, run_after=2026-09-18 00:00:00+00:00
[2026-09-17T11:20:36.242+0000] {processor.py:183} INFO - Processing /opt/airflow/dags/youtube_dwh_update.py took 0.217 seconds
[2026-09-17T11:21:06.557+0000] {processor.py:161} INFO - Started process (PID=1332) to work on /opt/airflow/dags/youtube_dwh_update.py
[2026-09-17T11:21:06.560+0000] {processor.py:830} INFO - Processing file /opt/airflow/dags/youtube_dwh_update.py for tasks to queue
[2026-09-17T11:21:06.566+0000] {logging_mixin.py:188} INFO - [2026-09-17T11:21:06.566+0000] {dagbag.py:545} INFO - Filling up the DagBag from /opt/airflow/dags/youtube_dwh_update.py
[2026-09-17T11:21:06.612+0000] {processor.py:840} INFO - DAG(s) 'youtube_dwh_update' retrieved from /opt/airflow/dags/youtube_dwh_update.py
[2026-09-17T11:21:06.658+0000] {logging_mixin.py:188} INFO - [2026-09-17T11:21:06.658+0000] {dag.py:3096} INFO - Sync 1 DAGs
[2026-09-17T11:21:06.719+0000] {logging_mixin.py:188} INFO - [2026-09-17T11:21:06.719+0000] {dag.py:3954} INFO - Setting next_dagrun for youtube_dwh_update to 2026-09-17 00:00:00+00:00, run_after=2026-09-18 00:00:00+00:00
[2026-09-17T11:21:06.780+0000] {processor.py:183} INFO - Processing /opt/airflow/dags/youtube_dwh_update.py took 0.241 seconds
[2026-09-17T11:21:37.025+0000] {processor.py:161} INFO - Started process (PID=1348) to work on /opt/airflow/dags/youtube_dwh_update.py
[2026-09-17T11:21:37.028+0000] {processor.py:830} INFO - Processing file /opt/airflow/dags/youtube_dwh_update.py for tasks to queue
[2026-09-17T11:21:37.035+0000] {logging_mixin.py:188} INFO - [2026-09-17T11:21:37.033+0000] {dagbag.py:545} INFO - Filling up the DagBag from /opt/airflow/dags/youtube_dwh_update.py
[2026-09-17T11:21:37.081+0000] {processor.py:840} INFO - DAG(s) 'youtube_dwh_update' retrieved from /opt/airflow/dags/youtube_dwh_update.py
[2026-09-17T11:21:37.142+0000] {logging_mixin.py:188} INFO - [2026-09-17T11:21:37.141+0000] {dag.py:3096} INFO - Sync 1 DAGs
[2026-09-17T11:21:37.196+0000] {logging_mixin.py:188} INFO - [2026-09-17T11:21:37.196+0000] {dag.py:3954} INFO - Setting next_dagrun for youtube_dwh_update to 2026-09-17 00:00:00+00:00, run_after=2026-09-18 00:00:00+00:00
[2026-09-17T11:21:37.251+0000] {processor.py:183} INFO - Processing /opt/airflow/dags/youtube_dwh_update.py took 0.243 seconds
[2026-09-17T11:22:07.400+0000] {processor.py:161} INFO - Started process (PID=1364) to work on /opt/airflow/dags/youtube_dwh_update.py
[2026-09-17T11:22:07.402+0000] {processor.py:830} INFO - Processing file /opt/airflow/dags/youtube_dwh_update.py for tasks to queue
[2026-09-17T11:22:07.406+0000] {logging_mixin.py:188} INFO - [2026-09-17T11:22:07.405+0000] {dagbag.py:545} INFO - Filling up the DagBag from /opt/airflow/dags/youtube_dwh_update.py
[2026-09-17T11:22:07.429+0000] {processor.py:840} INFO - DAG(s) 'youtube_dwh_update' retrieved from /opt/airflow/dags/youtube_dwh_update.py
[2026-09-17T11:22:07.463+0000] {logging_mixin.py:188} INFO - [2026-09-17T11:22:07.463+0000] {dag.py:3096} INFO - Sync 1 DAGs
[2026-09-17T11:22:07.497+0000] {logging_mixin.py:188} INFO - [2026-09-17T11:22:07.497+0000] {dag.py:3954} INFO - Setting next_dagrun for youtube_dwh_update to 2026-09-17 00:00:00+00:00, run_after=2026-09-18 00:00:00+00:00
[2026-09-17T11:22:07.532+0000] {processor.py:183} INFO - Processing /opt/airflow/dags/youtube_dwh_update.py took 0.141 seconds
[2026-09-17T11:22:37.802+0000] {processor.py:161} INFO - Started process (PID=1380) to work on /opt/airflow/dags/youtube_dwh_update.py
[2026-09-17T11:22:37.805+0000] {processor.py:830} INFO - Processing file /opt/airflow/dags/youtube_dwh_update.py for tasks to queue
[2026-09-17T11:22:37.812+0000] {logging_mixin.py:188} INFO - [2026-09-17T11:22:37.812+0000] {dagbag.py:545} INFO - Filling up the DagBag from /opt/airflow/dags/youtube_dwh_update.py
[2026-09-17T11:22:37.847+0000] {processor.py:840} INFO - DAG(s) 'youtube_dwh_update' retrieved from /opt/airflow/dags/youtube_dwh_update.py
[2026-09-17T11:22:37.911+0000] {logging_mixin.py:188} INFO - [2026-09-17T11:22:37.911+0000] {dag.py:3096} INFO - Sync 1 DAGs
[2026-09-17T11:22:37.968+0000] {logging_mixin.py:188} INFO - [2026-09-17T11:22:37.967+0000] {dag.py:3954} INFO - Setting next_dagrun for youtube_dwh_update to 2026-09-17 00:00:00+00:00, run_after=2026-09-18 00:00:00+00:00
[2026-09-17T11:22:38.002+0000] {processor.py:183} INFO - Processing /opt/airflow/dags/youtube_dwh_update.py took 0.214 seconds
[2026-09-17T11:23:08.257+0000] {processor.py:161} INFO - Started process (PID=1396) to work on /opt/airflow/dags/youtube_dwh_update.py
[2026-09-17T11:23:08.268+0000] {processor.py:830} INFO - Processing file /opt/airflow/dags/youtube_dwh_update.py for tasks to queue
[2026-09-17T11:23:08.271+0000] {logging_mixin.py:188} INFO - [2026-09-17T11:23:08.271+0000] {dagbag.py:545} INFO - Filling up the DagBag from /opt/airflow/dags/youtube_dwh_update.py
[2026-09-17T11:23:08.292+0000] {processor.py:840} INFO - DAG(s) 'youtube_dwh_update' retrieved from /opt/airflow/dags/youtube_dwh_update.py
[2026-09-17T11:23:08.319+0000] {logging_mixin.py:188} INFO - [2026-09-17T11:23:08.318+0000] {dag.py:3096} INFO - Sync 1 DAGs
[2026-09-17T11:23:08.347+0000] {logging_mixin.py:188} INFO - [2026-09-17T11:23:08.347+0000] {dag.py:3954} INFO - Setting next_dagrun for youtube_dwh_update to 2026-09-17 00:00:00+00:00, run_after=2026-09-18 00:00:00+00:00
[2026-09-17T11:23:08.382+0000] {processor.py:183} INFO - Processing /opt/airflow/dags/youtube_dwh_update.py took 0.132 seconds
[2026-09-17T11:23:38.662+0000] {processor.py:161} INFO - Started process (PID=1412) to work on /opt/airflow/dags/youtube_dwh_update.py
[2026-09-17T11:23:38.665+0000] {processor.py:830} INFO - Processing file /opt/airflow/dags/youtube_dwh_update.py for tasks to queue
[2026-09-17T11:23:38.671+0000] {logging_mixin.py:188} INFO - [2026-09-17T11:23:38.670+0000] {dagbag.py:545} INFO - Filling up the DagBag from /opt/airflow/dags/youtube_dwh_update.py
[2026-09-17T11:23:38.698+0000] {processor.py:840} INFO - DAG(s) 'youtube_dwh_update' retrieved from /opt/airflow/dags/youtube_dwh_update.py
[2026-09-17T11:23:38.734+0000] {logging_mixin.py:188} INFO - [2026-09-17T11:23:38.733+0000] {dag.py:3096} INFO - Sync 1 DAGs
[2026-09-17T11:23:38.779+0000] {logging_mixin.py:188} INFO - [2026-09-17T11:23:38.779+0000] {dag.py:3954} INFO - Setting next_dagrun for youtube_dwh_update to 2026-09-17 00:00:00+00:00, run_after=2026-09-18 00:00:00+00:00
[2026-09-17T11:23:38.833+0000] {processor.py:183} INFO - Processing /opt/airflow/dags/youtube_dwh_update.py took 0.188 seconds
[2026-09-17T11:24:09.173+0000] {processor.py:161} INFO - Started process (PID=1428) to work on /opt/airflow/dags/youtube_dwh_update.py
[2026-09-17T11:24:09.177+0000] {processor.py:830} INFO - Processing file /opt/airflow/dags/youtube_dwh_update.py for tasks to queue
[2026-09-17T11:24:09.181+0000] {logging_mixin.py:188} INFO - [2026-09-17T11:24:09.181+0000] {dagbag.py:545} INFO - Filling up the DagBag from /opt/airflow/dags/youtube_dwh_update.py
[2026-09-17T11:24:09.214+0000] {processor.py:840} INFO - DAG(s) 'youtube_dwh_update' retrieved from /opt/airflow/dags/youtube_dwh_update.py
[2026-09-17T11:24:09.257+0000] {logging_mixin.py:188} INFO - [2026-09-17T11:24:09.257+0000] {dag.py:3096} INFO - Sync 1 DAGs
[2026-09-17T11:24:09.316+0000] {logging_mixin.py:188} INFO - [2026-09-17T11:24:09.315+0000] {dag.py:3954} INFO - Setting next_dagrun for youtube_dwh_update to 2026-09-17 00:00:00+00:00, run_after=2026-09-18 00:00:00+00:00
[2026-09-17T11:24:09.370+0000] {processor.py:183} INFO - Processing /opt/airflow/dags/youtube_dwh_update.py took 0.219 seconds
[2026-09-17T11:24:39.550+0000] {processor.py:161} INFO - Started process (PID=1444) to work on /opt/airflow/dags/youtube_dwh_update.py
[2026-09-17T11:24:39.552+0000] {processor.py:830} INFO - Processing file /opt/airflow/dags/youtube_dwh_update.py for tasks to queue
[2026-09-17T11:24:39.557+0000] {logging_mixin.py:188} INFO - [2026-09-17T11:24:39.556+0000] {dagbag.py:545} INFO - Filling up the DagBag from /opt/airflow/dags/youtube_dwh_update.py
[2026-09-17T11:24:39.581+0000] {processor.py:840} INFO - DAG(s) 'youtube_dwh_update' retrieved from /opt/airflow/dags/youtube_dwh_update.py
[2026-09-17T11:24:39.620+0000] {logging_mixin.py:188} INFO - [2026-09-17T11:24:39.619+0000] {dag.py:3096} INFO - Sync 1 DAGs
[2026-09-17T11:24:39.654+0000] {logging_mixin.py:188} INFO - [2026-09-17T11:24:39.654+0000] {dag.py:3954} INFO - Setting next_dagrun for youtube_dwh_update to 2026-09-17 00:00:00+00:00, run_after=2026-09-18 00:00:00+00:00
[2026-09-17T11:24:39.688+0000] {processor.py:183} INFO - Processing /opt/airflow/dags/youtube_dwh_update.py took 0.146 seconds
[2026-09-17T11:25:09.866+0000] {processor.py:161} INFO - Started process (PID=1460) to work on /opt/airflow/dags/youtube_dwh_update.py
[2026-09-17T11:25:09.869+0000] {processor.py:830} INFO - Processing file /opt/airflow/dags/youtube_dwh_update.py for tasks to queue
[2026-09-17T11:25:09.872+0000] {logging_mixin.py:188} INFO - [2026-09-17T11:25:09.872+0000] {dagbag.py:545} INFO - Filling up the DagBag from /opt/airflow/dags/youtube_dwh_update.py
[2026-09-17T11:25:09.891+0000] {processor.py:840} INFO - DAG(s) 'youtube_dwh_update' retrieved from /opt/airflow/dags/youtube_dwh_update.py
[2026-09-17T11:25:09.917+0000] {logging_mixin.py:188} INFO - [2026-09-17T11:25:09.916+0000] {dag.py:3096} INFO - Sync 1 DAGs
[2026-09-17T11:25:09.943+0000] {logging_mixin.py:188} INFO - [2026-09-17T11:25:09.943+0000] {dag.py:3954} INFO - Setting next_dagrun for youtube_dwh_update to 2026-09-17 00:00:00+00:00, run_after=2026-09-18 00:00:00+00:00
[2026-09-17T11:25:09.975+0000] {processor.py:183} INFO - Processing /opt/airflow/dags/youtube_dwh_update.py took 0.117 seconds
[2026-09-17T11:25:40.211+0000] {processor.py:161} INFO - Started process (PID=1476) to work on /opt/airflow/dags/youtube_dwh_update.py
[2026-09-17T11:25:40.214+0000] {processor.py:830} INFO - Processing file /opt/airflow/dags/youtube_dwh_update.py for tasks to queue
[2026-09-17T11:25:40.218+0000] {logging_mixin.py:188} INFO - [2026-09-17T11:25:40.218+0000] {dagbag.py:545} INFO - Filling up the DagBag from /opt/airflow/dags/youtube_dwh_update.py
[2026-09-17T11:25:40.240+0000] {processor.py:840} INFO - DAG(s) 'youtube_dwh_update' retrieved from /opt/airflow/dags/youtube_dwh_update.py
[2026-09-17T11:25:40.283+0000] {logging_mixin.py:188} INFO - [2026-09-17T11:25:40.283+0000] {dag.py:3096} INFO - Sync 1 DAGs
[2026-09-17T11:25:40.327+0000] {logging_mixin.py:188} INFO - [2026-09-17T11:25:40.327+0000] {dag.py:3954} INFO - Setting next_dagrun for youtube_dwh_update to 2026-09-17 00:00:00+00:00, run_after=2026-09-18 00:00:00+00:00
[2026-09-17T11:25:40.405+0000] {processor.py:183} INFO - Processing /opt/airflow/dags/youtube_dwh_update.py took 0.204 seconds
[2026-09-17T11:26:10.649+0000] {processor.py:161} INFO - Started process (PID=1493) to work on /opt/airflow/dags/youtube_dwh_update.py
[2026-09-17T11:26:10.652+0000] {processor.py:830} INFO - Processing file /opt/airflow/dags/youtube_dwh_update.py for tasks to queue
[2026-09-17T11:26:10.656+0000] {logging_mixin.py:188} INFO - [2026-09-17T11:26:10.655+0000] {dagbag.py:545} INFO - Filling up the DagBag from /opt/airflow/dags/youtube_dwh_update.py
[2026-09-17T11:26:10.676+0000] {processor.py:840} INFO - DAG(s) 'youtube_dwh_update' retrieved from /opt/airflow/dags/youtube_dwh_update.py
[2026-09-17T11:26:10.707+0000] {logging_mixin.py:188} INFO - [2026-09-17T11:26:10.706+0000] {dag.py:3096} INFO - Sync 1 DAGs
[2026-09-17T11:26:10.738+0000] {logging_mixin.py:188} INFO - [2026-09-17T11:26:10.738+0000] {dag.py:3954} INFO - Setting next_dagrun for youtube_dwh_update to 2026-09-17 00:00:00+00:00, run_after=2026-09-18 00:00:00+00:00
[2026-09-17T11:26:10.772+0000] {processor.py:183} INFO - Processing /opt/airflow/dags/youtube_dwh_update.py took 0.131 seconds
[2026-09-17T11:26:40.989+0000] {processor.py:161} INFO - Started process (PID=1509) to work on /opt/airflow/dags/youtube_dwh_update.py
[2026-09-17T11:26:40.991+0000] {processor.py:830} INFO - Processing file /opt/airflow/dags/youtube_dwh_update.py for tasks to queue
[2026-09-17T11:26:40.995+0000] {logging_mixin.py:188} INFO - [2026-09-17T11:26:40.995+0000] {dagbag.py:545} INFO - Filling up the DagBag from /opt/airflow/dags/youtube_dwh_update.py
[2026-09-17T11:26:41.026+0000] {processor.py:840} INFO - DAG(s) 'youtube_dwh_update' retrieved from /opt/airflow/dags/youtube_dwh_update.py
[2026-09-17T11:26:41.065+0000] {logging_mixin.py:188} INFO - [2026-09-17T11:26:41.064+0000] {dag.py:3096} INFO - Sync 1 DAGs
[2026-09-17T11:26:41.104+0000] {logging_mixin.py:188} INFO - [2026-09-17T11:26:41.103+0000] {dag.py:3954} INFO - Setting next_dagrun for youtube_dwh_update to 2026-09-17 00:00:00+00:00, run_after=2026-09-18 00:00:00+00:00
[2026-09-17T11:26:41.146+0000] {processor.py:183} INFO - Processing /opt/airflow/dags/youtube_dwh_update.py took 0.167 seconds
[2026-09-17T11:27:11.311+0000] {processor.py:161} INFO - Started process (PID=1525) to work on /opt/airflow/dags/youtube_dwh_update.py
[2026-09-17T11:27:11.314+0000] {processor.py:830} INFO - Processing file /opt/airflow/dags/youtube_dwh_update.py for tasks to queue
[2026-09-17T11:27:11.317+0000] {logging_mixin.py:188} INFO - [2026-09-17T11:27:11.317+0000] {dagbag.py:545} INFO - Filling up the DagBag from /opt/airflow/dags/youtube_dwh_update.py
[2026-09-17T11:27:11.340+0000] {processor.py:840} INFO - DAG(s) 'youtube_dwh_update' retrieved from /opt/airflow/dags/youtube_dwh_update.py
[2026-09-17T11:27:11.367+0000] {logging_mixin.py:188} INFO - [2026-09-17T11:27:11.367+0000] {dag.py:3096} INFO - Sync 1 DAGs
[2026-09-17T11:27:11.393+0000] {logging_mixin.py:188} INFO - [2026-09-17T11:27:11.393+0000] {dag.py:3954} INFO - Setting next_dagrun for youtube_dwh_update to 2026-09-17 00:00:00+00:00, run_after=2026-09-18 00:00:00+00:00
[2026-09-17T11:27:11.427+0000] {processor.py:183} INFO - Processing /opt/airflow/dags/youtube_dwh_update.py took 0.124 seconds
[2026-09-17T11:27:41.626+0000] {processor.py:161} INFO - Started process (PID=1541) to work on /opt/airflow/dags/youtube_dwh_update.py
[2026-09-17T11:27:41.628+0000] {processor.py:830} INFO - Processing file /opt/airflow/dags/youtube_dwh_update.py for tasks to queue
[2026-09-17T11:27:41.631+0000] {logging_mixin.py:188} INFO - [2026-09-17T11:27:41.631+0000] {dagbag.py:545} INFO - Filling up the DagBag from /opt/airflow/dags/youtube_dwh_update.py
[2026-09-17T11:27:41.650+0000] {processor.py:840} INFO - DAG(s) 'youtube_dwh_update' retrieved from /opt/airflow/dags/youtube_dwh_update.py
[2026-09-17T11:27:41.676+0000] {logging_mixin.py:188} INFO - [2026-09-17T11:27:41.676+0000] {dag.py:3096} INFO - Sync 1 DAGs
[2026-09-17T11:27:41.705+0000] {logging_mixin.py:188} INFO - [2026-09-17T11:27:41.705+0000] {dag.py:3954} INFO - Setting next_dagrun for youtube_dwh_update to 2026-09-17 00:00:00+00:00, run_after=2026-09-18 00:00:00+00:00
[2026-09-17T11:27:41.739+0000] {processor.py:183} INFO - Processing /opt/airflow/dags/youtube_dwh_update.py took 0.120 seconds
[2026-09-17T11:28:11.939+0000] {processor.py:161} INFO - Started process (PID=1557) to work on /opt/airflow/dags/youtube_dwh_update.py
[2026-09-17T11:28:11.942+0000] {processor.py:830} INFO - Processing file /opt/airflow/dags/youtube_dwh_update.py for tasks to queue
[2026-09-17T11:28:11.945+0000] {logging_mixin.py:188} INFO - [2026-09-17T11:28:11.944+0000] {dagbag.py:545} INFO - Filling up the DagBag from /opt/airflow/dags/youtube_dwh_update.py
[2026-09-17T11:28:11.964+0000] {processor.py:840} INFO - DAG(s) 'youtube_dwh_update' retrieved from /opt/airflow/dags/youtube_dwh_update.py
[2026-09-17T11:28:11.990+0000] {logging_mixin.py:188} INFO - [2026-09-17T11:28:11.990+0000] {dag.py:3096} INFO - Sync 1 DAGs
[2026-09-17T11:28:12.017+0000] {logging_mixin.py:188} INFO - [2026-09-17T11:28:12.017+0000] {dag.py:3954} INFO - Setting next_dagrun for youtube_dwh_update to 2026-09-17 00:00:00+00:00, run_after=2026-09-18 00:00:00+00:00
[2026-09-17T11:28:12.051+0000] {processor.py:183} INFO - Processing /opt/airflow/dags/youtube_dwh_update.py took 0.119 seconds
[2026-09-17T11:28:42.258+0000] {processor.py:161} INFO - Started process (PID=1573) to work on /opt/airflow/dags/youtube_dwh_update.py
[2026-09-17T11:28:42.260+0000] {processor.py:830} INFO - Processing file /opt/airflow/dags/youtube_dwh_update.py for tasks to queue
[2026-09-17T11:28:42.263+0000] {logging_mixin.py:188} INFO - [2026-09-17T11:28:42.263+0000] {dagbag.py:545} INFO - Filling up the DagBag from /opt/airflow/dags/youtube_dwh_update.py
[2026-09-17T11:28:42.282+0000] {processor.py:840} INFO - DAG(s) 'youtube_dwh_update' retrieved from /opt/airflow/dags/youtube_dwh_update.py
[2026-09-17T11:28:42.309+0000] {logging_mixin.py:188} INFO - [2026-09-17T11:28:42.309+0000] {dag.py:3096} INFO - Sync 1 DAGs
[2026-09-17T11:28:42.336+0000] {logging_mixin.py:188} INFO - [2026-09-17T11:28:42.336+0000] {dag.py:3954} INFO - Setting next_dagrun for youtube_dwh_update to 2026-09-17 00:00:00+00:00, run_after=2026-09-18 00:00:00+00:00
[2026-09-17T11:28:42.368+0000] {processor.py:183} INFO - Processing /opt/airflow/dags/youtube_dwh_update.py took 0.117 seconds
[2026-09-17T11:29:12.571+0000] {processor.py:161} INFO - Started process (PID=1589) to work on /opt/airflow/dags/youtube_dwh_update.py
[2026-09-17T11:29:12.574+0000] {processor.py:830} INFO - Processing file /opt/airflow/dags/youtube_dwh_update.py for tasks to queue
[2026-09-17T11:29:12.576+0000] {logging_mixin.py:188} INFO - [2026-09-17T11:29:12.576+0000] {dagbag.py:545} INFO - Filling up the DagBag from /opt/airflow/dags/youtube_dwh_update.py
[2026-09-17T11:29:12.595+0000] {processor.py:840} INFO - DAG(s) 'youtube_dwh_update' retrieved from /opt/airflow/dags/youtube_dwh_update.py
[2026-09-17T11:29:12.623+0000] {logging_mixin.py:188} INFO - [2026-09-17T11:29:12.623+0000] {dag.py:3096} INFO - Sync 1 DAGs
[2026-09-17T11:29:12.653+0000] {logging_mixin.py:188} INFO - [2026-09-17T11:29:12.653+0000] {dag.py:3954} INFO - Setting next_dagrun for youtube_dwh_update to 2026-09-17 00:00:00+00:00, run_after=2026-09-18 00:00:00+00:00
[2026-09-17T11:29:12.694+0000] {processor.py:183} INFO - Processing /opt/airflow/dags/youtube_dwh_update.py took 0.131 seconds
[2026-09-17T11:29:42.905+0000] {processor.py:161} INFO - Started process (PID=1605) to work on /opt/airflow/dags/youtube_dwh_update.py
[2026-09-17T11:29:42.907+0000] {processor.py:830} INFO - Processing file /opt/airflow/dags/youtube_dwh_update.py for tasks to queue
[2026-09-17T11:29:42.910+0000] {logging_mixin.py:188} INFO - [2026-09-17T11:29:42.910+0000] {dagbag.py:545} INFO - Filling up the DagBag from /opt/airflow/dags/youtube_dwh_update.py
[2026-09-17T11:29:42.930+0000] {processor.py:840} INFO - DAG(s) 'youtube_dwh_update' retrieved from /opt/airflow/dags/youtube_dwh_update.py
[2026-09-17T11:29:42.956+0000] {logging_mixin.py:188} INFO - [2026-09-17T11:29:42.955+0000] {dag.py:3096} INFO - Sync 1 DAGs
[2026-09-17T11:29:42.984+0000] {logging_mixin.py:188} INFO - [2026-09-17T11:29:42.984+0000] {dag.py:3954} INFO - Setting next_dagrun for youtube_dwh_update to 2026-09-17 00:00:00+00:00, run_after=2026-09-18 00:00:00+00:00
[2026-09-17T11:29:43.017+0000] {processor.py:183} INFO - Processing /opt/airflow/dags/youtube_dwh_update.py took 0.119 seconds
[2026-09-17T11:30:13.214+0000] {processor.py:161} INFO - Started process (PID=1621) to work on /opt/airflow/dags/youtube_dwh_update.py
[2026-09-17T11:30:13.216+0000] {processor.py:830} INFO - Processing file /opt/airflow/dags/youtube_dwh_update.py for tasks to queue
[2026-09-17T11:30:13.220+0000] {logging_mixin.py:188} INFO - [2026-09-17T11:30:13.219+0000] {dagbag.py:545} INFO - Filling up the DagBag from /opt/airflow/dags/youtube_dwh_update.py
[2026-09-17T11:30:13.239+0000] {processor.py:840} INFO - DAG(s) 'youtube_dwh_update' retrieved from /opt/airflow/dags/youtube_dwh_update.py
[2026-09-17T11:30:13.265+0000] {logging_mixin.py:188} INFO - [2026-09-17T11:30:13.264+0000] {dag.py:3096} INFO - Sync 1 DAGs
[2026-09-17T11:30:13.291+0000] {logging_mixin.py:188} INFO - [2026-09-17T11:30:13.290+0000] {dag.py:3954} INFO - Setting next_dagrun for youtube_dwh_update to 2026-09-17 00:00:00+00:00, run_after=2026-09-18 00:00:00+00:00
[2026-09-17T11:30:13.325+0000] {processor.py:183} INFO - Processing /opt/airflow/dags/youtube_dwh_update.py took 0.118 seconds
[2026-09-17T11:30:43.526+0000] {processor.py:161} INFO - Started process (PID=1637) to work on /opt/airflow/dags/youtube_dwh_update.py
[2026-09-17T11:30:43.529+0000] {processor.py:830} INFO - Processing file /opt/airflow/dags/youtube_dwh_update.py for tasks to queue
[2026-09-17T11:30:43.531+0000] {logging_mixin.py:188} INFO - [2026-09-17T11:30:43.531+0000] {dagbag.py:545} INFO - Filling up the DagBag from /opt/airflow/dags/youtube_dwh_update.py
[2026-09-17T11:30:43.552+0000] {processor.py:840} INFO - DAG(s) 'youtube_dwh_update' retrieved from /opt/airflow/dags/youtube_dwh_update.py
[2026-09-17T11:30:43.578+0000] {logging_mixin.py:188} INFO - [2026-09-17T11:30:43.578+0000] {dag.py:3096} INFO - Sync 1 DAGs
[2026-09-17T11:30:43.604+0000] {logging_mixin.py:188} INFO - [2026-09-17T11:30:43.604+0000] {dag.py:3954} INFO - Setting next_dagrun for youtube_dwh_update to 2026-09-17 00:00:00+00:00, run_after=2026-09-18 00:00:00+00:00
[2026-09-17T11:30:43.629+0000] {processor.py:183} INFO - Processing /opt/airflow/dags/youtube_dwh_update.py took 0.111 seconds
[2026-09-17T11:31:13.870+0000] {processor.py:161} INFO - Started process (PID=1653) to work on /opt/airflow/dags/youtube_dwh_update.py
[2026-09-17T11:31:13.872+0000] {processor.py:830} INFO - Processing file /opt/airflow/dags/youtube_dwh_update.py for tasks to queue
[2026-09-17T11:31:13.878+0000] {logging_mixin.py:188} INFO - [2026-09-17T11:31:13.878+0000] {dagbag.py:545} INFO - Filling up the DagBag from /opt/airflow/dags/youtube_dwh_update.py
[2026-09-17T11:31:13.899+0000] {processor.py:840} INFO - DAG(s) 'youtube_dwh_update' retrieved from /opt/airflow/dags/youtube_dwh_update.py
[2026-09-17T11:31:13.925+0000] {logging_mixin.py:188} INFO - [2026-09-17T11:31:13.925+0000] {dag.py:3096} INFO - Sync 1 DAGs
[2026-09-17T11:31:13.952+0000] {logging_mixin.py:188} INFO - [2026-09-17T11:31:13.951+0000] {dag.py:3954} INFO - Setting next_dagrun for youtube_dwh_update to 2026-09-17 00:00:00+00:00, run_after=2026-09-18 00:00:00+00:00
[2026-09-17T11:31:13.997+0000] {processor.py:183} INFO - Processing /opt/airflow/dags/youtube_dwh_update.py took 0.134 seconds
[2026-09-17T11:31:44.208+0000] {processor.py:161} INFO - Started process (PID=1669) to work on /opt/airflow/dags/youtube_dwh_update.py
[2026-09-17T11:31:44.211+0000] {processor.py:830} INFO - Processing file /opt/airflow/dags/youtube_dwh_update.py for tasks to queue
[2026-09-17T11:31:44.214+0000] {logging_mixin.py:188} INFO - [2026-09-17T11:31:44.214+0000] {dagbag.py:545} INFO - Filling up the DagBag from /opt/airflow/dags/youtube_dwh_update.py
[2026-09-17T11:31:44.238+0000] {processor.py:840} INFO - DAG(s) 'youtube_dwh_update' retrieved from /opt/airflow/dags/youtube_dwh_update.py
[2026-09-17T11:31:44.268+0000] {logging_mixin.py:188} INFO - [2026-09-17T11:31:44.267+0000] {dag.py:3096} INFO - Sync 1 DAGs
[2026-09-17T11:31:44.295+0000] {logging_mixin.py:188} INFO - [2026-09-17T11:31:44.295+0000] {dag.py:3954} INFO - Setting next_dagrun for youtube_dwh_update to 2026-09-17 00:00:00+00:00, run_after=2026-09-18 00:00:00+00:00
[2026-09-17T11:31:44.320+0000] {processor.py:183} INFO - Processing /opt/airflow/dags/youtube_dwh_update.py took 0.119 seconds
[2026-09-17T11:32:14.517+0000] {processor.py:161} INFO - Started process (PID=1685) to work on /opt/airflow/dags/youtube_dwh_update.py
[2026-09-17T11:32:14.520+0000] {processor.py:830} INFO - Processing file /opt/airflow/dags/youtube_dwh_update.py for tasks to queue
[2026-09-17T11:32:14.523+0000] {logging_mixin.py:188} INFO - [2026-09-17T11:32:14.523+0000] {dagbag.py:545} INFO - Filling up the DagBag from /opt/airflow/dags/youtube_dwh_update.py
[2026-09-17T11:32:14.545+0000] {processor.py:840} INFO - DAG(s) 'youtube_dwh_update' retrieved from /opt/airflow/dags/youtube_dwh_update.py
[2026-09-17T11:32:14.571+0000] {logging_mixin.py:188} INFO - [2026-09-17T11:32:14.571+0000] {dag.py:3096} INFO - Sync 1 DAGs
[2026-09-17T11:32:14.600+0000] {logging_mixin.py:188} INFO - [2026-09-17T11:32:14.600+0000] {dag.py:3954} INFO - Setting next_dagrun for youtube_dwh_update to 2026-09-17 00:00:00+00:00, run_after=2026-09-18 00:00:00+00:00
[2026-09-17T11:32:14.626+0000] {processor.py:183} INFO - Processing /opt/airflow/dags/youtube_dwh_update.py took 0.116 seconds
[2026-09-17T11:32:44.826+0000] {processor.py:161} INFO - Started process (PID=1701) to work on /opt/airflow/dags/youtube_dwh_update.py
[2026-09-17T11:32:44.828+0000] {processor.py:830} INFO - Processing file /opt/airflow/dags/youtube_dwh_update.py for tasks to queue
[2026-09-17T11:32:44.831+0000] {logging_mixin.py:188} INFO - [2026-09-17T11:32:44.831+0000] {dagbag.py:545} INFO - Filling up the DagBag from /opt/airflow/dags/youtube_dwh_update.py
[2026-09-17T11:32:44.849+0000] {processor.py:840} INFO - DAG(s) 'youtube_dwh_update' retrieved from /opt/airflow/dags/youtube_dwh_update.py
[2026-09-17T11:32:44.875+0000] {logging_mixin.py:188} INFO - [2026-09-17T11:32:44.875+0000] {dag.py:3096} INFO - Sync 1 DAGs
[2026-09-17T11:32:44.904+0000] {logging_mixin.py:188} INFO - [2026-09-17T11:32:44.903+0000] {dag.py:3954} INFO - Setting next_dagrun for youtube_dwh_update to 2026-09-17 00:00:00+00:00, run_after=2026-09-18 00:00:00+00:00
[2026-09-17T11:32:44.935+0000] {processor.py:183} INFO - Processing /opt/airflow/dags/youtube_dwh_update.py took 0.117 seconds
[2026-09-17T11:33:15.134+0000] {processor.py:161} INFO - Started process (PID=1717) to work on /opt/airflow/dags/youtube_dwh_update.py
[2026-09-17T11:33:15.137+0000] {processor.py:830} INFO - Processing file /opt/airflow/dags/youtube_dwh_update.py for tasks to queue
[2026-09-17T11:33:15.140+0000] {logging_mixin.py:188} INFO - [2026-09-17T11:33:15.140+0000] {dagbag.py:545} INFO - Filling up the DagBag from /opt/airflow/dags/youtube_dwh_update.py
[2026-09-17T11:33:15.160+0000] {processor.py:840} INFO - DAG(s) 'youtube_dwh_update' retrieved from /opt/airflow/dags/youtube_dwh_update.py
[2026-09-17T11:33:15.185+0000] {logging_mixin.py:188} INFO - [2026-09-17T11:33:15.185+0000] {dag.py:3096} INFO - Sync 1 DAGs
[2026-09-17T11:33:15.211+0000] {logging_mixin.py:188} INFO - [2026-09-17T11:33:15.211+0000] {dag.py:3954} INFO - Setting next_dagrun for youtube_dwh_update to 2026-09-17 00:00:00+00:00, run_after=2026-09-18 00:00:00+00:00
[2026-09-17T11:33:15.244+0000] {processor.py:183} INFO - Processing /opt/airflow/dags/youtube_dwh_update.py took 0.117 seconds
[2026-09-17T11:33:45.448+0000] {processor.py:161} INFO - Started process (PID=1733) to work on /opt/airflow/dags/youtube_dwh_update.py
[2026-09-17T11:33:45.451+0000] {processor.py:830} INFO - Processing file /opt/airflow/dags/youtube_dwh_update.py for tasks to queue
[2026-09-17T11:33:45.454+0000] {logging_mixin.py:188} INFO - [2026-09-17T11:33:45.454+0000] {dagbag.py:545} INFO - Filling up the DagBag from /opt/airflow/dags/youtube_dwh_update.py
[2026-09-17T11:33:45.473+0000] {processor.py:840} INFO - DAG(s) 'youtube_dwh_update' retrieved from /opt/airflow/dags/youtube_dwh_update.py
[2026-09-17T11:33:45.499+0000] {logging_mixin.py:188} INFO - [2026-09-17T11:33:45.498+0000] {dag.py:3096} INFO - Sync 1 DAGs
[2026-09-17T11:33:45.525+0000] {logging_mixin.py:188} INFO - [2026-09-17T11:33:45.524+0000] {dag.py:3954} INFO - Setting next_dagrun for youtube_dwh_update to 2026-09-17 00:00:00+00:00, run_after=2026-09-18 00:00:00+00:00
[2026-09-17T11:33:45.559+0000] {processor.py:183} INFO - Processing /opt/airflow/dags/youtube_dwh_update.py took 0.121 seconds
[2026-09-17T11:34:15.769+0000] {processor.py:161} INFO - Started process (PID=1749) to work on /opt/airflow/dags/youtube_dwh_update.py
[2026-09-17T11:34:15.772+0000] {processor.py:830} INFO - Processing file /opt/airflow/dags/youtube_dwh_update.py for tasks to queue
[2026-09-17T11:34:15.776+0000] {logging_mixin.py:188} INFO - [2026-09-17T11:34:15.775+0000] {dagbag.py:545} INFO - Filling up the DagBag from /opt/airflow/dags/youtube_dwh_update.py
[2026-09-17T11:34:15.799+0000] {processor.py:840} INFO - DAG(s) 'youtube_dwh_update' retrieved from /opt/airflow/dags/youtube_dwh_update.py
[2026-09-17T11:34:15.825+0000] {logging_mixin.py:188} INFO - [2026-09-17T11:34:15.825+0000] {dag.py:3096} INFO - Sync 1 DAGs
[2026-09-17T11:34:15.852+0000] {logging_mixin.py:188} INFO - [2026-09-17T11:34:15.852+0000] {dag.py:3954} INFO - Setting next_dagrun for youtube_dwh_update to 2026-09-17 00:00:00+00:00, run_after=2026-09-18 00:00:00+00:00
[2026-09-17T11:34:15.885+0000] {processor.py:183} INFO - Processing /opt/airflow/dags/youtube_dwh_update.py took 0.126 seconds
[2026-09-17T11:34:46.094+0000] {processor.py:161} INFO - Started process (PID=1765) to work on /opt/airflow/dags/youtube_dwh_update.py
[2026-09-17T11:34:46.096+0000] {processor.py:830} INFO - Processing file /opt/airflow/dags/youtube_dwh_update.py for tasks to queue
[2026-09-17T11:34:46.101+0000] {logging_mixin.py:188} INFO - [2026-09-17T11:34:46.100+0000] {dagbag.py:545} INFO - Filling up the DagBag from /opt/airflow/dags/youtube_dwh_update.py
[2026-09-17T11:34:46.122+0000] {processor.py:840} INFO - DAG(s) 'youtube_dwh_update' retrieved from /opt/airflow/dags/youtube_dwh_update.py
[2026-09-17T11:34:46.156+0000] {logging_mixin.py:188} INFO - [2026-09-17T11:34:46.156+0000] {dag.py:3096} INFO - Sync 1 DAGs
[2026-09-17T11:34:46.188+0000] {logging_mixin.py:188} INFO - [2026-09-17T11:34:46.188+0000] {dag.py:3954} INFO - Setting next_dagrun for youtube_dwh_update to 2026-09-17 00:00:00+00:00, run_after=2026-09-18 00:00:00+00:00
[2026-09-17T11:34:46.221+0000] {processor.py:183} INFO - Processing /opt/airflow/dags/youtube_dwh_update.py took 0.139 seconds
[2026-09-17T11:35:16.435+0000] {processor.py:161} INFO - Started process (PID=1781) to work on /opt/airflow/dags/youtube_dwh_update.py
[2026-09-17T11:35:16.438+0000] {processor.py:830} INFO - Processing file /opt/airflow/dags/youtube_dwh_update.py for tasks to queue
[2026-09-17T11:35:16.441+0000] {logging_mixin.py:188} INFO - [2026-09-17T11:35:16.441+0000] {dagbag.py:545} INFO - Filling up the DagBag from /opt/airflow/dags/youtube_dwh_update.py
[2026-09-17T11:35:16.462+0000] {processor.py:840} INFO - DAG(s) 'youtube_dwh_update' retrieved from /opt/airflow/dags/youtube_dwh_update.py
[2026-09-17T11:35:16.489+0000] {logging_mixin.py:188} INFO - [2026-09-17T11:35:16.489+0000] {dag.py:3096} INFO - Sync 1 DAGs
[2026-09-17T11:35:16.519+0000] {logging_mixin.py:188} INFO - [2026-09-17T11:35:16.519+0000] {dag.py:3954} INFO - Setting next_dagrun for youtube_dwh_update to 2026-09-17 00:00:00+00:00, run_after=2026-09-18 00:00:00+00:00
[2026-09-17T11:35:16.556+0000] {processor.py:183} INFO - Processing /opt/airflow/dags/youtube_dwh_update.py took 0.128 seconds
[2026-09-17T11:35:46.756+0000] {processor.py:161} INFO - Started process (PID=1797) to work on /opt/airflow/dags/youtube_dwh_update.py
[2026-09-17T11:35:46.758+0000] {processor.py:830} INFO - Processing file /opt/airflow/dags/youtube_dwh_update.py for tasks to queue
[2026-09-17T11:35:46.762+0000] {logging_mixin.py:188} INFO - [2026-09-17T11:35:46.761+0000] {dagbag.py:545} INFO - Filling up the DagBag from /opt/airflow/dags/youtube_dwh_update.py
[2026-09-17T11:35:46.781+0000] {processor.py:840} INFO - DAG(s) 'youtube_dwh_update' retrieved from /opt/airflow/dags/youtube_dwh_update.py
[2026-09-17T11:35:46.807+0000] {logging_mixin.py:188} INFO - [2026-09-17T11:35:46.807+0000] {dag.py:3096} INFO - Sync 1 DAGs
[2026-09-17T11:35:46.833+0000] {logging_mixin.py:188} INFO - [2026-09-17T11:35:46.832+0000] {dag.py:3954} INFO - Setting next_dagrun for youtube_dwh_update to 2026-09-17 00:00:00+00:00, run_after=2026-09-18 00:00:00+00:00
[2026-09-17T11:35:46.866+0000] {processor.py:183} INFO - Processing /opt/airflow/dags/youtube_dwh_update.py took 0.117 seconds
[2026-09-17T11:36:17.094+0000] {processor.py:161} INFO - Started process (PID=1813) to work on /opt/airflow/dags/youtube_dwh_update.py
[2026-09-17T11:36:17.096+0000] {processor.py:830} INFO - Processing file /opt/airflow/dags/youtube_dwh_update.py for tasks to queue
[2026-09-17T11:36:17.099+0000] {logging_mixin.py:188} INFO - [2026-09-17T11:36:17.099+0000] {dagbag.py:545} INFO - Filling up the DagBag from /opt/airflow/dags/youtube_dwh_update.py
[2026-09-17T11:36:17.119+0000] {processor.py:840} INFO - DAG(s) 'youtube_dwh_update' retrieved from /opt/airflow/dags/youtube_dwh_update.py
[2026-09-17T11:36:17.147+0000] {logging_mixin.py:188} INFO - [2026-09-17T11:36:17.146+0000] {dag.py:3096} INFO - Sync 1 DAGs
[2026-09-17T11:36:17.178+0000] {logging_mixin.py:188} INFO - [2026-09-17T11:36:17.178+0000] {dag.py:3954} INFO - Setting next_dagrun for youtube_dwh_update to 2026-09-17 00:00:00+00:00, run_after=2026-09-18 00:00:00+00:00
[2026-09-17T11:36:17.221+0000] {processor.py:183} INFO - Processing /opt/airflow/dags/youtube_dwh_update.py took 0.133 seconds
[2026-09-17T11:36:47.420+0000] {processor.py:161} INFO - Started process (PID=1829) to work on /opt/airflow/dags/youtube_dwh_update.py
[2026-09-17T11:36:47.423+0000] {processor.py:830} INFO - Processing file /opt/airflow/dags/youtube_dwh_update.py for tasks to queue
[2026-09-17T11:36:47.426+0000] {logging_mixin.py:188} INFO - [2026-09-17T11:36:47.426+0000] {dagbag.py:545} INFO - Filling up the DagBag from /opt/airflow/dags/youtube_dwh_update.py
[2026-09-17T11:36:47.446+0000] {processor.py:840} INFO - DAG(s) 'youtube_dwh_update' retrieved from /opt/airflow/dags/youtube_dwh_update.py
[2026-09-17T11:36:47.471+0000] {logging_mixin.py:188} INFO - [2026-09-17T11:36:47.471+0000] {dag.py:3096} INFO - Sync 1 DAGs
[2026-09-17T11:36:47.497+0000] {logging_mixin.py:188} INFO - [2026-09-17T11:36:47.496+0000] {dag.py:3954} INFO - Setting next_dagrun for youtube_dwh_update to 2026-09-17 00:00:00+00:00, run_after=2026-09-18 00:00:00+00:00
[2026-09-17T11:36:47.533+0000] {processor.py:183} INFO - Processing /opt/airflow/dags/youtube_dwh_update.py took 0.120 seconds
[2026-09-17T11:37:17.755+0000] {processor.py:161} INFO - Started process (PID=1845) to work on /opt/airflow/dags/youtube_dwh_update.py
[2026-09-17T11:37:17.757+0000] {processor.py:830} INFO - Processing file /opt/airflow/dags/youtube_dwh_update.py for tasks to queue
[2026-09-17T11:37:17.760+0000] {logging_mixin.py:188} INFO - [2026-09-17T11:37:17.760+0000] {dagbag.py:545} INFO - Filling up the DagBag from /opt/airflow/dags/youtube_dwh_update.py
[2026-09-17T11:37:17.781+0000] {processor.py:840} INFO - DAG(s) 'youtube_dwh_update' retrieved from /opt/airflow/dags/youtube_dwh_update.py
[2026-09-17T11:37:17.808+0000] {logging_mixin.py:188} INFO - [2026-09-17T11:37:17.808+0000] {dag.py:3096} INFO - Sync 1 DAGs
[2026-09-17T11:37:17.834+0000] {logging_mixin.py:188} INFO - [2026-09-17T11:37:17.834+0000] {dag.py:3954} INFO - Setting next_dagrun for youtube_dwh_update to 2026-09-17 00:00:00+00:00, run_after=2026-09-18 00:00:00+00:00
[2026-09-17T11:37:17.868+0000] {processor.py:183} INFO - Processing /opt/airflow/dags/youtube_dwh_update.py took 0.121 seconds
[2026-09-17T11:37:48.070+0000] {processor.py:161} INFO - Started process (PID=1861) to work on /opt/airflow/dags/youtube_dwh_update.py
[2026-09-17T11:37:48.073+0000] {processor.py:830} INFO - Processing file /opt/airflow/dags/youtube_dwh_update.py for tasks to queue
[2026-09-17T11:37:48.077+0000] {logging_mixin.py:188} INFO - [2026-09-17T11:37:48.077+0000] {dagbag.py:545} INFO - Filling up the DagBag from /opt/airflow/dags/youtube_dwh_update.py
[2026-09-17T11:37:48.107+0000] {processor.py:840} INFO - DAG(s) 'youtube_dwh_update' retrieved from /opt/airflow/dags/youtube_dwh_update.py
[2026-09-17T11:37:48.137+0000] {logging_mixin.py:188} INFO - [2026-09-17T11:37:48.136+0000] {dag.py:3096} INFO - Sync 1 DAGs
[2026-09-17T11:37:48.165+0000] {logging_mixin.py:188} INFO - [2026-09-17T11:37:48.165+0000] {dag.py:3954} INFO - Setting next_dagrun for youtube_dwh_update to 2026-09-17 00:00:00+00:00, run_after=2026-09-18 00:00:00+00:00
[2026-09-17T11:37:48.198+0000] {processor.py:183} INFO - Processing /opt/airflow/dags/youtube_dwh_update.py took 0.137 seconds
[2026-09-17T11:38:18.399+0000] {processor.py:161} INFO - Started process (PID=1877) to work on /opt/airflow/dags/youtube_dwh_update.py
[2026-09-17T11:38:18.401+0000] {processor.py:830} INFO - Processing file /opt/airflow/dags/youtube_dwh_update.py for tasks to queue
[2026-09-17T11:38:18.404+0000] {logging_mixin.py:188} INFO - [2026-09-17T11:38:18.404+0000] {dagbag.py:545} INFO - Filling up the DagBag from /opt/airflow/dags/youtube_dwh_update.py
[2026-09-17T11:38:18.428+0000] {processor.py:840} INFO - DAG(s) 'youtube_dwh_update' retrieved from /opt/airflow/dags/youtube_dwh_update.py
[2026-09-17T11:38:18.457+0000] {logging_mixin.py:188} INFO - [2026-09-17T11:38:18.457+0000] {dag.py:3096} INFO - Sync 1 DAGs
[2026-09-17T11:38:18.489+0000] {logging_mixin.py:188} INFO - [2026-09-17T11:38:18.488+0000] {dag.py:3954} INFO - Setting next_dagrun for youtube_dwh_update to 2026-09-17 00:00:00+00:00, run_after=2026-09-18 00:00:00+00:00
[2026-09-17T11:38:18.524+0000] {processor.py:183} INFO - Processing /opt/airflow/dags/youtube_dwh_update.py took 0.132 seconds
[2026-09-17T11:38:48.731+0000] {processor.py:161} INFO - Started process (PID=1893) to work on /opt/airflow/dags/youtube_dwh_update.py
[2026-09-17T11:38:48.734+0000] {processor.py:830} INFO - Processing file /opt/airflow/dags/youtube_dwh_update.py for tasks to queue
[2026-09-17T11:38:48.738+0000] {logging_mixin.py:188} INFO - [2026-09-17T11:38:48.738+0000] {dagbag.py:545} INFO - Filling up the DagBag from /opt/airflow/dags/youtube_dwh_update.py
[2026-09-17T11:38:48.759+0000] {processor.py:840} INFO - DAG(s) 'youtube_dwh_update' retrieved from /opt/airflow/dags/youtube_dwh_update.py
[2026-09-17T11:38:48.787+0000] {logging_mixin.py:188} INFO - [2026-09-17T11:38:48.787+0000] {dag.py:3096} INFO - Sync 1 DAGs
[2026-09-17T11:38:48.814+0000] {logging_mixin.py:188} INFO - [2026-09-17T11:38:48.814+0000] {dag.py:3954} INFO - Setting next_dagrun for youtube_dwh_update to 2026-09-17 00:00:00+00:00, run_after=2026-09-18 00:00:00+00:00
[2026-09-17T11:38:48.855+0000] {processor.py:183} INFO - Processing /opt/airflow/dags/youtube_dwh_update.py took 0.130 seconds
[2026-09-17T11:39:19.053+0000] {processor.py:161} INFO - Started process (PID=1909) to work on /opt/airflow/dags/youtube_dwh_update.py
[2026-09-17T11:39:19.055+0000] {processor.py:830} INFO - Processing file /opt/airflow/dags/youtube_dwh_update.py for tasks to queue
[2026-09-17T11:39:19.059+0000] {logging_mixin.py:188} INFO - [2026-09-17T11:39:19.058+0000] {dagbag.py:545} INFO - Filling up the DagBag from /opt/airflow/dags/youtube_dwh_update.py
[2026-09-17T11:39:19.077+0000] {processor.py:840} INFO - DAG(s) 'youtube_dwh_update' retrieved from /opt/airflow/dags/youtube_dwh_update.py
[2026-09-17T11:39:19.105+0000] {logging_mixin.py:188} INFO - [2026-09-17T11:39:19.104+0000] {dag.py:3096} INFO - Sync 1 DAGs
[2026-09-17T11:39:19.136+0000] {logging_mixin.py:188} INFO - [2026-09-17T11:39:19.136+0000] {dag.py:3954} INFO - Setting next_dagrun for youtube_dwh_update to 2026-09-17 00:00:00+00:00, run_after=2026-09-18 00:00:00+00:00
[2026-09-17T11:39:19.170+0000] {processor.py:183} INFO - Processing /opt/airflow/dags/youtube_dwh_update.py took 0.124 seconds
[2026-09-17T11:39:49.382+0000] {processor.py:161} INFO - Started process (PID=1925) to work on /opt/airflow/dags/youtube_dwh_update.py
[2026-09-17T11:39:49.385+0000] {processor.py:830} INFO - Processing file /opt/airflow/dags/youtube_dwh_update.py for tasks to queue
[2026-09-17T11:39:49.389+0000] {logging_mixin.py:188} INFO - [2026-09-17T11:39:49.388+0000] {dagbag.py:545} INFO - Filling up the DagBag from /opt/airflow/dags/youtube_dwh_update.py
[2026-09-17T11:39:49.410+0000] {processor.py:840} INFO - DAG(s) 'youtube_dwh_update' retrieved from /opt/airflow/dags/youtube_dwh_update.py
[2026-09-17T11:39:49.439+0000] {logging_mixin.py:188} INFO - [2026-09-17T11:39:49.439+0000] {dag.py:3096} INFO - Sync 1 DAGs
[2026-09-17T11:39:49.468+0000] {logging_mixin.py:188} INFO - [2026-09-17T11:39:49.467+0000] {dag.py:3954} INFO - Setting next_dagrun for youtube_dwh_update to 2026-09-17 00:00:00+00:00, run_after=2026-09-18 00:00:00+00:00
[2026-09-17T11:39:49.503+0000] {processor.py:183} INFO - Processing /opt/airflow/dags/youtube_dwh_update.py took 0.130 seconds
[2026-09-17T11:40:19.709+0000] {processor.py:161} INFO - Started process (PID=1941) to work on /opt/airflow/dags/youtube_dwh_update.py
[2026-09-17T11:40:19.711+0000] {processor.py:830} INFO - Processing file /opt/airflow/dags/youtube_dwh_update.py for tasks to queue
[2026-09-17T11:40:19.714+0000] {logging_mixin.py:188} INFO - [2026-09-17T11:40:19.714+0000] {dagbag.py:545} INFO - Filling up the DagBag from /opt/airflow/dags/youtube_dwh_update.py
[2026-09-17T11:40:19.733+0000] {processor.py:840} INFO - DAG(s) 'youtube_dwh_update' retrieved from /opt/airflow/dags/youtube_dwh_update.py
[2026-09-17T11:40:19.760+0000] {logging_mixin.py:188} INFO - [2026-09-17T11:40:19.759+0000] {dag.py:3096} INFO - Sync 1 DAGs
[2026-09-17T11:40:19.787+0000] {logging_mixin.py:188} INFO - [2026-09-17T11:40:19.786+0000] {dag.py:3954} INFO - Setting next_dagrun for youtube_dwh_update to 2026-09-17 00:00:00+00:00, run_after=2026-09-18 00:00:00+00:00
[2026-09-17T11:40:19.820+0000] {processor.py:183} INFO - Processing /opt/airflow/dags/youtube_dwh_update.py took 0.119 seconds
[2026-09-17T11:40:50.020+0000] {processor.py:161} INFO - Started process (PID=1957) to work on /opt/airflow/dags/youtube_dwh_update.py
[2026-09-17T11:40:50.023+0000] {processor.py:830} INFO - Processing file /opt/airflow/dags/youtube_dwh_update.py for tasks to queue
[2026-09-17T11:40:50.027+0000] {logging_mixin.py:188} INFO - [2026-09-17T11:40:50.026+0000] {dagbag.py:545} INFO - Filling up the DagBag from /opt/airflow/dags/youtube_dwh_update.py
[2026-09-17T11:40:50.046+0000] {processor.py:840} INFO - DAG(s) 'youtube_dwh_update' retrieved from /opt/airflow/dags/youtube_dwh_update.py
[2026-09-17T11:40:50.076+0000] {logging_mixin.py:188} INFO - [2026-09-17T11:40:50.075+0000] {dag.py:3096} INFO - Sync 1 DAGs
[2026-09-17T11:40:50.108+0000] {logging_mixin.py:188} INFO - [2026-09-17T11:40:50.108+0000] {dag.py:3954} INFO - Setting next_dagrun for youtube_dwh_update to 2026-09-17 00:00:00+00:00, run_after=2026-09-18 00:00:00+00:00
[2026-09-17T11:40:50.144+0000] {processor.py:183} INFO - Processing /opt/airflow/dags/youtube_dwh_update.py took 0.131 seconds
[2026-09-17T11:41:20.363+0000] {processor.py:161} INFO - Started process (PID=1973) to work on /opt/airflow/dags/youtube_dwh_update.py
[2026-09-17T11:41:20.365+0000] {processor.py:830} INFO - Processing file /opt/airflow/dags/youtube_dwh_update.py for tasks to queue
[2026-09-17T11:41:20.368+0000] {logging_mixin.py:188} INFO - [2026-09-17T11:41:20.368+0000] {dagbag.py:545} INFO - Filling up the DagBag from /opt/airflow/dags/youtube_dwh_update.py
[2026-09-17T11:41:20.389+0000] {processor.py:840} INFO - DAG(s) 'youtube_dwh_update' retrieved from /opt/airflow/dags/youtube_dwh_update.py
[2026-09-17T11:41:20.418+0000] {logging_mixin.py:188} INFO - [2026-09-17T11:41:20.417+0000] {dag.py:3096} INFO - Sync 1 DAGs
[2026-09-17T11:41:20.448+0000] {logging_mixin.py:188} INFO - [2026-09-17T11:41:20.448+0000] {dag.py:3954} INFO - Setting next_dagrun for youtube_dwh_update to 2026-09-17 00:00:00+00:00, run_after=2026-09-18 00:00:00+00:00
[2026-09-17T11:41:20.477+0000] {processor.py:183} INFO - Processing /opt/airflow/dags/youtube_dwh_update.py took 0.123 seconds
[2026-09-17T11:41:50.691+0000] {processor.py:161} INFO - Started process (PID=1989) to work on /opt/airflow/dags/youtube_dwh_update.py
[2026-09-17T11:41:50.693+0000] {processor.py:830} INFO - Processing file /opt/airflow/dags/youtube_dwh_update.py for tasks to queue
[2026-09-17T11:41:50.697+0000] {logging_mixin.py:188} INFO - [2026-09-17T11:41:50.696+0000] {dagbag.py:545} INFO - Filling up the DagBag from /opt/airflow/dags/youtube_dwh_update.py
[2026-09-17T11:41:50.715+0000] {processor.py:840} INFO - DAG(s) 'youtube_dwh_update' retrieved from /opt/airflow/dags/youtube_dwh_update.py
[2026-09-17T11:41:50.742+0000] {logging_mixin.py:188} INFO - [2026-09-17T11:41:50.741+0000] {dag.py:3096} INFO - Sync 1 DAGs
[2026-09-17T11:41:50.769+0000] {logging_mixin.py:188} INFO - [2026-09-17T11:41:50.769+0000] {dag.py:3954} INFO - Setting next_dagrun for youtube_dwh_update to 2026-09-17 00:00:00+00:00, run_after=2026-09-18 00:00:00+00:00
[2026-09-17T11:41:50.803+0000] {processor.py:183} INFO - Processing /opt/airflow/dags/youtube_dwh_update.py took 0.121 seconds
[2026-09-17T11:42:21.002+0000] {processor.py:161} INFO - Started process (PID=2005) to work on /opt/airflow/dags/youtube_dwh_update.py
[2026-09-17T11:42:21.005+0000] {processor.py:830} INFO - Processing file /opt/airflow/dags/youtube_dwh_update.py for tasks to queue
[2026-09-17T11:42:21.008+0000] {logging_mixin.py:188} INFO - [2026-09-17T11:42:21.008+0000] {dagbag.py:545} INFO - Filling up the DagBag from /opt/airflow/dags/youtube_dwh_update.py
[2026-09-17T11:42:21.027+0000] {processor.py:840} INFO - DAG(s) 'youtube_dwh_update' retrieved from /opt/airflow/dags/youtube_dwh_update.py
[2026-09-17T11:42:21.054+0000] {logging_mixin.py:188} INFO - [2026-09-17T11:42:21.054+0000] {dag.py:3096} INFO - Sync 1 DAGs
[2026-09-17T11:42:21.083+0000] {logging_mixin.py:188} INFO - [2026-09-17T11:42:21.082+0000] {dag.py:3954} INFO - Setting next_dagrun for youtube_dwh_update to 2026-09-17 00:00:00+00:00, run_after=2026-09-18 00:00:00+00:00
[2026-09-17T11:42:21.119+0000] {processor.py:183} INFO - Processing /opt/airflow/dags/youtube_dwh_update.py took 0.125 seconds
[2026-09-17T11:42:51.324+0000] {processor.py:161} INFO - Started process (PID=2021) to work on /opt/airflow/dags/youtube_dwh_update.py
[2026-09-17T11:42:51.327+0000] {processor.py:830} INFO - Processing file /opt/airflow/dags/youtube_dwh_update.py for tasks to queue
[2026-09-17T11:42:51.331+0000] {logging_mixin.py:188} INFO - [2026-09-17T11:42:51.330+0000] {dagbag.py:545} INFO - Filling up the DagBag from /opt/airflow/dags/youtube_dwh_update.py
[2026-09-17T11:42:51.351+0000] {processor.py:840} INFO - DAG(s) 'youtube_dwh_update' retrieved from /opt/airflow/dags/youtube_dwh_update.py
[2026-09-17T11:42:51.377+0000] {logging_mixin.py:188} INFO - [2026-09-17T11:42:51.377+0000] {dag.py:3096} INFO - Sync 1 DAGs
[2026-09-17T11:42:51.403+0000] {logging_mixin.py:188} INFO - [2026-09-17T11:42:51.403+0000] {dag.py:3954} INFO - Setting next_dagrun for youtube_dwh_update to 2026-09-17 00:00:00+00:00, run_after=2026-09-18 00:00:00+00:00
[2026-09-17T11:42:51.437+0000] {processor.py:183} INFO - Processing /opt/airflow/dags/youtube_dwh_update.py took 0.120 seconds
[2026-09-17T11:43:21.644+0000] {processor.py:161} INFO - Started process (PID=2037) to work on /opt/airflow/dags/youtube_dwh_update.py
[2026-09-17T11:43:21.647+0000] {processor.py:830} INFO - Processing file /opt/airflow/dags/youtube_dwh_update.py for tasks to queue
[2026-09-17T11:43:21.650+0000] {logging_mixin.py:188} INFO - [2026-09-17T11:43:21.650+0000] {dagbag.py:545} INFO - Filling up the DagBag from /opt/airflow/dags/youtube_dwh_update.py
[2026-09-17T11:43:21.671+0000] {processor.py:840} INFO - DAG(s) 'youtube_dwh_update' retrieved from /opt/airflow/dags/youtube_dwh_update.py
[2026-09-17T11:43:21.698+0000] {logging_mixin.py:188} INFO - [2026-09-17T11:43:21.698+0000] {dag.py:3096} INFO - Sync 1 DAGs
[2026-09-17T11:43:21.733+0000] {logging_mixin.py:188} INFO - [2026-09-17T11:43:21.733+0000] {dag.py:3954} INFO - Setting next_dagrun for youtube_dwh_update to 2026-09-17 00:00:00+00:00, run_after=2026-09-18 00:00:00+00:00
[2026-09-17T11:43:21.762+0000] {processor.py:183} INFO - Processing /opt/airflow/dags/youtube_dwh_update.py took 0.126 seconds
[2026-09-17T11:43:51.987+0000] {processor.py:161} INFO - Started process (PID=2052) to work on /opt/airflow/dags/youtube_dwh_update.py
[2026-09-17T11:43:51.989+0000] {processor.py:830} INFO - Processing file /opt/airflow/dags/youtube_dwh_update.py for tasks to queue
[2026-09-17T11:43:51.993+0000] {logging_mixin.py:188} INFO - [2026-09-17T11:43:51.992+0000] {dagbag.py:545} INFO - Filling up the DagBag from /opt/airflow/dags/youtube_dwh_update.py
[2026-09-17T11:43:52.019+0000] {processor.py:840} INFO - DAG(s) 'youtube_dwh_update' retrieved from /opt/airflow/dags/youtube_dwh_update.py
[2026-09-17T11:43:52.054+0000] {logging_mixin.py:188} INFO - [2026-09-17T11:43:52.053+0000] {dag.py:3096} INFO - Sync 1 DAGs
[2026-09-17T11:43:52.087+0000] {logging_mixin.py:188} INFO - [2026-09-17T11:43:52.087+0000] {dag.py:3954} INFO - Setting next_dagrun for youtube_dwh_update to 2026-09-17 00:00:00+00:00, run_after=2026-09-18 00:00:00+00:00
[2026-09-17T11:43:52.127+0000] {processor.py:183} INFO - Processing /opt/airflow/dags/youtube_dwh_update.py took 0.150 seconds
[2026-09-17T11:44:22.324+0000] {processor.py:161} INFO - Started process (PID=2068) to work on /opt/airflow/dags/youtube_dwh_update.py
[2026-09-17T11:44:22.327+0000] {processor.py:830} INFO - Processing file /opt/airflow/dags/youtube_dwh_update.py for tasks to queue
[2026-09-17T11:44:22.331+0000] {logging_mixin.py:188} INFO - [2026-09-17T11:44:22.330+0000] {dagbag.py:545} INFO - Filling up the DagBag from /opt/airflow/dags/youtube_dwh_update.py
[2026-09-17T11:44:22.350+0000] {processor.py:840} INFO - DAG(s) 'youtube_dwh_update' retrieved from /opt/airflow/dags/youtube_dwh_update.py
[2026-09-17T11:44:22.376+0000] {logging_mixin.py:188} INFO - [2026-09-17T11:44:22.376+0000] {dag.py:3096} INFO - Sync 1 DAGs
[2026-09-17T11:44:22.403+0000] {logging_mixin.py:188} INFO - [2026-09-17T11:44:22.403+0000] {dag.py:3954} INFO - Setting next_dagrun for youtube_dwh_update to 2026-09-17 00:00:00+00:00, run_after=2026-09-18 00:00:00+00:00
[2026-09-17T11:44:22.435+0000] {processor.py:183} INFO - Processing /opt/airflow/dags/youtube_dwh_update.py took 0.119 seconds
[2026-09-17T11:44:52.643+0000] {processor.py:161} INFO - Started process (PID=2084) to work on /opt/airflow/dags/youtube_dwh_update.py
[2026-09-17T11:44:52.645+0000] {processor.py:830} INFO - Processing file /opt/airflow/dags/youtube_dwh_update.py for tasks to queue
[2026-09-17T11:44:52.657+0000] {logging_mixin.py:188} INFO - [2026-09-17T11:44:52.656+0000] {dagbag.py:545} INFO - Filling up the DagBag from /opt/airflow/dags/youtube_dwh_update.py
[2026-09-17T11:44:52.677+0000] {processor.py:840} INFO - DAG(s) 'youtube_dwh_update' retrieved from /opt/airflow/dags/youtube_dwh_update.py
[2026-09-17T11:44:52.703+0000] {logging_mixin.py:188} INFO - [2026-09-17T11:44:52.703+0000] {dag.py:3096} INFO - Sync 1 DAGs
[2026-09-17T11:44:52.731+0000] {logging_mixin.py:188} INFO - [2026-09-17T11:44:52.731+0000] {dag.py:3954} INFO - Setting next_dagrun for youtube_dwh_update to 2026-09-17 00:00:00+00:00, run_after=2026-09-18 00:00:00+00:00
[2026-09-17T11:44:52.758+0000] {processor.py:183} INFO - Processing /opt/airflow/dags/youtube_dwh_update.py took 0.122 seconds
[2026-09-17T11:45:22.965+0000] {processor.py:161} INFO - Started process (PID=2100) to work on /opt/airflow/dags/youtube_dwh_update.py
[2026-09-17T11:45:22.967+0000] {processor.py:830} INFO - Processing file /opt/airflow/dags/youtube_dwh_update.py for tasks to queue
[2026-09-17T11:45:22.970+0000] {logging_mixin.py:188} INFO - [2026-09-17T11:45:22.970+0000] {dagbag.py:545} INFO - Filling up the DagBag from /opt/airflow/dags/youtube_dwh_update.py
[2026-09-17T11:45:22.989+0000] {processor.py:840} INFO - DAG(s) 'youtube_dwh_update' retrieved from /opt/airflow/dags/youtube_dwh_update.py
[2026-09-17T11:45:23.016+0000] {logging_mixin.py:188} INFO - [2026-09-17T11:45:23.015+0000] {dag.py:3096} INFO - Sync 1 DAGs
[2026-09-17T11:45:23.042+0000] {logging_mixin.py:188} INFO - [2026-09-17T11:45:23.041+0000] {dag.py:3954} INFO - Setting next_dagrun for youtube_dwh_update to 2026-09-17 00:00:00+00:00, run_after=2026-09-18 00:00:00+00:00
[2026-09-17T11:45:23.077+0000] {processor.py:183} INFO - Processing /opt/airflow/dags/youtube_dwh_update.py took 0.120 seconds
[2026-09-17T11:45:53.274+0000] {processor.py:161} INFO - Started process (PID=2116) to work on /opt/airflow/dags/youtube_dwh_update.py
[2026-09-17T11:45:53.277+0000] {processor.py:830} INFO - Processing file /opt/airflow/dags/youtube_dwh_update.py for tasks to queue
[2026-09-17T11:45:53.280+0000] {logging_mixin.py:188} INFO - [2026-09-17T11:45:53.280+0000] {dagbag.py:545} INFO - Filling up the DagBag from /opt/airflow/dags/youtube_dwh_update.py
[2026-09-17T11:45:53.300+0000] {processor.py:840} INFO - DAG(s) 'youtube_dwh_update' retrieved from /opt/airflow/dags/youtube_dwh_update.py
[2026-09-17T11:45:53.326+0000] {logging_mixin.py:188} INFO - [2026-09-17T11:45:53.326+0000] {dag.py:3096} INFO - Sync 1 DAGs
[2026-09-17T11:45:53.354+0000] {logging_mixin.py:188} INFO - [2026-09-17T11:45:53.354+0000] {dag.py:3954} INFO - Setting next_dagrun for youtube_dwh_update to 2026-09-17 00:00:00+00:00, run_after=2026-09-18 00:00:00+00:00
[2026-09-17T11:45:53.387+0000] {processor.py:183} INFO - Processing /opt/airflow/dags/youtube_dwh_update.py took 0.119 seconds
[2026-09-17T11:46:23.606+0000] {processor.py:161} INFO - Started process (PID=2132) to work on /opt/airflow/dags/youtube_dwh_update.py
[2026-09-17T11:46:23.610+0000] {processor.py:830} INFO - Processing file /opt/airflow/dags/youtube_dwh_update.py for tasks to queue
[2026-09-17T11:46:23.614+0000] {logging_mixin.py:188} INFO - [2026-09-17T11:46:23.613+0000] {dagbag.py:545} INFO - Filling up the DagBag from /opt/airflow/dags/youtube_dwh_update.py
[2026-09-17T11:46:23.638+0000] {processor.py:840} INFO - DAG(s) 'youtube_dwh_update' retrieved from /opt/airflow/dags/youtube_dwh_update.py
[2026-09-17T11:46:23.663+0000] {logging_mixin.py:188} INFO - [2026-09-17T11:46:23.663+0000] {dag.py:3096} INFO - Sync 1 DAGs
[2026-09-17T11:46:23.691+0000] {logging_mixin.py:188} INFO - [2026-09-17T11:46:23.691+0000] {dag.py:3954} INFO - Setting next_dagrun for youtube_dwh_update to 2026-09-17 00:00:00+00:00, run_after=2026-09-18 00:00:00+00:00
[2026-09-17T11:46:23.725+0000] {processor.py:183} INFO - Processing /opt/airflow/dags/youtube_dwh_update.py took 0.129 seconds
[2026-09-17T11:46:53.933+0000] {processor.py:161} INFO - Started process (PID=2148) to work on /opt/airflow/dags/youtube_dwh_update.py
[2026-09-17T11:46:53.936+0000] {processor.py:830} INFO - Processing file /opt/airflow/dags/youtube_dwh_update.py for tasks to queue
[2026-09-17T11:46:53.940+0000] {logging_mixin.py:188} INFO - [2026-09-17T11:46:53.940+0000] {dagbag.py:545} INFO - Filling up the DagBag from /opt/airflow/dags/youtube_dwh_update.py
[2026-09-17T11:46:53.960+0000] {processor.py:840} INFO - DAG(s) 'youtube_dwh_update' retrieved from /opt/airflow/dags/youtube_dwh_update.py
[2026-09-17T11:46:53.989+0000] {logging_mixin.py:188} INFO - [2026-09-17T11:46:53.988+0000] {dag.py:3096} INFO - Sync 1 DAGs
[2026-09-17T11:46:54.016+0000] {logging_mixin.py:188} INFO - [2026-09-17T11:46:54.016+0000] {dag.py:3954} INFO - Setting next_dagrun for youtube_dwh_update to 2026-09-17 00:00:00+00:00, run_after=2026-09-18 00:00:00+00:00
[2026-09-17T11:46:54.050+0000] {processor.py:183} INFO - Processing /opt/airflow/dags/youtube_dwh_update.py took 0.124 seconds
[2026-09-17T11:47:24.251+0000] {processor.py:161} INFO - Started process (PID=2164) to work on /opt/airflow/dags/youtube_dwh_update.py
[2026-09-17T11:47:24.253+0000] {processor.py:830} INFO - Processing file /opt/airflow/dags/youtube_dwh_update.py for tasks to queue
[2026-09-17T11:47:24.258+0000] {logging_mixin.py:188} INFO - [2026-09-17T11:47:24.257+0000] {dagbag.py:545} INFO - Filling up the DagBag from /opt/airflow/dags/youtube_dwh_update.py
[2026-09-17T11:47:24.277+0000] {processor.py:840} INFO - DAG(s) 'youtube_dwh_update' retrieved from /opt/airflow/dags/youtube_dwh_update.py
[2026-09-17T11:47:24.304+0000] {logging_mixin.py:188} INFO - [2026-09-17T11:47:24.304+0000] {dag.py:3096} INFO - Sync 1 DAGs
[2026-09-17T11:47:24.332+0000] {logging_mixin.py:188} INFO - [2026-09-17T11:47:24.331+0000] {dag.py:3954} INFO - Setting next_dagrun for youtube_dwh_update to 2026-09-17 00:00:00+00:00, run_after=2026-09-18 00:00:00+00:00
[2026-09-17T11:47:24.360+0000] {processor.py:183} INFO - Processing /opt/airflow/dags/youtube_dwh_update.py took 0.116 seconds
[2026-09-17T11:47:54.583+0000] {processor.py:161} INFO - Started process (PID=2180) to work on /opt/airflow/dags/youtube_dwh_update.py
[2026-09-17T11:47:54.586+0000] {processor.py:830} INFO - Processing file /opt/airflow/dags/youtube_dwh_update.py for tasks to queue
[2026-09-17T11:47:54.590+0000] {logging_mixin.py:188} INFO - [2026-09-17T11:47:54.589+0000] {dagbag.py:545} INFO - Filling up the DagBag from /opt/airflow/dags/youtube_dwh_update.py
[2026-09-17T11:47:54.613+0000] {processor.py:840} INFO - DAG(s) 'youtube_dwh_update' retrieved from /opt/airflow/dags/youtube_dwh_update.py
[2026-09-17T11:47:54.640+0000] {logging_mixin.py:188} INFO - [2026-09-17T11:47:54.640+0000] {dag.py:3096} INFO - Sync 1 DAGs
[2026-09-17T11:47:54.666+0000] {logging_mixin.py:188} INFO - [2026-09-17T11:47:54.666+0000] {dag.py:3954} INFO - Setting next_dagrun for youtube_dwh_update to 2026-09-17 00:00:00+00:00, run_after=2026-09-18 00:00:00+00:00
[2026-09-17T11:47:54.698+0000] {processor.py:183} INFO - Processing /opt/airflow/dags/youtube_dwh_update.py took 0.124 seconds
[2026-09-17T11:48:24.906+0000] {processor.py:161} INFO - Started process (PID=2196) to work on /opt/airflow/dags/youtube_dwh_update.py
[2026-09-17T11:48:24.909+0000] {processor.py:830} INFO - Processing file /opt/airflow/dags/youtube_dwh_update.py for tasks to queue
[2026-09-17T11:48:24.912+0000] {logging_mixin.py:188} INFO - [2026-09-17T11:48:24.912+0000] {dagbag.py:545} INFO - Filling up the DagBag from /opt/airflow/dags/youtube_dwh_update.py
[2026-09-17T11:48:24.933+0000] {processor.py:840} INFO - DAG(s) 'youtube_dwh_update' retrieved from /opt/airflow/dags/youtube_dwh_update.py
[2026-09-17T11:48:24.963+0000] {logging_mixin.py:188} INFO - [2026-09-17T11:48:24.963+0000] {dag.py:3096} INFO - Sync 1 DAGs
[2026-09-17T11:48:25.012+0000] {logging_mixin.py:188} INFO - [2026-09-17T11:48:25.010+0000] {dag.py:3954} INFO - Setting next_dagrun for youtube_dwh_update to 2026-09-17 00:00:00+00:00, run_after=2026-09-18 00:00:00+00:00
[2026-09-17T11:48:25.053+0000] {processor.py:183} INFO - Processing /opt/airflow/dags/youtube_dwh_update.py took 0.155 seconds
[2026-09-17T11:48:55.260+0000] {processor.py:161} INFO - Started process (PID=2212) to work on /opt/airflow/dags/youtube_dwh_update.py
[2026-09-17T11:48:55.262+0000] {processor.py:830} INFO - Processing file /opt/airflow/dags/youtube_dwh_update.py for tasks to queue
[2026-09-17T11:48:55.265+0000] {logging_mixin.py:188} INFO - [2026-09-17T11:48:55.265+0000] {dagbag.py:545} INFO - Filling up the DagBag from /opt/airflow/dags/youtube_dwh_update.py
[2026-09-17T11:48:55.285+0000] {processor.py:840} INFO - DAG(s) 'youtube_dwh_update' retrieved from /opt/airflow/dags/youtube_dwh_update.py
[2026-09-17T11:48:55.312+0000] {logging_mixin.py:188} INFO - [2026-09-17T11:48:55.311+0000] {dag.py:3096} INFO - Sync 1 DAGs
[2026-09-17T11:48:55.338+0000] {logging_mixin.py:188} INFO - [2026-09-17T11:48:55.338+0000] {dag.py:3954} INFO - Setting next_dagrun for youtube_dwh_update to 2026-09-17 00:00:00+00:00, run_after=2026-09-18 00:00:00+00:00
[2026-09-17T11:48:55.362+0000] {processor.py:183} INFO - Processing /opt/airflow/dags/youtube_dwh_update.py took 0.110 seconds
[2026-09-17T11:49:25.586+0000] {processor.py:161} INFO - Started process (PID=2228) to work on /opt/airflow/dags/youtube_dwh_update.py
[2026-09-17T11:49:25.589+0000] {processor.py:830} INFO - Processing file /opt/airflow/dags/youtube_dwh_update.py for tasks to queue
[2026-09-17T11:49:25.594+0000] {logging_mixin.py:188} INFO - [2026-09-17T11:49:25.593+0000] {dagbag.py:545} INFO - Filling up the DagBag from /opt/airflow/dags/youtube_dwh_update.py
[2026-09-17T11:49:25.614+0000] {processor.py:840} INFO - DAG(s) 'youtube_dwh_update' retrieved from /opt/airflow/dags/youtube_dwh_update.py
[2026-09-17T11:49:25.643+0000] {logging_mixin.py:188} INFO - [2026-09-17T11:49:25.643+0000] {dag.py:3096} INFO - Sync 1 DAGs
[2026-09-17T11:49:25.670+0000] {logging_mixin.py:188} INFO - [2026-09-17T11:49:25.670+0000] {dag.py:3954} INFO - Setting next_dagrun for youtube_dwh_update to 2026-09-17 00:00:00+00:00, run_after=2026-09-18 00:00:00+00:00
[2026-09-17T11:49:25.706+0000] {processor.py:183} INFO - Processing /opt/airflow/dags/youtube_dwh_update.py took 0.127 seconds
[2026-09-17T11:49:55.918+0000] {processor.py:161} INFO - Started process (PID=2244) to work on /opt/airflow/dags/youtube_dwh_update.py
[2026-09-17T11:49:55.920+0000] {processor.py:830} INFO - Processing file /opt/airflow/dags/youtube_dwh_update.py for tasks to queue
[2026-09-17T11:49:55.924+0000] {logging_mixin.py:188} INFO - [2026-09-17T11:49:55.924+0000] {dagbag.py:545} INFO - Filling up the DagBag from /opt/airflow/dags/youtube_dwh_update.py
[2026-09-17T11:49:55.956+0000] {processor.py:840} INFO - DAG(s) 'youtube_dwh_update' retrieved from /opt/airflow/dags/youtube_dwh_update.py
[2026-09-17T11:49:55.981+0000] {logging_mixin.py:188} INFO - [2026-09-17T11:49:55.981+0000] {dag.py:3096} INFO - Sync 1 DAGs
[2026-09-17T11:49:56.008+0000] {logging_mixin.py:188} INFO - [2026-09-17T11:49:56.008+0000] {dag.py:3954} INFO - Setting next_dagrun for youtube_dwh_update to 2026-09-17 00:00:00+00:00, run_after=2026-09-18 00:00:00+00:00
[2026-09-17T11:49:56.041+0000] {processor.py:183} INFO - Processing /opt/airflow/dags/youtube_dwh_update.py took 0.133 seconds
[2026-09-17T11:50:26.239+0000] {processor.py:161} INFO - Started process (PID=2266) to work on /opt/airflow/dags/youtube_dwh_update.py
[2026-09-17T11:50:26.242+0000] {processor.py:830} INFO - Processing file /opt/airflow/dags/youtube_dwh_update.py for tasks to queue
[2026-09-17T11:50:26.245+0000] {logging_mixin.py:188} INFO - [2026-09-17T11:50:26.245+0000] {dagbag.py:545} INFO - Filling up the DagBag from /opt/airflow/dags/youtube_dwh_update.py
[2026-09-17T11:50:26.266+0000] {processor.py:840} INFO - DAG(s) 'youtube_dwh_update' retrieved from /opt/airflow/dags/youtube_dwh_update.py
[2026-09-17T11:50:26.291+0000] {logging_mixin.py:188} INFO - [2026-09-17T11:50:26.291+0000] {dag.py:3096} INFO - Sync 1 DAGs
[2026-09-17T11:50:26.319+0000] {logging_mixin.py:188} INFO - [2026-09-17T11:50:26.318+0000] {dag.py:3954} INFO - Setting next_dagrun for youtube_dwh_update to 2026-09-17 00:00:00+00:00, run_after=2026-09-18 00:00:00+00:00
[2026-09-17T11:50:26.353+0000] {processor.py:183} INFO - Processing /opt/airflow/dags/youtube_dwh_update.py took 0.122 seconds
[2026-09-17T11:50:56.556+0000] {processor.py:161} INFO - Started process (PID=2282) to work on /opt/airflow/dags/youtube_dwh_update.py
[2026-09-17T11:50:56.558+0000] {processor.py:830} INFO - Processing file /opt/airflow/dags/youtube_dwh_update.py for tasks to queue
[2026-09-17T11:50:56.562+0000] {logging_mixin.py:188} INFO - [2026-09-17T11:50:56.562+0000] {dagbag.py:545} INFO - Filling up the DagBag from /opt/airflow/dags/youtube_dwh_update.py
[2026-09-17T11:50:56.584+0000] {processor.py:840} INFO - DAG(s) 'youtube_dwh_update' retrieved from /opt/airflow/dags/youtube_dwh_update.py
[2026-09-17T11:50:56.613+0000] {logging_mixin.py:188} INFO - [2026-09-17T11:50:56.613+0000] {dag.py:3096} INFO - Sync 1 DAGs
[2026-09-17T11:50:56.640+0000] {logging_mixin.py:188} INFO - [2026-09-17T11:50:56.639+0000] {dag.py:3954} INFO - Setting next_dagrun for youtube_dwh_update to 2026-09-17 00:00:00+00:00, run_after=2026-09-18 00:00:00+00:00
[2026-09-17T11:50:56.676+0000] {processor.py:183} INFO - Processing /opt/airflow/dags/youtube_dwh_update.py took 0.128 seconds
[2026-09-17T11:51:26.893+0000] {processor.py:161} INFO - Started process (PID=2298) to work on /opt/airflow/dags/youtube_dwh_update.py
[2026-09-17T11:51:26.895+0000] {processor.py:830} INFO - Processing file /opt/airflow/dags/youtube_dwh_update.py for tasks to queue
[2026-09-17T11:51:26.899+0000] {logging_mixin.py:188} INFO - [2026-09-17T11:51:26.898+0000] {dagbag.py:545} INFO - Filling up the DagBag from /opt/airflow/dags/youtube_dwh_update.py
[2026-09-17T11:51:26.930+0000] {processor.py:840} INFO - DAG(s) 'youtube_dwh_update' retrieved from /opt/airflow/dags/youtube_dwh_update.py
[2026-09-17T11:51:26.963+0000] {logging_mixin.py:188} INFO - [2026-09-17T11:51:26.962+0000] {dag.py:3096} INFO - Sync 1 DAGs
[2026-09-17T11:51:26.999+0000] {logging_mixin.py:188} INFO - [2026-09-17T11:51:26.999+0000] {dag.py:3954} INFO - Setting next_dagrun for youtube_dwh_update to 2026-09-17 00:00:00+00:00, run_after=2026-09-18 00:00:00+00:00
[2026-09-17T11:51:27.030+0000] {processor.py:183} INFO - Processing /opt/airflow/dags/youtube_dwh_update.py took 0.149 seconds
[2026-09-17T11:51:57.232+0000] {processor.py:161} INFO - Started process (PID=2314) to work on /opt/airflow/dags/youtube_dwh_update.py
[2026-09-17T11:51:57.234+0000] {processor.py:830} INFO - Processing file /opt/airflow/dags/youtube_dwh_update.py for tasks to queue
[2026-09-17T11:51:57.238+0000] {logging_mixin.py:188} INFO - [2026-09-17T11:51:57.237+0000] {dagbag.py:545} INFO - Filling up the DagBag from /opt/airflow/dags/youtube_dwh_update.py
[2026-09-17T11:51:57.259+0000] {processor.py:840} INFO - DAG(s) 'youtube_dwh_update' retrieved from /opt/airflow/dags/youtube_dwh_update.py
[2026-09-17T11:51:57.285+0000] {logging_mixin.py:188} INFO - [2026-09-17T11:51:57.285+0000] {dag.py:3096} INFO - Sync 1 DAGs
[2026-09-17T11:51:57.315+0000] {logging_mixin.py:188} INFO - [2026-09-17T11:51:57.315+0000] {dag.py:3954} INFO - Setting next_dagrun for youtube_dwh_update to 2026-09-17 00:00:00+00:00, run_after=2026-09-18 00:00:00+00:00
[2026-09-17T11:51:57.343+0000] {processor.py:183} INFO - Processing /opt/airflow/dags/youtube_dwh_update.py took 0.119 seconds
[2026-09-17T11:52:27.555+0000] {processor.py:161} INFO - Started process (PID=2330) to work on /opt/airflow/dags/youtube_dwh_update.py
[2026-09-17T11:52:27.557+0000] {processor.py:830} INFO - Processing file /opt/airflow/dags/youtube_dwh_update.py for tasks to queue
[2026-09-17T11:52:27.561+0000] {logging_mixin.py:188} INFO - [2026-09-17T11:52:27.560+0000] {dagbag.py:545} INFO - Filling up the DagBag from /opt/airflow/dags/youtube_dwh_update.py
[2026-09-17T11:52:27.580+0000] {processor.py:840} INFO - DAG(s) 'youtube_dwh_update' retrieved from /opt/airflow/dags/youtube_dwh_update.py
[2026-09-17T11:52:27.607+0000] {logging_mixin.py:188} INFO - [2026-09-17T11:52:27.606+0000] {dag.py:3096} INFO - Sync 1 DAGs
[2026-09-17T11:52:27.633+0000] {logging_mixin.py:188} INFO - [2026-09-17T11:52:27.633+0000] {dag.py:3954} INFO - Setting next_dagrun for youtube_dwh_update to 2026-09-17 00:00:00+00:00, run_after=2026-09-18 00:00:00+00:00
[2026-09-17T11:52:27.666+0000] {processor.py:183} INFO - Processing /opt/airflow/dags/youtube_dwh_update.py took 0.120 seconds
[2026-09-17T11:52:57.870+0000] {processor.py:161} INFO - Started process (PID=2346) to work on /opt/airflow/dags/youtube_dwh_update.py
[2026-09-17T11:52:57.872+0000] {processor.py:830} INFO - Processing file /opt/airflow/dags/youtube_dwh_update.py for tasks to queue
[2026-09-17T11:52:57.875+0000] {logging_mixin.py:188} INFO - [2026-09-17T11:52:57.875+0000] {dagbag.py:545} INFO - Filling up the DagBag from /opt/airflow/dags/youtube_dwh_update.py
[2026-09-17T11:52:57.896+0000] {processor.py:840} INFO - DAG(s) 'youtube_dwh_update' retrieved from /opt/airflow/dags/youtube_dwh_update.py
[2026-09-17T11:52:57.932+0000] {logging_mixin.py:188} INFO - [2026-09-17T11:52:57.931+0000] {dag.py:3096} INFO - Sync 1 DAGs
[2026-09-17T11:52:57.962+0000] {logging_mixin.py:188} INFO - [2026-09-17T11:52:57.962+0000] {dag.py:3954} INFO - Setting next_dagrun for youtube_dwh_update to 2026-09-17 00:00:00+00:00, run_after=2026-09-18 00:00:00+00:00
[2026-09-17T11:52:57.998+0000] {processor.py:183} INFO - Processing /opt/airflow/dags/youtube_dwh_update.py took 0.136 seconds
[2026-09-17T11:53:28.196+0000] {processor.py:161} INFO - Started process (PID=2362) to work on /opt/airflow/dags/youtube_dwh_update.py
[2026-09-17T11:53:28.198+0000] {processor.py:830} INFO - Processing file /opt/airflow/dags/youtube_dwh_update.py for tasks to queue
[2026-09-17T11:53:28.201+0000] {logging_mixin.py:188} INFO - [2026-09-17T11:53:28.201+0000] {dagbag.py:545} INFO - Filling up the DagBag from /opt/airflow/dags/youtube_dwh_update.py
[2026-09-17T11:53:28.226+0000] {processor.py:840} INFO - DAG(s) 'youtube_dwh_update' retrieved from /opt/airflow/dags/youtube_dwh_update.py
[2026-09-17T11:53:28.258+0000] {logging_mixin.py:188} INFO - [2026-09-17T11:53:28.257+0000] {dag.py:3096} INFO - Sync 1 DAGs
[2026-09-17T11:53:28.303+0000] {logging_mixin.py:188} INFO - [2026-09-17T11:53:28.302+0000] {dag.py:3954} INFO - Setting next_dagrun for youtube_dwh_update to 2026-09-17 00:00:00+00:00, run_after=2026-09-18 00:00:00+00:00
[2026-09-17T11:53:28.344+0000] {processor.py:183} INFO - Processing /opt/airflow/dags/youtube_dwh_update.py took 0.157 seconds
[2026-09-17T11:53:58.545+0000] {processor.py:161} INFO - Started process (PID=2378) to work on /opt/airflow/dags/youtube_dwh_update.py
[2026-09-17T11:53:58.548+0000] {processor.py:830} INFO - Processing file /opt/airflow/dags/youtube_dwh_update.py for tasks to queue
[2026-09-17T11:53:58.551+0000] {logging_mixin.py:188} INFO - [2026-09-17T11:53:58.551+0000] {dagbag.py:545} INFO - Filling up the DagBag from /opt/airflow/dags/youtube_dwh_update.py
[2026-09-17T11:53:58.570+0000] {processor.py:840} INFO - DAG(s) 'youtube_dwh_update' retrieved from /opt/airflow/dags/youtube_dwh_update.py
[2026-09-17T11:53:58.596+0000] {logging_mixin.py:188} INFO - [2026-09-17T11:53:58.596+0000] {dag.py:3096} INFO - Sync 1 DAGs
[2026-09-17T11:53:58.623+0000] {logging_mixin.py:188} INFO - [2026-09-17T11:53:58.623+0000] {dag.py:3954} INFO - Setting next_dagrun for youtube_dwh_update to 2026-09-17 00:00:00+00:00, run_after=2026-09-18 00:00:00+00:00
[2026-09-17T11:53:58.662+0000] {processor.py:183} INFO - Processing /opt/airflow/dags/youtube_dwh_update.py took 0.126 seconds
[2026-09-17T11:54:28.866+0000] {processor.py:161} INFO - Started process (PID=2394) to work on /opt/airflow/dags/youtube_dwh_update.py
[2026-09-17T11:54:28.868+0000] {processor.py:830} INFO - Processing file /opt/airflow/dags/youtube_dwh_update.py for tasks to queue
[2026-09-17T11:54:28.871+0000] {logging_mixin.py:188} INFO - [2026-09-17T11:54:28.871+0000] {dagbag.py:545} INFO - Filling up the DagBag from /opt/airflow/dags/youtube_dwh_update.py
[2026-09-17T11:54:28.891+0000] {processor.py:840} INFO - DAG(s) 'youtube_dwh_update' retrieved from /opt/airflow/dags/youtube_dwh_update.py
[2026-09-17T11:54:28.917+0000] {logging_mixin.py:188} INFO - [2026-09-17T11:54:28.917+0000] {dag.py:3096} INFO - Sync 1 DAGs
[2026-09-17T11:54:28.945+0000] {logging_mixin.py:188} INFO - [2026-09-17T11:54:28.945+0000] {dag.py:3954} INFO - Setting next_dagrun for youtube_dwh_update to 2026-09-17 00:00:00+00:00, run_after=2026-09-18 00:00:00+00:00
[2026-09-17T11:54:28.977+0000] {processor.py:183} INFO - Processing /opt/airflow/dags/youtube_dwh_update.py took 0.117 seconds
[2026-09-17T11:54:59.181+0000] {processor.py:161} INFO - Started process (PID=2409) to work on /opt/airflow/dags/youtube_dwh_update.py
[2026-09-17T11:54:59.183+0000] {processor.py:830} INFO - Processing file /opt/airflow/dags/youtube_dwh_update.py for tasks to queue
[2026-09-17T11:54:59.188+0000] {logging_mixin.py:188} INFO - [2026-09-17T11:54:59.187+0000] {dagbag.py:545} INFO - Filling up the DagBag from /opt/airflow/dags/youtube_dwh_update.py
[2026-09-17T11:54:59.216+0000] {processor.py:840} INFO - DAG(s) 'youtube_dwh_update' retrieved from /opt/airflow/dags/youtube_dwh_update.py
[2026-09-17T11:54:59.255+0000] {logging_mixin.py:188} INFO - [2026-09-17T11:54:59.255+0000] {dag.py:3096} INFO - Sync 1 DAGs
[2026-09-17T11:54:59.292+0000] {logging_mixin.py:188} INFO - [2026-09-17T11:54:59.292+0000] {dag.py:3954} INFO - Setting next_dagrun for youtube_dwh_update to 2026-09-17 00:00:00+00:00, run_after=2026-09-18 00:00:00+00:00
[2026-09-17T11:54:59.317+0000] {processor.py:183} INFO - Processing /opt/airflow/dags/youtube_dwh_update.py took 0.145 seconds
[2026-09-17T11:55:29.522+0000] {processor.py:161} INFO - Started process (PID=2425) to work on /opt/airflow/dags/youtube_dwh_update.py
[2026-09-17T11:55:29.524+0000] {processor.py:830} INFO - Processing file /opt/airflow/dags/youtube_dwh_update.py for tasks to queue
[2026-09-17T11:55:29.527+0000] {logging_mixin.py:188} INFO - [2026-09-17T11:55:29.526+0000] {dagbag.py:545} INFO - Filling up the DagBag from /opt/airflow/dags/youtube_dwh_update.py
[2026-09-17T11:55:29.550+0000] {processor.py:840} INFO - DAG(s) 'youtube_dwh_update' retrieved from /opt/airflow/dags/youtube_dwh_update.py
[2026-09-17T11:55:29.577+0000] {logging_mixin.py:188} INFO - [2026-09-17T11:55:29.577+0000] {dag.py:3096} INFO - Sync 1 DAGs
[2026-09-17T11:55:29.610+0000] {logging_mixin.py:188} INFO - [2026-09-17T11:55:29.610+0000] {dag.py:3954} INFO - Setting next_dagrun for youtube_dwh_update to 2026-09-17 00:00:00+00:00, run_after=2026-09-18 00:00:00+00:00
[2026-09-17T11:55:29.645+0000] {processor.py:183} INFO - Processing /opt/airflow/dags/youtube_dwh_update.py took 0.130 seconds
[2026-09-17T11:55:59.846+0000] {processor.py:161} INFO - Started process (PID=2441) to work on /opt/airflow/dags/youtube_dwh_update.py
[2026-09-17T11:55:59.848+0000] {processor.py:830} INFO - Processing file /opt/airflow/dags/youtube_dwh_update.py for tasks to queue
[2026-09-17T11:55:59.852+0000] {logging_mixin.py:188} INFO - [2026-09-17T11:55:59.851+0000] {dagbag.py:545} INFO - Filling up the DagBag from /opt/airflow/dags/youtube_dwh_update.py
[2026-09-17T11:55:59.871+0000] {processor.py:840} INFO - DAG(s) 'youtube_dwh_update' retrieved from /opt/airflow/dags/youtube_dwh_update.py
[2026-09-17T11:55:59.898+0000] {logging_mixin.py:188} INFO - [2026-09-17T11:55:59.898+0000] {dag.py:3096} INFO - Sync 1 DAGs
[2026-09-17T11:55:59.925+0000] {logging_mixin.py:188} INFO - [2026-09-17T11:55:59.924+0000] {dag.py:3954} INFO - Setting next_dagrun for youtube_dwh_update to 2026-09-17 00:00:00+00:00, run_after=2026-09-18 00:00:00+00:00
[2026-09-17T11:55:59.958+0000] {processor.py:183} INFO - Processing /opt/airflow/dags/youtube_dwh_update.py took 0.121 seconds
[2026-09-17T11:56:30.176+0000] {processor.py:161} INFO - Started process (PID=2457) to work on /opt/airflow/dags/youtube_dwh_update.py
[2026-09-17T11:56:30.178+0000] {processor.py:830} INFO - Processing file /opt/airflow/dags/youtube_dwh_update.py for tasks to queue
[2026-09-17T11:56:30.181+0000] {logging_mixin.py:188} INFO - [2026-09-17T11:56:30.181+0000] {dagbag.py:545} INFO - Filling up the DagBag from /opt/airflow/dags/youtube_dwh_update.py
[2026-09-17T11:56:30.202+0000] {processor.py:840} INFO - DAG(s) 'youtube_dwh_update' retrieved from /opt/airflow/dags/youtube_dwh_update.py
[2026-09-17T11:56:30.229+0000] {logging_mixin.py:188} INFO - [2026-09-17T11:56:30.229+0000] {dag.py:3096} INFO - Sync 1 DAGs
[2026-09-17T11:56:30.257+0000] {logging_mixin.py:188} INFO - [2026-09-17T11:56:30.256+0000] {dag.py:3954} INFO - Setting next_dagrun for youtube_dwh_update to 2026-09-17 00:00:00+00:00, run_after=2026-09-18 00:00:00+00:00
[2026-09-17T11:56:30.290+0000] {processor.py:183} INFO - Processing /opt/airflow/dags/youtube_dwh_update.py took 0.124 seconds
[2026-09-17T11:57:00.529+0000] {processor.py:161} INFO - Started process (PID=2473) to work on /opt/airflow/dags/youtube_dwh_update.py
[2026-09-17T11:57:00.532+0000] {processor.py:830} INFO - Processing file /opt/airflow/dags/youtube_dwh_update.py for tasks to queue
[2026-09-17T11:57:00.535+0000] {logging_mixin.py:188} INFO - [2026-09-17T11:57:00.534+0000] {dagbag.py:545} INFO - Filling up the DagBag from /opt/airflow/dags/youtube_dwh_update.py
[2026-09-17T11:57:00.553+0000] {processor.py:840} INFO - DAG(s) 'youtube_dwh_update' retrieved from /opt/airflow/dags/youtube_dwh_update.py
[2026-09-17T11:57:00.582+0000] {logging_mixin.py:188} INFO - [2026-09-17T11:57:00.581+0000] {dag.py:3096} INFO - Sync 1 DAGs
[2026-09-17T11:57:00.609+0000] {logging_mixin.py:188} INFO - [2026-09-17T11:57:00.608+0000] {dag.py:3954} INFO - Setting next_dagrun for youtube_dwh_update to 2026-09-17 00:00:00+00:00, run_after=2026-09-18 00:00:00+00:00
[2026-09-17T11:57:00.642+0000] {processor.py:183} INFO - Processing /opt/airflow/dags/youtube_dwh_update.py took 0.121 seconds
[2026-09-17T11:57:30.841+0000] {processor.py:161} INFO - Started process (PID=2489) to work on /opt/airflow/dags/youtube_dwh_update.py
[2026-09-17T11:57:30.843+0000] {processor.py:830} INFO - Processing file /opt/airflow/dags/youtube_dwh_update.py for tasks to queue
[2026-09-17T11:57:30.846+0000] {logging_mixin.py:188} INFO - [2026-09-17T11:57:30.846+0000] {dagbag.py:545} INFO - Filling up the DagBag from /opt/airflow/dags/youtube_dwh_update.py
[2026-09-17T11:57:30.866+0000] {processor.py:840} INFO - DAG(s) 'youtube_dwh_update' retrieved from /opt/airflow/dags/youtube_dwh_update.py
[2026-09-17T11:57:30.894+0000] {logging_mixin.py:188} INFO - [2026-09-17T11:57:30.894+0000] {dag.py:3096} INFO - Sync 1 DAGs
[2026-09-17T11:57:30.921+0000] {logging_mixin.py:188} INFO - [2026-09-17T11:57:30.921+0000] {dag.py:3954} INFO - Setting next_dagrun for youtube_dwh_update to 2026-09-17 00:00:00+00:00, run_after=2026-09-18 00:00:00+00:00
[2026-09-17T11:57:30.954+0000] {processor.py:183} INFO - Processing /opt/airflow/dags/youtube_dwh_update.py took 0.120 seconds
[2026-09-17T11:58:01.156+0000] {processor.py:161} INFO - Started process (PID=2505) to work on /opt/airflow/dags/youtube_dwh_update.py
[2026-09-17T11:58:01.158+0000] {processor.py:830} INFO - Processing file /opt/airflow/dags/youtube_dwh_update.py for tasks to queue
[2026-09-17T11:58:01.162+0000] {logging_mixin.py:188} INFO - [2026-09-17T11:58:01.161+0000] {dagbag.py:545} INFO - Filling up the DagBag from /opt/airflow/dags/youtube_dwh_update.py
[2026-09-17T11:58:01.181+0000] {processor.py:840} INFO - DAG(s) 'youtube_dwh_update' retrieved from /opt/airflow/dags/youtube_dwh_update.py
[2026-09-17T11:58:01.208+0000] {logging_mixin.py:188} INFO - [2026-09-17T11:58:01.208+0000] {dag.py:3096} INFO - Sync 1 DAGs
[2026-09-17T11:58:01.235+0000] {logging_mixin.py:188} INFO - [2026-09-17T11:58:01.234+0000] {dag.py:3954} INFO - Setting next_dagrun for youtube_dwh_update to 2026-09-17 00:00:00+00:00, run_after=2026-09-18 00:00:00+00:00
[2026-09-17T11:58:01.271+0000] {processor.py:183} INFO - Processing /opt/airflow/dags/youtube_dwh_update.py took 0.123 seconds
[2026-09-17T11:58:31.472+0000] {processor.py:161} INFO - Started process (PID=2521) to work on /opt/airflow/dags/youtube_dwh_update.py
[2026-09-17T11:58:31.475+0000] {processor.py:830} INFO - Processing file /opt/airflow/dags/youtube_dwh_update.py for tasks to queue
[2026-09-17T11:58:31.479+0000] {logging_mixin.py:188} INFO - [2026-09-17T11:58:31.479+0000] {dagbag.py:545} INFO - Filling up the DagBag from /opt/airflow/dags/youtube_dwh_update.py
[2026-09-17T11:58:31.497+0000] {processor.py:840} INFO - DAG(s) 'youtube_dwh_update' retrieved from /opt/airflow/dags/youtube_dwh_update.py
[2026-09-17T11:58:31.523+0000] {logging_mixin.py:188} INFO - [2026-09-17T11:58:31.523+0000] {dag.py:3096} INFO - Sync 1 DAGs
[2026-09-17T11:58:31.549+0000] {logging_mixin.py:188} INFO - [2026-09-17T11:58:31.549+0000] {dag.py:3954} INFO - Setting next_dagrun for youtube_dwh_update to 2026-09-17 00:00:00+00:00, run_after=2026-09-18 00:00:00+00:00
[2026-09-17T11:58:31.585+0000] {processor.py:183} INFO - Processing /opt/airflow/dags/youtube_dwh_update.py took 0.120 seconds
[2026-09-17T11:59:01.788+0000] {processor.py:161} INFO - Started process (PID=2537) to work on /opt/airflow/dags/youtube_dwh_update.py
[2026-09-17T11:59:01.790+0000] {processor.py:830} INFO - Processing file /opt/airflow/dags/youtube_dwh_update.py for tasks to queue
[2026-09-17T11:59:01.793+0000] {logging_mixin.py:188} INFO - [2026-09-17T11:59:01.793+0000] {dagbag.py:545} INFO - Filling up the DagBag from /opt/airflow/dags/youtube_dwh_update.py
[2026-09-17T11:59:01.814+0000] {processor.py:840} INFO - DAG(s) 'youtube_dwh_update' retrieved from /opt/airflow/dags/youtube_dwh_update.py
[2026-09-17T11:59:01.842+0000] {logging_mixin.py:188} INFO - [2026-09-17T11:59:01.841+0000] {dag.py:3096} INFO - Sync 1 DAGs
[2026-09-17T11:59:01.870+0000] {logging_mixin.py:188} INFO - [2026-09-17T11:59:01.870+0000] {dag.py:3954} INFO - Setting next_dagrun for youtube_dwh_update to 2026-09-17 00:00:00+00:00, run_after=2026-09-18 00:00:00+00:00
[2026-09-17T11:59:01.905+0000] {processor.py:183} INFO - Processing /opt/airflow/dags/youtube_dwh_update.py took 0.125 seconds
[2026-09-17T11:59:32.104+0000] {processor.py:161} INFO - Started process (PID=2553) to work on /opt/airflow/dags/youtube_dwh_update.py
[2026-09-17T11:59:32.107+0000] {processor.py:830} INFO - Processing file /opt/airflow/dags/youtube_dwh_update.py for tasks to queue
[2026-09-17T11:59:32.111+0000] {logging_mixin.py:188} INFO - [2026-09-17T11:59:32.111+0000] {dagbag.py:545} INFO - Filling up the DagBag from /opt/airflow/dags/youtube_dwh_update.py
[2026-09-17T11:59:32.134+0000] {processor.py:840} INFO - DAG(s) 'youtube_dwh_update' retrieved from /opt/airflow/dags/youtube_dwh_update.py
[2026-09-17T11:59:32.160+0000] {logging_mixin.py:188} INFO - [2026-09-17T11:59:32.160+0000] {dag.py:3096} INFO - Sync 1 DAGs
[2026-09-17T11:59:32.189+0000] {logging_mixin.py:188} INFO - [2026-09-17T11:59:32.188+0000] {dag.py:3954} INFO - Setting next_dagrun for youtube_dwh_update to 2026-09-17 00:00:00+00:00, run_after=2026-09-18 00:00:00+00:00
[2026-09-17T11:59:32.226+0000] {processor.py:183} INFO - Processing /opt/airflow/dags/youtube_dwh_update.py took 0.129 seconds
[2026-09-17T12:00:02.433+0000] {processor.py:161} INFO - Started process (PID=2569) to work on /opt/airflow/dags/youtube_dwh_update.py
[2026-09-17T12:00:02.436+0000] {processor.py:830} INFO - Processing file /opt/airflow/dags/youtube_dwh_update.py for tasks to queue
[2026-09-17T12:00:02.439+0000] {logging_mixin.py:188} INFO - [2026-09-17T12:00:02.439+0000] {dagbag.py:545} INFO - Filling up the DagBag from /opt/airflow/dags/youtube_dwh_update.py
[2026-09-17T12:00:02.458+0000] {processor.py:840} INFO - DAG(s) 'youtube_dwh_update' retrieved from /opt/airflow/dags/youtube_dwh_update.py
[2026-09-17T12:00:02.486+0000] {logging_mixin.py:188} INFO - [2026-09-17T12:00:02.485+0000] {dag.py:3096} INFO - Sync 1 DAGs
[2026-09-17T12:00:02.513+0000] {logging_mixin.py:188} INFO - [2026-09-17T12:00:02.513+0000] {dag.py:3954} INFO - Setting next_dagrun for youtube_dwh_update to 2026-09-17 00:00:00+00:00, run_after=2026-09-18 00:00:00+00:00
[2026-09-17T12:00:02.551+0000] {processor.py:183} INFO - Processing /opt/airflow/dags/youtube_dwh_update.py took 0.125 seconds
[2026-09-17T12:00:32.765+0000] {processor.py:161} INFO - Started process (PID=2585) to work on /opt/airflow/dags/youtube_dwh_update.py
[2026-09-17T12:00:32.768+0000] {processor.py:830} INFO - Processing file /opt/airflow/dags/youtube_dwh_update.py for tasks to queue
[2026-09-17T12:00:32.772+0000] {logging_mixin.py:188} INFO - [2026-09-17T12:00:32.771+0000] {dagbag.py:545} INFO - Filling up the DagBag from /opt/airflow/dags/youtube_dwh_update.py
[2026-09-17T12:00:32.800+0000] {processor.py:840} INFO - DAG(s) 'youtube_dwh_update' retrieved from /opt/airflow/dags/youtube_dwh_update.py
[2026-09-17T12:00:32.827+0000] {logging_mixin.py:188} INFO - [2026-09-17T12:00:32.827+0000] {dag.py:3096} INFO - Sync 1 DAGs
[2026-09-17T12:00:32.861+0000] {logging_mixin.py:188} INFO - [2026-09-17T12:00:32.861+0000] {dag.py:3954} INFO - Setting next_dagrun for youtube_dwh_update to 2026-09-17 00:00:00+00:00, run_after=2026-09-18 00:00:00+00:00
[2026-09-17T12:00:32.893+0000] {processor.py:183} INFO - Processing /opt/airflow/dags/youtube_dwh_update.py took 0.139 seconds
[2026-09-17T12:01:03.101+0000] {processor.py:161} INFO - Started process (PID=2601) to work on /opt/airflow/dags/youtube_dwh_update.py
[2026-09-17T12:01:03.104+0000] {processor.py:830} INFO - Processing file /opt/airflow/dags/youtube_dwh_update.py for tasks to queue
[2026-09-17T12:01:03.107+0000] {logging_mixin.py:188} INFO - [2026-09-17T12:01:03.107+0000] {dagbag.py:545} INFO - Filling up the DagBag from /opt/airflow/dags/youtube_dwh_update.py
[2026-09-17T12:01:03.127+0000] {processor.py:840} INFO - DAG(s) 'youtube_dwh_update' retrieved from /opt/airflow/dags/youtube_dwh_update.py
[2026-09-17T12:01:03.154+0000] {logging_mixin.py:188} INFO - [2026-09-17T12:01:03.154+0000] {dag.py:3096} INFO - Sync 1 DAGs
[2026-09-17T12:01:03.182+0000] {logging_mixin.py:188} INFO - [2026-09-17T12:01:03.181+0000] {dag.py:3954} INFO - Setting next_dagrun for youtube_dwh_update to 2026-09-17 00:00:00+00:00, run_after=2026-09-18 00:00:00+00:00
[2026-09-17T12:01:03.215+0000] {processor.py:183} INFO - Processing /opt/airflow/dags/youtube_dwh_update.py took 0.123 seconds
[2026-09-17T12:01:33.423+0000] {processor.py:161} INFO - Started process (PID=2617) to work on /opt/airflow/dags/youtube_dwh_update.py
[2026-09-17T12:01:33.425+0000] {processor.py:830} INFO - Processing file /opt/airflow/dags/youtube_dwh_update.py for tasks to queue
[2026-09-17T12:01:33.428+0000] {logging_mixin.py:188} INFO - [2026-09-17T12:01:33.428+0000] {dagbag.py:545} INFO - Filling up the DagBag from /opt/airflow/dags/youtube_dwh_update.py
[2026-09-17T12:01:33.447+0000] {processor.py:840} INFO - DAG(s) 'youtube_dwh_update' retrieved from /opt/airflow/dags/youtube_dwh_update.py
[2026-09-17T12:01:33.478+0000] {logging_mixin.py:188} INFO - [2026-09-17T12:01:33.477+0000] {dag.py:3096} INFO - Sync 1 DAGs
[2026-09-17T12:01:33.509+0000] {logging_mixin.py:188} INFO - [2026-09-17T12:01:33.509+0000] {dag.py:3954} INFO - Setting next_dagrun for youtube_dwh_update to 2026-09-17 00:00:00+00:00, run_after=2026-09-18 00:00:00+00:00
[2026-09-17T12:01:33.542+0000] {processor.py:183} INFO - Processing /opt/airflow/dags/youtube_dwh_update.py took 0.128 seconds
[2026-09-17T12:02:03.753+0000] {processor.py:161} INFO - Started process (PID=2633) to work on /opt/airflow/dags/youtube_dwh_update.py
[2026-09-17T12:02:03.755+0000] {processor.py:830} INFO - Processing file /opt/airflow/dags/youtube_dwh_update.py for tasks to queue
[2026-09-17T12:02:03.757+0000] {logging_mixin.py:188} INFO - [2026-09-17T12:02:03.757+0000] {dagbag.py:545} INFO - Filling up the DagBag from /opt/airflow/dags/youtube_dwh_update.py
[2026-09-17T12:02:03.777+0000] {processor.py:840} INFO - DAG(s) 'youtube_dwh_update' retrieved from /opt/airflow/dags/youtube_dwh_update.py
[2026-09-17T12:02:03.806+0000] {logging_mixin.py:188} INFO - [2026-09-17T12:02:03.806+0000] {dag.py:3096} INFO - Sync 1 DAGs
[2026-09-17T12:02:03.834+0000] {logging_mixin.py:188} INFO - [2026-09-17T12:02:03.833+0000] {dag.py:3954} INFO - Setting next_dagrun for youtube_dwh_update to 2026-09-17 00:00:00+00:00, run_after=2026-09-18 00:00:00+00:00
[2026-09-17T12:02:03.870+0000] {processor.py:183} INFO - Processing /opt/airflow/dags/youtube_dwh_update.py took 0.126 seconds
[2026-09-17T12:02:34.071+0000] {processor.py:161} INFO - Started process (PID=2649) to work on /opt/airflow/dags/youtube_dwh_update.py
[2026-09-17T12:02:34.073+0000] {processor.py:830} INFO - Processing file /opt/airflow/dags/youtube_dwh_update.py for tasks to queue
[2026-09-17T12:02:34.078+0000] {logging_mixin.py:188} INFO - [2026-09-17T12:02:34.077+0000] {dagbag.py:545} INFO - Filling up the DagBag from /opt/airflow/dags/youtube_dwh_update.py
[2026-09-17T12:02:34.096+0000] {processor.py:840} INFO - DAG(s) 'youtube_dwh_update' retrieved from /opt/airflow/dags/youtube_dwh_update.py
[2026-09-17T12:02:34.125+0000] {logging_mixin.py:188} INFO - [2026-09-17T12:02:34.125+0000] {dag.py:3096} INFO - Sync 1 DAGs
[2026-09-17T12:02:34.151+0000] {logging_mixin.py:188} INFO - [2026-09-17T12:02:34.151+0000] {dag.py:3954} INFO - Setting next_dagrun for youtube_dwh_update to 2026-09-17 00:00:00+00:00, run_after=2026-09-18 00:00:00+00:00
[2026-09-17T12:02:34.186+0000] {processor.py:183} INFO - Processing /opt/airflow/dags/youtube_dwh_update.py took 0.122 seconds
[2026-09-17T12:03:04.400+0000] {processor.py:161} INFO - Started process (PID=2665) to work on /opt/airflow/dags/youtube_dwh_update.py
[2026-09-17T12:03:04.403+0000] {processor.py:830} INFO - Processing file /opt/airflow/dags/youtube_dwh_update.py for tasks to queue
[2026-09-17T12:03:04.407+0000] {logging_mixin.py:188} INFO - [2026-09-17T12:03:04.406+0000] {dagbag.py:545} INFO - Filling up the DagBag from /opt/airflow/dags/youtube_dwh_update.py
[2026-09-17T12:03:04.427+0000] {processor.py:840} INFO - DAG(s) 'youtube_dwh_update' retrieved from /opt/airflow/dags/youtube_dwh_update.py
[2026-09-17T12:03:04.455+0000] {logging_mixin.py:188} INFO - [2026-09-17T12:03:04.454+0000] {dag.py:3096} INFO - Sync 1 DAGs
[2026-09-17T12:03:04.482+0000] {logging_mixin.py:188} INFO - [2026-09-17T12:03:04.481+0000] {dag.py:3954} INFO - Setting next_dagrun for youtube_dwh_update to 2026-09-17 00:00:00+00:00, run_after=2026-09-18 00:00:00+00:00
[2026-09-17T12:03:04.513+0000] {processor.py:183} INFO - Processing /opt/airflow/dags/youtube_dwh_update.py took 0.120 seconds
[2026-09-17T12:03:34.726+0000] {processor.py:161} INFO - Started process (PID=2681) to work on /opt/airflow/dags/youtube_dwh_update.py
[2026-09-17T12:03:34.729+0000] {processor.py:830} INFO - Processing file /opt/airflow/dags/youtube_dwh_update.py for tasks to queue
[2026-09-17T12:03:34.731+0000] {logging_mixin.py:188} INFO - [2026-09-17T12:03:34.731+0000] {dagbag.py:545} INFO - Filling up the DagBag from /opt/airflow/dags/youtube_dwh_update.py
[2026-09-17T12:03:34.751+0000] {processor.py:840} INFO - DAG(s) 'youtube_dwh_update' retrieved from /opt/airflow/dags/youtube_dwh_update.py
[2026-09-17T12:03:34.778+0000] {logging_mixin.py:188} INFO - [2026-09-17T12:03:34.778+0000] {dag.py:3096} INFO - Sync 1 DAGs
[2026-09-17T12:03:34.806+0000] {logging_mixin.py:188} INFO - [2026-09-17T12:03:34.805+0000] {dag.py:3954} INFO - Setting next_dagrun for youtube_dwh_update to 2026-09-17 00:00:00+00:00, run_after=2026-09-18 00:00:00+00:00
[2026-09-17T12:03:34.842+0000] {processor.py:183} INFO - Processing /opt/airflow/dags/youtube_dwh_update.py took 0.124 seconds
[2026-09-17T12:04:05.048+0000] {processor.py:161} INFO - Started process (PID=2697) to work on /opt/airflow/dags/youtube_dwh_update.py
[2026-09-17T12:04:05.050+0000] {processor.py:830} INFO - Processing file /opt/airflow/dags/youtube_dwh_update.py for tasks to queue
[2026-09-17T12:04:05.054+0000] {logging_mixin.py:188} INFO - [2026-09-17T12:04:05.053+0000] {dagbag.py:545} INFO - Filling up the DagBag from /opt/airflow/dags/youtube_dwh_update.py
[2026-09-17T12:04:05.072+0000] {processor.py:840} INFO - DAG(s) 'youtube_dwh_update' retrieved from /opt/airflow/dags/youtube_dwh_update.py
[2026-09-17T12:04:05.099+0000] {logging_mixin.py:188} INFO - [2026-09-17T12:04:05.099+0000] {dag.py:3096} INFO - Sync 1 DAGs
[2026-09-17T12:04:05.126+0000] {logging_mixin.py:188} INFO - [2026-09-17T12:04:05.126+0000] {dag.py:3954} INFO - Setting next_dagrun for youtube_dwh_update to 2026-09-17 00:00:00+00:00, run_after=2026-09-18 00:00:00+00:00
[2026-09-17T12:04:05.160+0000] {processor.py:183} INFO - Processing /opt/airflow/dags/youtube_dwh_update.py took 0.119 seconds
[2026-09-17T12:04:35.367+0000] {processor.py:161} INFO - Started process (PID=2713) to work on /opt/airflow/dags/youtube_dwh_update.py
[2026-09-17T12:04:35.369+0000] {processor.py:830} INFO - Processing file /opt/airflow/dags/youtube_dwh_update.py for tasks to queue
[2026-09-17T12:04:35.372+0000] {logging_mixin.py:188} INFO - [2026-09-17T12:04:35.372+0000] {dagbag.py:545} INFO - Filling up the DagBag from /opt/airflow/dags/youtube_dwh_update.py
[2026-09-17T12:04:35.392+0000] {processor.py:840} INFO - DAG(s) 'youtube_dwh_update' retrieved from /opt/airflow/dags/youtube_dwh_update.py
[2026-09-17T12:04:35.417+0000] {logging_mixin.py:188} INFO - [2026-09-17T12:04:35.417+0000] {dag.py:3096} INFO - Sync 1 DAGs
[2026-09-17T12:04:35.443+0000] {logging_mixin.py:188} INFO - [2026-09-17T12:04:35.443+0000] {dag.py:3954} INFO - Setting next_dagrun for youtube_dwh_update to 2026-09-17 00:00:00+00:00, run_after=2026-09-18 00:00:00+00:00
[2026-09-17T12:04:35.475+0000] {processor.py:183} INFO - Processing /opt/airflow/dags/youtube_dwh_update.py took 0.116 seconds
[2026-09-17T12:05:05.688+0000] {processor.py:161} INFO - Started process (PID=2730) to work on /opt/airflow/dags/youtube_dwh_update.py
[2026-09-17T12:05:05.690+0000] {processor.py:830} INFO - Processing file /opt/airflow/dags/youtube_dwh_update.py for tasks to queue
[2026-09-17T12:05:05.694+0000] {logging_mixin.py:188} INFO - [2026-09-17T12:05:05.693+0000] {dagbag.py:545} INFO - Filling up the DagBag from /opt/airflow/dags/youtube_dwh_update.py
[2026-09-17T12:05:05.718+0000] {processor.py:840} INFO - DAG(s) 'youtube_dwh_update' retrieved from /opt/airflow/dags/youtube_dwh_update.py
[2026-09-17T12:05:05.780+0000] {logging_mixin.py:188} INFO - [2026-09-17T12:05:05.780+0000] {dag.py:3096} INFO - Sync 1 DAGs
[2026-09-17T12:05:05.829+0000] {logging_mixin.py:188} INFO - [2026-09-17T12:05:05.829+0000] {dag.py:3954} INFO - Setting next_dagrun for youtube_dwh_update to 2026-09-17 00:00:00+00:00, run_after=2026-09-18 00:00:00+00:00
[2026-09-17T12:05:05.878+0000] {processor.py:183} INFO - Processing /opt/airflow/dags/youtube_dwh_update.py took 0.199 seconds
[2026-09-17T12:05:36.079+0000] {processor.py:161} INFO - Started process (PID=2746) to work on /opt/airflow/dags/youtube_dwh_update.py
[2026-09-17T12:05:36.081+0000] {processor.py:830} INFO - Processing file /opt/airflow/dags/youtube_dwh_update.py for tasks to queue
[2026-09-17T12:05:36.085+0000] {logging_mixin.py:188} INFO - [2026-09-17T12:05:36.085+0000] {dagbag.py:545} INFO - Filling up the DagBag from /opt/airflow/dags/youtube_dwh_update.py
[2026-09-17T12:05:36.103+0000] {processor.py:840} INFO - DAG(s) 'youtube_dwh_update' retrieved from /opt/airflow/dags/youtube_dwh_update.py
[2026-09-17T12:05:36.129+0000] {logging_mixin.py:188} INFO - [2026-09-17T12:05:36.129+0000] {dag.py:3096} INFO - Sync 1 DAGs
[2026-09-17T12:05:36.158+0000] {logging_mixin.py:188} INFO - [2026-09-17T12:05:36.157+0000] {dag.py:3954} INFO - Setting next_dagrun for youtube_dwh_update to 2026-09-17 00:00:00+00:00, run_after=2026-09-18 00:00:00+00:00
[2026-09-17T12:05:36.189+0000] {processor.py:183} INFO - Processing /opt/airflow/dags/youtube_dwh_update.py took 0.117 seconds
[2026-09-17T12:06:06.434+0000] {processor.py:161} INFO - Started process (PID=2762) to work on /opt/airflow/dags/youtube_dwh_update.py
[2026-09-17T12:06:06.436+0000] {processor.py:830} INFO - Processing file /opt/airflow/dags/youtube_dwh_update.py for tasks to queue
[2026-09-17T12:06:06.440+0000] {logging_mixin.py:188} INFO - [2026-09-17T12:06:06.439+0000] {dagbag.py:545} INFO - Filling up the DagBag from /opt/airflow/dags/youtube_dwh_update.py
[2026-09-17T12:06:06.460+0000] {processor.py:840} INFO - DAG(s) 'youtube_dwh_update' retrieved from /opt/airflow/dags/youtube_dwh_update.py
[2026-09-17T12:06:06.486+0000] {logging_mixin.py:188} INFO - [2026-09-17T12:06:06.485+0000] {dag.py:3096} INFO - Sync 1 DAGs
[2026-09-17T12:06:06.512+0000] {logging_mixin.py:188} INFO - [2026-09-17T12:06:06.511+0000] {dag.py:3954} INFO - Setting next_dagrun for youtube_dwh_update to 2026-09-17 00:00:00+00:00, run_after=2026-09-18 00:00:00+00:00
[2026-09-17T12:06:06.544+0000] {processor.py:183} INFO - Processing /opt/airflow/dags/youtube_dwh_update.py took 0.118 seconds
[2026-09-17T12:06:36.749+0000] {processor.py:161} INFO - Started process (PID=2778) to work on /opt/airflow/dags/youtube_dwh_update.py
[2026-09-17T12:06:36.751+0000] {processor.py:830} INFO - Processing file /opt/airflow/dags/youtube_dwh_update.py for tasks to queue
[2026-09-17T12:06:36.755+0000] {logging_mixin.py:188} INFO - [2026-09-17T12:06:36.754+0000] {dagbag.py:545} INFO - Filling up the DagBag from /opt/airflow/dags/youtube_dwh_update.py
[2026-09-17T12:06:36.774+0000] {processor.py:840} INFO - DAG(s) 'youtube_dwh_update' retrieved from /opt/airflow/dags/youtube_dwh_update.py
[2026-09-17T12:06:36.800+0000] {logging_mixin.py:188} INFO - [2026-09-17T12:06:36.799+0000] {dag.py:3096} INFO - Sync 1 DAGs
[2026-09-17T12:06:36.825+0000] {logging_mixin.py:188} INFO - [2026-09-17T12:06:36.825+0000] {dag.py:3954} INFO - Setting next_dagrun for youtube_dwh_update to 2026-09-17 00:00:00+00:00, run_after=2026-09-18 00:00:00+00:00
[2026-09-17T12:06:36.855+0000] {processor.py:183} INFO - Processing /opt/airflow/dags/youtube_dwh_update.py took 0.115 seconds
[2026-09-17T12:07:07.066+0000] {processor.py:161} INFO - Started process (PID=2794) to work on /opt/airflow/dags/youtube_dwh_update.py
[2026-09-17T12:07:07.069+0000] {processor.py:830} INFO - Processing file /opt/airflow/dags/youtube_dwh_update.py for tasks to queue
[2026-09-17T12:07:07.072+0000] {logging_mixin.py:188} INFO - [2026-09-17T12:07:07.072+0000] {dagbag.py:545} INFO - Filling up the DagBag from /opt/airflow/dags/youtube_dwh_update.py
[2026-09-17T12:07:07.093+0000] {processor.py:840} INFO - DAG(s) 'youtube_dwh_update' retrieved from /opt/airflow/dags/youtube_dwh_update.py
[2026-09-17T12:07:07.122+0000] {logging_mixin.py:188} INFO - [2026-09-17T12:07:07.122+0000] {dag.py:3096} INFO - Sync 1 DAGs
[2026-09-17T12:07:07.153+0000] {logging_mixin.py:188} INFO - [2026-09-17T12:07:07.153+0000] {dag.py:3954} INFO - Setting next_dagrun for youtube_dwh_update to 2026-09-17 00:00:00+00:00, run_after=2026-09-18 00:00:00+00:00
[2026-09-17T12:07:07.190+0000] {processor.py:183} INFO - Processing /opt/airflow/dags/youtube_dwh_update.py took 0.131 seconds
[2026-09-17T12:07:37.403+0000] {processor.py:161} INFO - Started process (PID=2810) to work on /opt/airflow/dags/youtube_dwh_update.py
[2026-09-17T12:07:37.405+0000] {processor.py:830} INFO - Processing file /opt/airflow/dags/youtube_dwh_update.py for tasks to queue
[2026-09-17T12:07:37.409+0000] {logging_mixin.py:188} INFO - [2026-09-17T12:07:37.408+0000] {dagbag.py:545} INFO - Filling up the DagBag from /opt/airflow/dags/youtube_dwh_update.py
[2026-09-17T12:07:37.432+0000] {processor.py:840} INFO - DAG(s) 'youtube_dwh_update' retrieved from /opt/airflow/dags/youtube_dwh_update.py
[2026-09-17T12:07:37.481+0000] {logging_mixin.py:188} INFO - [2026-09-17T12:07:37.481+0000] {dag.py:3096} INFO - Sync 1 DAGs
[2026-09-17T12:07:37.523+0000] {logging_mixin.py:188} INFO - [2026-09-17T12:07:37.523+0000] {dag.py:3954} INFO - Setting next_dagrun for youtube_dwh_update to 2026-09-17 00:00:00+00:00, run_after=2026-09-18 00:00:00+00:00
[2026-09-17T12:07:37.566+0000] {processor.py:183} INFO - Processing /opt/airflow/dags/youtube_dwh_update.py took 0.173 seconds
[2026-09-17T12:08:07.750+0000] {processor.py:161} INFO - Started process (PID=2826) to work on /opt/airflow/dags/youtube_dwh_update.py
[2026-09-17T12:08:07.752+0000] {processor.py:830} INFO - Processing file /opt/airflow/dags/youtube_dwh_update.py for tasks to queue
[2026-09-17T12:08:07.755+0000] {logging_mixin.py:188} INFO - [2026-09-17T12:08:07.754+0000] {dagbag.py:545} INFO - Filling up the DagBag from /opt/airflow/dags/youtube_dwh_update.py
[2026-09-17T12:08:07.776+0000] {processor.py:840} INFO - DAG(s) 'youtube_dwh_update' retrieved from /opt/airflow/dags/youtube_dwh_update.py
[2026-09-17T12:08:07.801+0000] {logging_mixin.py:188} INFO - [2026-09-17T12:08:07.800+0000] {dag.py:3096} INFO - Sync 1 DAGs
[2026-09-17T12:08:07.827+0000] {logging_mixin.py:188} INFO - [2026-09-17T12:08:07.827+0000] {dag.py:3954} INFO - Setting next_dagrun for youtube_dwh_update to 2026-09-17 00:00:00+00:00, run_after=2026-09-18 00:00:00+00:00
[2026-09-17T12:08:07.866+0000] {processor.py:183} INFO - Processing /opt/airflow/dags/youtube_dwh_update.py took 0.123 seconds
[2026-09-17T12:08:38.066+0000] {processor.py:161} INFO - Started process (PID=2842) to work on /opt/airflow/dags/youtube_dwh_update.py
[2026-09-17T12:08:38.068+0000] {processor.py:830} INFO - Processing file /opt/airflow/dags/youtube_dwh_update.py for tasks to queue
[2026-09-17T12:08:38.072+0000] {logging_mixin.py:188} INFO - [2026-09-17T12:08:38.071+0000] {dagbag.py:545} INFO - Filling up the DagBag from /opt/airflow/dags/youtube_dwh_update.py
[2026-09-17T12:08:38.093+0000] {processor.py:840} INFO - DAG(s) 'youtube_dwh_update' retrieved from /opt/airflow/dags/youtube_dwh_update.py
[2026-09-17T12:08:38.120+0000] {logging_mixin.py:188} INFO - [2026-09-17T12:08:38.119+0000] {dag.py:3096} INFO - Sync 1 DAGs
[2026-09-17T12:08:38.153+0000] {logging_mixin.py:188} INFO - [2026-09-17T12:08:38.153+0000] {dag.py:3954} INFO - Setting next_dagrun for youtube_dwh_update to 2026-09-17 00:00:00+00:00, run_after=2026-09-18 00:00:00+00:00
[2026-09-17T12:08:38.179+0000] {processor.py:183} INFO - Processing /opt/airflow/dags/youtube_dwh_update.py took 0.120 seconds
[2026-09-17T12:09:08.377+0000] {processor.py:161} INFO - Started process (PID=2858) to work on /opt/airflow/dags/youtube_dwh_update.py
[2026-09-17T12:09:08.379+0000] {processor.py:830} INFO - Processing file /opt/airflow/dags/youtube_dwh_update.py for tasks to queue
[2026-09-17T12:09:08.383+0000] {logging_mixin.py:188} INFO - [2026-09-17T12:09:08.382+0000] {dagbag.py:545} INFO - Filling up the DagBag from /opt/airflow/dags/youtube_dwh_update.py
[2026-09-17T12:09:08.403+0000] {processor.py:840} INFO - DAG(s) 'youtube_dwh_update' retrieved from /opt/airflow/dags/youtube_dwh_update.py
[2026-09-17T12:09:08.429+0000] {logging_mixin.py:188} INFO - [2026-09-17T12:09:08.429+0000] {dag.py:3096} INFO - Sync 1 DAGs
[2026-09-17T12:09:08.457+0000] {logging_mixin.py:188} INFO - [2026-09-17T12:09:08.457+0000] {dag.py:3954} INFO - Setting next_dagrun for youtube_dwh_update to 2026-09-17 00:00:00+00:00, run_after=2026-09-18 00:00:00+00:00
[2026-09-17T12:09:08.491+0000] {processor.py:183} INFO - Processing /opt/airflow/dags/youtube_dwh_update.py took 0.121 seconds
[2026-09-17T12:09:38.689+0000] {processor.py:161} INFO - Started process (PID=2874) to work on /opt/airflow/dags/youtube_dwh_update.py
[2026-09-17T12:09:38.691+0000] {processor.py:830} INFO - Processing file /opt/airflow/dags/youtube_dwh_update.py for tasks to queue
[2026-09-17T12:09:38.694+0000] {logging_mixin.py:188} INFO - [2026-09-17T12:09:38.694+0000] {dagbag.py:545} INFO - Filling up the DagBag from /opt/airflow/dags/youtube_dwh_update.py
[2026-09-17T12:09:38.717+0000] {processor.py:840} INFO - DAG(s) 'youtube_dwh_update' retrieved from /opt/airflow/dags/youtube_dwh_update.py
[2026-09-17T12:09:38.742+0000] {logging_mixin.py:188} INFO - [2026-09-17T12:09:38.741+0000] {dag.py:3096} INFO - Sync 1 DAGs
[2026-09-17T12:09:38.768+0000] {logging_mixin.py:188} INFO - [2026-09-17T12:09:38.768+0000] {dag.py:3954} INFO - Setting next_dagrun for youtube_dwh_update to 2026-09-17 00:00:00+00:00, run_after=2026-09-18 00:00:00+00:00
[2026-09-17T12:09:38.799+0000] {processor.py:183} INFO - Processing /opt/airflow/dags/youtube_dwh_update.py took 0.117 seconds
[2026-09-17T12:10:08.994+0000] {processor.py:161} INFO - Started process (PID=2890) to work on /opt/airflow/dags/youtube_dwh_update.py
[2026-09-17T12:10:08.996+0000] {processor.py:830} INFO - Processing file /opt/airflow/dags/youtube_dwh_update.py for tasks to queue
[2026-09-17T12:10:09.001+0000] {logging_mixin.py:188} INFO - [2026-09-17T12:10:09.001+0000] {dagbag.py:545} INFO - Filling up the DagBag from /opt/airflow/dags/youtube_dwh_update.py
[2026-09-17T12:10:09.020+0000] {processor.py:840} INFO - DAG(s) 'youtube_dwh_update' retrieved from /opt/airflow/dags/youtube_dwh_update.py
[2026-09-17T12:10:09.047+0000] {logging_mixin.py:188} INFO - [2026-09-17T12:10:09.046+0000] {dag.py:3096} INFO - Sync 1 DAGs
[2026-09-17T12:10:09.074+0000] {logging_mixin.py:188} INFO - [2026-09-17T12:10:09.074+0000] {dag.py:3954} INFO - Setting next_dagrun for youtube_dwh_update to 2026-09-17 00:00:00+00:00, run_after=2026-09-18 00:00:00+00:00
[2026-09-17T12:10:09.110+0000] {processor.py:183} INFO - Processing /opt/airflow/dags/youtube_dwh_update.py took 0.123 seconds
[2026-09-17T12:10:39.313+0000] {processor.py:161} INFO - Started process (PID=2906) to work on /opt/airflow/dags/youtube_dwh_update.py
[2026-09-17T12:10:39.315+0000] {processor.py:830} INFO - Processing file /opt/airflow/dags/youtube_dwh_update.py for tasks to queue
[2026-09-17T12:10:39.320+0000] {logging_mixin.py:188} INFO - [2026-09-17T12:10:39.319+0000] {dagbag.py:545} INFO - Filling up the DagBag from /opt/airflow/dags/youtube_dwh_update.py
[2026-09-17T12:10:39.342+0000] {processor.py:840} INFO - DAG(s) 'youtube_dwh_update' retrieved from /opt/airflow/dags/youtube_dwh_update.py
[2026-09-17T12:10:39.370+0000] {logging_mixin.py:188} INFO - [2026-09-17T12:10:39.369+0000] {dag.py:3096} INFO - Sync 1 DAGs
[2026-09-17T12:10:39.395+0000] {logging_mixin.py:188} INFO - [2026-09-17T12:10:39.395+0000] {dag.py:3954} INFO - Setting next_dagrun for youtube_dwh_update to 2026-09-17 00:00:00+00:00, run_after=2026-09-18 00:00:00+00:00
[2026-09-17T12:10:39.430+0000] {processor.py:183} INFO - Processing /opt/airflow/dags/youtube_dwh_update.py took 0.125 seconds
[2026-09-17T12:11:09.680+0000] {processor.py:161} INFO - Started process (PID=2922) to work on /opt/airflow/dags/youtube_dwh_update.py
[2026-09-17T12:11:09.682+0000] {processor.py:830} INFO - Processing file /opt/airflow/dags/youtube_dwh_update.py for tasks to queue
[2026-09-17T12:11:09.686+0000] {logging_mixin.py:188} INFO - [2026-09-17T12:11:09.685+0000] {dagbag.py:545} INFO - Filling up the DagBag from /opt/airflow/dags/youtube_dwh_update.py
[2026-09-17T12:11:09.704+0000] {processor.py:840} INFO - DAG(s) 'youtube_dwh_update' retrieved from /opt/airflow/dags/youtube_dwh_update.py
[2026-09-17T12:11:09.731+0000] {logging_mixin.py:188} INFO - [2026-09-17T12:11:09.730+0000] {dag.py:3096} INFO - Sync 1 DAGs
[2026-09-17T12:11:09.758+0000] {logging_mixin.py:188} INFO - [2026-09-17T12:11:09.758+0000] {dag.py:3954} INFO - Setting next_dagrun for youtube_dwh_update to 2026-09-17 00:00:00+00:00, run_after=2026-09-18 00:00:00+00:00
[2026-09-17T12:11:09.791+0000] {processor.py:183} INFO - Processing /opt/airflow/dags/youtube_dwh_update.py took 0.119 seconds
[2026-09-17T12:11:39.994+0000] {processor.py:161} INFO - Started process (PID=2938) to work on /opt/airflow/dags/youtube_dwh_update.py
[2026-09-17T12:11:39.996+0000] {processor.py:830} INFO - Processing file /opt/airflow/dags/youtube_dwh_update.py for tasks to queue
[2026-09-17T12:11:39.999+0000] {logging_mixin.py:188} INFO - [2026-09-17T12:11:39.999+0000] {dagbag.py:545} INFO - Filling up the DagBag from /opt/airflow/dags/youtube_dwh_update.py
[2026-09-17T12:11:40.018+0000] {processor.py:840} INFO - DAG(s) 'youtube_dwh_update' retrieved from /opt/airflow/dags/youtube_dwh_update.py
[2026-09-17T12:11:40.045+0000] {logging_mixin.py:188} INFO - [2026-09-17T12:11:40.045+0000] {dag.py:3096} INFO - Sync 1 DAGs
[2026-09-17T12:11:40.075+0000] {logging_mixin.py:188} INFO - [2026-09-17T12:11:40.075+0000] {dag.py:3954} INFO - Setting next_dagrun for youtube_dwh_update to 2026-09-17 00:00:00+00:00, run_after=2026-09-18 00:00:00+00:00
[2026-09-17T12:11:40.108+0000] {processor.py:183} INFO - Processing /opt/airflow/dags/youtube_dwh_update.py took 0.123 seconds
[2026-09-17T12:12:10.325+0000] {processor.py:161} INFO - Started process (PID=2954) to work on /opt/airflow/dags/youtube_dwh_update.py
[2026-09-17T12:12:10.328+0000] {processor.py:830} INFO - Processing file /opt/airflow/dags/youtube_dwh_update.py for tasks to queue
[2026-09-17T12:12:10.331+0000] {logging_mixin.py:188} INFO - [2026-09-17T12:12:10.331+0000] {dagbag.py:545} INFO - Filling up the DagBag from /opt/airflow/dags/youtube_dwh_update.py
[2026-09-17T12:12:10.358+0000] {processor.py:840} INFO - DAG(s) 'youtube_dwh_update' retrieved from /opt/airflow/dags/youtube_dwh_update.py
[2026-09-17T12:12:10.396+0000] {logging_mixin.py:188} INFO - [2026-09-17T12:12:10.396+0000] {dag.py:3096} INFO - Sync 1 DAGs
[2026-09-17T12:12:10.435+0000] {logging_mixin.py:188} INFO - [2026-09-17T12:12:10.435+0000] {dag.py:3954} INFO - Setting next_dagrun for youtube_dwh_update to 2026-09-17 00:00:00+00:00, run_after=2026-09-18 00:00:00+00:00
[2026-09-17T12:12:10.476+0000] {processor.py:183} INFO - Processing /opt/airflow/dags/youtube_dwh_update.py took 0.159 seconds
[2026-09-17T12:12:40.677+0000] {processor.py:161} INFO - Started process (PID=2970) to work on /opt/airflow/dags/youtube_dwh_update.py
[2026-09-17T12:12:40.680+0000] {processor.py:830} INFO - Processing file /opt/airflow/dags/youtube_dwh_update.py for tasks to queue
[2026-09-17T12:12:40.684+0000] {logging_mixin.py:188} INFO - [2026-09-17T12:12:40.683+0000] {dagbag.py:545} INFO - Filling up the DagBag from /opt/airflow/dags/youtube_dwh_update.py
[2026-09-17T12:12:40.704+0000] {processor.py:840} INFO - DAG(s) 'youtube_dwh_update' retrieved from /opt/airflow/dags/youtube_dwh_update.py
[2026-09-17T12:12:40.729+0000] {logging_mixin.py:188} INFO - [2026-09-17T12:12:40.729+0000] {dag.py:3096} INFO - Sync 1 DAGs
[2026-09-17T12:12:40.755+0000] {logging_mixin.py:188} INFO - [2026-09-17T12:12:40.754+0000] {dag.py:3954} INFO - Setting next_dagrun for youtube_dwh_update to 2026-09-17 00:00:00+00:00, run_after=2026-09-18 00:00:00+00:00
[2026-09-17T12:12:40.785+0000] {processor.py:183} INFO - Processing /opt/airflow/dags/youtube_dwh_update.py took 0.116 seconds
[2026-09-17T12:13:10.987+0000] {processor.py:161} INFO - Started process (PID=2986) to work on /opt/airflow/dags/youtube_dwh_update.py
[2026-09-17T12:13:10.990+0000] {processor.py:830} INFO - Processing file /opt/airflow/dags/youtube_dwh_update.py for tasks to queue
[2026-09-17T12:13:10.993+0000] {logging_mixin.py:188} INFO - [2026-09-17T12:13:10.992+0000] {dagbag.py:545} INFO - Filling up the DagBag from /opt/airflow/dags/youtube_dwh_update.py
[2026-09-17T12:13:11.015+0000] {processor.py:840} INFO - DAG(s) 'youtube_dwh_update' retrieved from /opt/airflow/dags/youtube_dwh_update.py
[2026-09-17T12:13:11.044+0000] {logging_mixin.py:188} INFO - [2026-09-17T12:13:11.043+0000] {dag.py:3096} INFO - Sync 1 DAGs
[2026-09-17T12:13:11.072+0000] {logging_mixin.py:188} INFO - [2026-09-17T12:13:11.071+0000] {dag.py:3954} INFO - Setting next_dagrun for youtube_dwh_update to 2026-09-17 00:00:00+00:00, run_after=2026-09-18 00:00:00+00:00
[2026-09-17T12:13:11.106+0000] {processor.py:183} INFO - Processing /opt/airflow/dags/youtube_dwh_update.py took 0.126 seconds
[2026-09-17T12:13:41.314+0000] {processor.py:161} INFO - Started process (PID=3002) to work on /opt/airflow/dags/youtube_dwh_update.py
[2026-09-17T12:13:41.317+0000] {processor.py:830} INFO - Processing file /opt/airflow/dags/youtube_dwh_update.py for tasks to queue
[2026-09-17T12:13:41.323+0000] {logging_mixin.py:188} INFO - [2026-09-17T12:13:41.322+0000] {dagbag.py:545} INFO - Filling up the DagBag from /opt/airflow/dags/youtube_dwh_update.py
[2026-09-17T12:13:41.347+0000] {processor.py:840} INFO - DAG(s) 'youtube_dwh_update' retrieved from /opt/airflow/dags/youtube_dwh_update.py
[2026-09-17T12:13:41.378+0000] {logging_mixin.py:188} INFO - [2026-09-17T12:13:41.377+0000] {dag.py:3096} INFO - Sync 1 DAGs
[2026-09-17T12:13:41.409+0000] {logging_mixin.py:188} INFO - [2026-09-17T12:13:41.409+0000] {dag.py:3954} INFO - Setting next_dagrun for youtube_dwh_update to 2026-09-17 00:00:00+00:00, run_after=2026-09-18 00:00:00+00:00
[2026-09-17T12:13:41.448+0000] {processor.py:183} INFO - Processing /opt/airflow/dags/youtube_dwh_update.py took 0.143 seconds
[2026-09-17T12:14:11.673+0000] {processor.py:161} INFO - Started process (PID=3018) to work on /opt/airflow/dags/youtube_dwh_update.py
[2026-09-17T12:14:11.675+0000] {processor.py:830} INFO - Processing file /opt/airflow/dags/youtube_dwh_update.py for tasks to queue
[2026-09-17T12:14:11.678+0000] {logging_mixin.py:188} INFO - [2026-09-17T12:14:11.678+0000] {dagbag.py:545} INFO - Filling up the DagBag from /opt/airflow/dags/youtube_dwh_update.py
[2026-09-17T12:14:11.697+0000] {processor.py:840} INFO - DAG(s) 'youtube_dwh_update' retrieved from /opt/airflow/dags/youtube_dwh_update.py
[2026-09-17T12:14:11.723+0000] {logging_mixin.py:188} INFO - [2026-09-17T12:14:11.722+0000] {dag.py:3096} INFO - Sync 1 DAGs
[2026-09-17T12:14:11.755+0000] {logging_mixin.py:188} INFO - [2026-09-17T12:14:11.755+0000] {dag.py:3954} INFO - Setting next_dagrun for youtube_dwh_update to 2026-09-17 00:00:00+00:00, run_after=2026-09-18 00:00:00+00:00
[2026-09-17T12:14:11.789+0000] {processor.py:183} INFO - Processing /opt/airflow/dags/youtube_dwh_update.py took 0.124 seconds
[2026-09-17T12:14:41.991+0000] {processor.py:161} INFO - Started process (PID=3034) to work on /opt/airflow/dags/youtube_dwh_update.py
[2026-09-17T12:14:41.993+0000] {processor.py:830} INFO - Processing file /opt/airflow/dags/youtube_dwh_update.py for tasks to queue
[2026-09-17T12:14:41.996+0000] {logging_mixin.py:188} INFO - [2026-09-17T12:14:41.996+0000] {dagbag.py:545} INFO - Filling up the DagBag from /opt/airflow/dags/youtube_dwh_update.py
[2026-09-17T12:14:42.018+0000] {processor.py:840} INFO - DAG(s) 'youtube_dwh_update' retrieved from /opt/airflow/dags/youtube_dwh_update.py
[2026-09-17T12:14:42.043+0000] {logging_mixin.py:188} INFO - [2026-09-17T12:14:42.043+0000] {dag.py:3096} INFO - Sync 1 DAGs
[2026-09-17T12:14:42.071+0000] {logging_mixin.py:188} INFO - [2026-09-17T12:14:42.071+0000] {dag.py:3954} INFO - Setting next_dagrun for youtube_dwh_update to 2026-09-17 00:00:00+00:00, run_after=2026-09-18 00:00:00+00:00
[2026-09-17T12:14:42.104+0000] {processor.py:183} INFO - Processing /opt/airflow/dags/youtube_dwh_update.py took 0.122 seconds
[2026-09-17T12:15:12.310+0000] {processor.py:161} INFO - Started process (PID=3050) to work on /opt/airflow/dags/youtube_dwh_update.py
[2026-09-17T12:15:12.312+0000] {processor.py:830} INFO - Processing file /opt/airflow/dags/youtube_dwh_update.py for tasks to queue
[2026-09-17T12:15:12.316+0000] {logging_mixin.py:188} INFO - [2026-09-17T12:15:12.315+0000] {dagbag.py:545} INFO - Filling up the DagBag from /opt/airflow/dags/youtube_dwh_update.py
[2026-09-17T12:15:12.337+0000] {processor.py:840} INFO - DAG(s) 'youtube_dwh_update' retrieved from /opt/airflow/dags/youtube_dwh_update.py
[2026-09-17T12:15:12.363+0000] {logging_mixin.py:188} INFO - [2026-09-17T12:15:12.363+0000] {dag.py:3096} INFO - Sync 1 DAGs
[2026-09-17T12:15:12.390+0000] {logging_mixin.py:188} INFO - [2026-09-17T12:15:12.390+0000] {dag.py:3954} INFO - Setting next_dagrun for youtube_dwh_update to 2026-09-17 00:00:00+00:00, run_after=2026-09-18 00:00:00+00:00
[2026-09-17T12:15:12.417+0000] {processor.py:183} INFO - Processing /opt/airflow/dags/youtube_dwh_update.py took 0.114 seconds
[2026-09-17T12:15:42.624+0000] {processor.py:161} INFO - Started process (PID=3066) to work on /opt/airflow/dags/youtube_dwh_update.py
[2026-09-17T12:15:42.626+0000] {processor.py:830} INFO - Processing file /opt/airflow/dags/youtube_dwh_update.py for tasks to queue
[2026-09-17T12:15:42.629+0000] {logging_mixin.py:188} INFO - [2026-09-17T12:15:42.629+0000] {dagbag.py:545} INFO - Filling up the DagBag from /opt/airflow/dags/youtube_dwh_update.py
[2026-09-17T12:15:42.650+0000] {processor.py:840} INFO - DAG(s) 'youtube_dwh_update' retrieved from /opt/airflow/dags/youtube_dwh_update.py
[2026-09-17T12:15:42.678+0000] {logging_mixin.py:188} INFO - [2026-09-17T12:15:42.678+0000] {dag.py:3096} INFO - Sync 1 DAGs
[2026-09-17T12:15:42.706+0000] {logging_mixin.py:188} INFO - [2026-09-17T12:15:42.706+0000] {dag.py:3954} INFO - Setting next_dagrun for youtube_dwh_update to 2026-09-17 00:00:00+00:00, run_after=2026-09-18 00:00:00+00:00
[2026-09-17T12:15:42.742+0000] {processor.py:183} INFO - Processing /opt/airflow/dags/youtube_dwh_update.py took 0.126 seconds
[2026-09-17T12:16:12.985+0000] {processor.py:161} INFO - Started process (PID=3082) to work on /opt/airflow/dags/youtube_dwh_update.py
[2026-09-17T12:16:12.987+0000] {processor.py:830} INFO - Processing file /opt/airflow/dags/youtube_dwh_update.py for tasks to queue
[2026-09-17T12:16:12.990+0000] {logging_mixin.py:188} INFO - [2026-09-17T12:16:12.990+0000] {dagbag.py:545} INFO - Filling up the DagBag from /opt/airflow/dags/youtube_dwh_update.py
[2026-09-17T12:16:13.009+0000] {processor.py:840} INFO - DAG(s) 'youtube_dwh_update' retrieved from /opt/airflow/dags/youtube_dwh_update.py
[2026-09-17T12:16:13.035+0000] {logging_mixin.py:188} INFO - [2026-09-17T12:16:13.035+0000] {dag.py:3096} INFO - Sync 1 DAGs
[2026-09-17T12:16:13.066+0000] {logging_mixin.py:188} INFO - [2026-09-17T12:16:13.065+0000] {dag.py:3954} INFO - Setting next_dagrun for youtube_dwh_update to 2026-09-17 00:00:00+00:00, run_after=2026-09-18 00:00:00+00:00
[2026-09-17T12:16:13.095+0000] {processor.py:183} INFO - Processing /opt/airflow/dags/youtube_dwh_update.py took 0.117 seconds
[2026-09-17T12:16:43.299+0000] {processor.py:161} INFO - Started process (PID=3098) to work on /opt/airflow/dags/youtube_dwh_update.py
[2026-09-17T12:16:43.302+0000] {processor.py:830} INFO - Processing file /opt/airflow/dags/youtube_dwh_update.py for tasks to queue
[2026-09-17T12:16:43.306+0000] {logging_mixin.py:188} INFO - [2026-09-17T12:16:43.306+0000] {dagbag.py:545} INFO - Filling up the DagBag from /opt/airflow/dags/youtube_dwh_update.py
[2026-09-17T12:16:43.327+0000] {processor.py:840} INFO - DAG(s) 'youtube_dwh_update' retrieved from /opt/airflow/dags/youtube_dwh_update.py
[2026-09-17T12:16:43.358+0000] {logging_mixin.py:188} INFO - [2026-09-17T12:16:43.358+0000] {dag.py:3096} INFO - Sync 1 DAGs
[2026-09-17T12:16:43.408+0000] {logging_mixin.py:188} INFO - [2026-09-17T12:16:43.408+0000] {dag.py:3954} INFO - Setting next_dagrun for youtube_dwh_update to 2026-09-17 00:00:00+00:00, run_after=2026-09-18 00:00:00+00:00
[2026-09-17T12:16:43.456+0000] {processor.py:183} INFO - Processing /opt/airflow/dags/youtube_dwh_update.py took 0.164 seconds
[2026-09-17T12:17:13.671+0000] {processor.py:161} INFO - Started process (PID=3114) to work on /opt/airflow/dags/youtube_dwh_update.py
[2026-09-17T12:17:13.673+0000] {processor.py:830} INFO - Processing file /opt/airflow/dags/youtube_dwh_update.py for tasks to queue
[2026-09-17T12:17:13.676+0000] {logging_mixin.py:188} INFO - [2026-09-17T12:17:13.676+0000] {dagbag.py:545} INFO - Filling up the DagBag from /opt/airflow/dags/youtube_dwh_update.py
[2026-09-17T12:17:13.706+0000] {processor.py:840} INFO - DAG(s) 'youtube_dwh_update' retrieved from /opt/airflow/dags/youtube_dwh_update.py
[2026-09-17T12:17:13.733+0000] {logging_mixin.py:188} INFO - [2026-09-17T12:17:13.733+0000] {dag.py:3096} INFO - Sync 1 DAGs
[2026-09-17T12:17:13.759+0000] {logging_mixin.py:188} INFO - [2026-09-17T12:17:13.759+0000] {dag.py:3954} INFO - Setting next_dagrun for youtube_dwh_update to 2026-09-17 00:00:00+00:00, run_after=2026-09-18 00:00:00+00:00
[2026-09-17T12:17:13.784+0000] {processor.py:183} INFO - Processing /opt/airflow/dags/youtube_dwh_update.py took 0.121 seconds
[2026-09-17T12:17:43.986+0000] {processor.py:161} INFO - Started process (PID=3130) to work on /opt/airflow/dags/youtube_dwh_update.py
[2026-09-17T12:17:43.988+0000] {processor.py:830} INFO - Processing file /opt/airflow/dags/youtube_dwh_update.py for tasks to queue
[2026-09-17T12:17:43.991+0000] {logging_mixin.py:188} INFO - [2026-09-17T12:17:43.991+0000] {dagbag.py:545} INFO - Filling up the DagBag from /opt/airflow/dags/youtube_dwh_update.py
[2026-09-17T12:17:44.010+0000] {processor.py:840} INFO - DAG(s) 'youtube_dwh_update' retrieved from /opt/airflow/dags/youtube_dwh_update.py
[2026-09-17T12:17:44.035+0000] {logging_mixin.py:188} INFO - [2026-09-17T12:17:44.035+0000] {dag.py:3096} INFO - Sync 1 DAGs
[2026-09-17T12:17:44.062+0000] {logging_mixin.py:188} INFO - [2026-09-17T12:17:44.062+0000] {dag.py:3954} INFO - Setting next_dagrun for youtube_dwh_update to 2026-09-17 00:00:00+00:00, run_after=2026-09-18 00:00:00+00:00
[2026-09-17T12:17:44.094+0000] {processor.py:183} INFO - Processing /opt/airflow/dags/youtube_dwh_update.py took 0.116 seconds
[2026-09-17T12:18:14.297+0000] {processor.py:161} INFO - Started process (PID=3146) to work on /opt/airflow/dags/youtube_dwh_update.py
[2026-09-17T12:18:14.299+0000] {processor.py:830} INFO - Processing file /opt/airflow/dags/youtube_dwh_update.py for tasks to queue
[2026-09-17T12:18:14.302+0000] {logging_mixin.py:188} INFO - [2026-09-17T12:18:14.302+0000] {dagbag.py:545} INFO - Filling up the DagBag from /opt/airflow/dags/youtube_dwh_update.py
[2026-09-17T12:18:14.323+0000] {processor.py:840} INFO - DAG(s) 'youtube_dwh_update' retrieved from /opt/airflow/dags/youtube_dwh_update.py
[2026-09-17T12:18:14.350+0000] {logging_mixin.py:188} INFO - [2026-09-17T12:18:14.350+0000] {dag.py:3096} INFO - Sync 1 DAGs
[2026-09-17T12:18:14.375+0000] {logging_mixin.py:188} INFO - [2026-09-17T12:18:14.374+0000] {dag.py:3954} INFO - Setting next_dagrun for youtube_dwh_update to 2026-09-17 00:00:00+00:00, run_after=2026-09-18 00:00:00+00:00
[2026-09-17T12:18:14.408+0000] {processor.py:183} INFO - Processing /opt/airflow/dags/youtube_dwh_update.py took 0.120 seconds
[2026-09-17T12:18:44.608+0000] {processor.py:161} INFO - Started process (PID=3162) to work on /opt/airflow/dags/youtube_dwh_update.py
[2026-09-17T12:18:44.610+0000] {processor.py:830} INFO - Processing file /opt/airflow/dags/youtube_dwh_update.py for tasks to queue
[2026-09-17T12:18:44.614+0000] {logging_mixin.py:188} INFO - [2026-09-17T12:18:44.613+0000] {dagbag.py:545} INFO - Filling up the DagBag from /opt/airflow/dags/youtube_dwh_update.py
[2026-09-17T12:18:44.633+0000] {processor.py:840} INFO - DAG(s) 'youtube_dwh_update' retrieved from /opt/airflow/dags/youtube_dwh_update.py
[2026-09-17T12:18:44.659+0000] {logging_mixin.py:188} INFO - [2026-09-17T12:18:44.659+0000] {dag.py:3096} INFO - Sync 1 DAGs
[2026-09-17T12:18:44.689+0000] {logging_mixin.py:188} INFO - [2026-09-17T12:18:44.689+0000] {dag.py:3954} INFO - Setting next_dagrun for youtube_dwh_update to 2026-09-17 00:00:00+00:00, run_after=2026-09-18 00:00:00+00:00
[2026-09-17T12:18:44.723+0000] {processor.py:183} INFO - Processing /opt/airflow/dags/youtube_dwh_update.py took 0.123 seconds
[2026-09-17T12:19:14.921+0000] {processor.py:161} INFO - Started process (PID=3178) to work on /opt/airflow/dags/youtube_dwh_update.py
[2026-09-17T12:19:14.924+0000] {processor.py:830} INFO - Processing file /opt/airflow/dags/youtube_dwh_update.py for tasks to queue
[2026-09-17T12:19:14.927+0000] {logging_mixin.py:188} INFO - [2026-09-17T12:19:14.927+0000] {dagbag.py:545} INFO - Filling up the DagBag from /opt/airflow/dags/youtube_dwh_update.py
[2026-09-17T12:19:14.947+0000] {processor.py:840} INFO - DAG(s) 'youtube_dwh_update' retrieved from /opt/airflow/dags/youtube_dwh_update.py
[2026-09-17T12:19:14.976+0000] {logging_mixin.py:188} INFO - [2026-09-17T12:19:14.976+0000] {dag.py:3096} INFO - Sync 1 DAGs
[2026-09-17T12:19:15.004+0000] {logging_mixin.py:188} INFO - [2026-09-17T12:19:15.003+0000] {dag.py:3954} INFO - Setting next_dagrun for youtube_dwh_update to 2026-09-17 00:00:00+00:00, run_after=2026-09-18 00:00:00+00:00
[2026-09-17T12:19:15.035+0000] {processor.py:183} INFO - Processing /opt/airflow/dags/youtube_dwh_update.py took 0.123 seconds
[2026-09-17T12:19:45.243+0000] {processor.py:161} INFO - Started process (PID=3194) to work on /opt/airflow/dags/youtube_dwh_update.py
[2026-09-17T12:19:45.245+0000] {processor.py:830} INFO - Processing file /opt/airflow/dags/youtube_dwh_update.py for tasks to queue
[2026-09-17T12:19:45.249+0000] {logging_mixin.py:188} INFO - [2026-09-17T12:19:45.248+0000] {dagbag.py:545} INFO - Filling up the DagBag from /opt/airflow/dags/youtube_dwh_update.py
[2026-09-17T12:19:45.269+0000] {processor.py:840} INFO - DAG(s) 'youtube_dwh_update' retrieved from /opt/airflow/dags/youtube_dwh_update.py
[2026-09-17T12:19:45.294+0000] {logging_mixin.py:188} INFO - [2026-09-17T12:19:45.294+0000] {dag.py:3096} INFO - Sync 1 DAGs
[2026-09-17T12:19:45.323+0000] {logging_mixin.py:188} INFO - [2026-09-17T12:19:45.322+0000] {dag.py:3954} INFO - Setting next_dagrun for youtube_dwh_update to 2026-09-17 00:00:00+00:00, run_after=2026-09-18 00:00:00+00:00
[2026-09-17T12:19:45.357+0000] {processor.py:183} INFO - Processing /opt/airflow/dags/youtube_dwh_update.py took 0.123 seconds
[2026-09-17T12:20:15.559+0000] {processor.py:161} INFO - Started process (PID=3210) to work on /opt/airflow/dags/youtube_dwh_update.py
[2026-09-17T12:20:15.561+0000] {processor.py:830} INFO - Processing file /opt/airflow/dags/youtube_dwh_update.py for tasks to queue
[2026-09-17T12:20:15.567+0000] {logging_mixin.py:188} INFO - [2026-09-17T12:20:15.566+0000] {dagbag.py:545} INFO - Filling up the DagBag from /opt/airflow/dags/youtube_dwh_update.py
[2026-09-17T12:20:15.587+0000] {processor.py:840} INFO - DAG(s) 'youtube_dwh_update' retrieved from /opt/airflow/dags/youtube_dwh_update.py
[2026-09-17T12:20:15.612+0000] {logging_mixin.py:188} INFO - [2026-09-17T12:20:15.612+0000] {dag.py:3096} INFO - Sync 1 DAGs
[2026-09-17T12:20:15.641+0000] {logging_mixin.py:188} INFO - [2026-09-17T12:20:15.640+0000] {dag.py:3954} INFO - Setting next_dagrun for youtube_dwh_update to 2026-09-17 00:00:00+00:00, run_after=2026-09-18 00:00:00+00:00
[2026-09-17T12:20:15.675+0000] {processor.py:183} INFO - Processing /opt/airflow/dags/youtube_dwh_update.py took 0.123 seconds
[2026-09-17T12:20:45.879+0000] {processor.py:161} INFO - Started process (PID=3226) to work on /opt/airflow/dags/youtube_dwh_update.py
[2026-09-17T12:20:45.881+0000] {processor.py:830} INFO - Processing file /opt/airflow/dags/youtube_dwh_update.py for tasks to queue
[2026-09-17T12:20:45.885+0000] {logging_mixin.py:188} INFO - [2026-09-17T12:20:45.884+0000] {dagbag.py:545} INFO - Filling up the DagBag from /opt/airflow/dags/youtube_dwh_update.py
[2026-09-17T12:20:45.904+0000] {processor.py:840} INFO - DAG(s) 'youtube_dwh_update' retrieved from /opt/airflow/dags/youtube_dwh_update.py
[2026-09-17T12:20:45.930+0000] {logging_mixin.py:188} INFO - [2026-09-17T12:20:45.930+0000] {dag.py:3096} INFO - Sync 1 DAGs
[2026-09-17T12:20:45.956+0000] {logging_mixin.py:188} INFO - [2026-09-17T12:20:45.955+0000] {dag.py:3954} INFO - Setting next_dagrun for youtube_dwh_update to 2026-09-17 00:00:00+00:00, run_after=2026-09-18 00:00:00+00:00
[2026-09-17T12:20:45.989+0000] {processor.py:183} INFO - Processing /opt/airflow/dags/youtube_dwh_update.py took 0.116 seconds
[2026-09-17T12:21:16.216+0000] {processor.py:161} INFO - Started process (PID=3242) to work on /opt/airflow/dags/youtube_dwh_update.py
[2026-09-17T12:21:16.218+0000] {processor.py:830} INFO - Processing file /opt/airflow/dags/youtube_dwh_update.py for tasks to queue
[2026-09-17T12:21:16.221+0000] {logging_mixin.py:188} INFO - [2026-09-17T12:21:16.221+0000] {dagbag.py:545} INFO - Filling up the DagBag from /opt/airflow/dags/youtube_dwh_update.py
[2026-09-17T12:21:16.241+0000] {processor.py:840} INFO - DAG(s) 'youtube_dwh_update' retrieved from /opt/airflow/dags/youtube_dwh_update.py
[2026-09-17T12:21:16.266+0000] {logging_mixin.py:188} INFO - [2026-09-17T12:21:16.265+0000] {dag.py:3096} INFO - Sync 1 DAGs
[2026-09-17T12:21:16.295+0000] {logging_mixin.py:188} INFO - [2026-09-17T12:21:16.295+0000] {dag.py:3954} INFO - Setting next_dagrun for youtube_dwh_update to 2026-09-17 00:00:00+00:00, run_after=2026-09-18 00:00:00+00:00
[2026-09-17T12:21:16.326+0000] {processor.py:183} INFO - Processing /opt/airflow/dags/youtube_dwh_update.py took 0.117 seconds
[2026-09-17T12:21:46.540+0000] {processor.py:161} INFO - Started process (PID=3258) to work on /opt/airflow/dags/youtube_dwh_update.py
[2026-09-17T12:21:46.542+0000] {processor.py:830} INFO - Processing file /opt/airflow/dags/youtube_dwh_update.py for tasks to queue
[2026-09-17T12:21:46.546+0000] {logging_mixin.py:188} INFO - [2026-09-17T12:21:46.546+0000] {dagbag.py:545} INFO - Filling up the DagBag from /opt/airflow/dags/youtube_dwh_update.py
[2026-09-17T12:21:46.572+0000] {processor.py:840} INFO - DAG(s) 'youtube_dwh_update' retrieved from /opt/airflow/dags/youtube_dwh_update.py
[2026-09-17T12:21:46.631+0000] {logging_mixin.py:188} INFO - [2026-09-17T12:21:46.631+0000] {dag.py:3096} INFO - Sync 1 DAGs
[2026-09-17T12:21:46.670+0000] {logging_mixin.py:188} INFO - [2026-09-17T12:21:46.670+0000] {dag.py:3954} INFO - Setting next_dagrun for youtube_dwh_update to 2026-09-17 00:00:00+00:00, run_after=2026-09-18 00:00:00+00:00
[2026-09-17T12:21:46.703+0000] {processor.py:183} INFO - Processing /opt/airflow/dags/youtube_dwh_update.py took 0.173 seconds
[2026-09-17T12:22:16.912+0000] {processor.py:161} INFO - Started process (PID=3274) to work on /opt/airflow/dags/youtube_dwh_update.py
[2026-09-17T12:22:16.914+0000] {processor.py:830} INFO - Processing file /opt/airflow/dags/youtube_dwh_update.py for tasks to queue
[2026-09-17T12:22:16.918+0000] {logging_mixin.py:188} INFO - [2026-09-17T12:22:16.917+0000] {dagbag.py:545} INFO - Filling up the DagBag from /opt/airflow/dags/youtube_dwh_update.py
[2026-09-17T12:22:16.936+0000] {processor.py:840} INFO - DAG(s) 'youtube_dwh_update' retrieved from /opt/airflow/dags/youtube_dwh_update.py
[2026-09-17T12:22:16.962+0000] {logging_mixin.py:188} INFO - [2026-09-17T12:22:16.962+0000] {dag.py:3096} INFO - Sync 1 DAGs
[2026-09-17T12:22:16.989+0000] {logging_mixin.py:188} INFO - [2026-09-17T12:22:16.989+0000] {dag.py:3954} INFO - Setting next_dagrun for youtube_dwh_update to 2026-09-17 00:00:00+00:00, run_after=2026-09-18 00:00:00+00:00
[2026-09-17T12:22:17.022+0000] {processor.py:183} INFO - Processing /opt/airflow/dags/youtube_dwh_update.py took 0.117 seconds
[2026-09-17T12:22:47.223+0000] {processor.py:161} INFO - Started process (PID=3290) to work on /opt/airflow/dags/youtube_dwh_update.py
[2026-09-17T12:22:47.226+0000] {processor.py:830} INFO - Processing file /opt/airflow/dags/youtube_dwh_update.py for tasks to queue
[2026-09-17T12:22:47.229+0000] {logging_mixin.py:188} INFO - [2026-09-17T12:22:47.228+0000] {dagbag.py:545} INFO - Filling up the DagBag from /opt/airflow/dags/youtube_dwh_update.py
[2026-09-17T12:22:47.248+0000] {processor.py:840} INFO - DAG(s) 'youtube_dwh_update' retrieved from /opt/airflow/dags/youtube_dwh_update.py
[2026-09-17T12:22:47.273+0000] {logging_mixin.py:188} INFO - [2026-09-17T12:22:47.273+0000] {dag.py:3096} INFO - Sync 1 DAGs
[2026-09-17T12:22:47.301+0000] {logging_mixin.py:188} INFO - [2026-09-17T12:22:47.300+0000] {dag.py:3954} INFO - Setting next_dagrun for youtube_dwh_update to 2026-09-17 00:00:00+00:00, run_after=2026-09-18 00:00:00+00:00
[2026-09-17T12:22:47.334+0000] {processor.py:183} INFO - Processing /opt/airflow/dags/youtube_dwh_update.py took 0.119 seconds
[2026-09-17T12:23:17.539+0000] {processor.py:161} INFO - Started process (PID=3306) to work on /opt/airflow/dags/youtube_dwh_update.py
[2026-09-17T12:23:17.542+0000] {processor.py:830} INFO - Processing file /opt/airflow/dags/youtube_dwh_update.py for tasks to queue
[2026-09-17T12:23:17.545+0000] {logging_mixin.py:188} INFO - [2026-09-17T12:23:17.545+0000] {dagbag.py:545} INFO - Filling up the DagBag from /opt/airflow/dags/youtube_dwh_update.py
[2026-09-17T12:23:17.566+0000] {processor.py:840} INFO - DAG(s) 'youtube_dwh_update' retrieved from /opt/airflow/dags/youtube_dwh_update.py
[2026-09-17T12:23:17.592+0000] {logging_mixin.py:188} INFO - [2026-09-17T12:23:17.591+0000] {dag.py:3096} INFO - Sync 1 DAGs
[2026-09-17T12:23:17.618+0000] {logging_mixin.py:188} INFO - [2026-09-17T12:23:17.617+0000] {dag.py:3954} INFO - Setting next_dagrun for youtube_dwh_update to 2026-09-17 00:00:00+00:00, run_after=2026-09-18 00:00:00+00:00
[2026-09-17T12:23:17.643+0000] {processor.py:183} INFO - Processing /opt/airflow/dags/youtube_dwh_update.py took 0.111 seconds
[2026-09-17T12:23:47.843+0000] {processor.py:161} INFO - Started process (PID=3322) to work on /opt/airflow/dags/youtube_dwh_update.py
[2026-09-17T12:23:47.845+0000] {processor.py:830} INFO - Processing file /opt/airflow/dags/youtube_dwh_update.py for tasks to queue
[2026-09-17T12:23:47.850+0000] {logging_mixin.py:188} INFO - [2026-09-17T12:23:47.849+0000] {dagbag.py:545} INFO - Filling up the DagBag from /opt/airflow/dags/youtube_dwh_update.py
[2026-09-17T12:23:47.871+0000] {processor.py:840} INFO - DAG(s) 'youtube_dwh_update' retrieved from /opt/airflow/dags/youtube_dwh_update.py
[2026-09-17T12:23:47.898+0000] {logging_mixin.py:188} INFO - [2026-09-17T12:23:47.898+0000] {dag.py:3096} INFO - Sync 1 DAGs
[2026-09-17T12:23:47.925+0000] {logging_mixin.py:188} INFO - [2026-09-17T12:23:47.925+0000] {dag.py:3954} INFO - Setting next_dagrun for youtube_dwh_update to 2026-09-17 00:00:00+00:00, run_after=2026-09-18 00:00:00+00:00
[2026-09-17T12:23:47.956+0000] {processor.py:183} INFO - Processing /opt/airflow/dags/youtube_dwh_update.py took 0.122 seconds
[2026-09-17T12:24:18.164+0000] {processor.py:161} INFO - Started process (PID=3338) to work on /opt/airflow/dags/youtube_dwh_update.py
[2026-09-17T12:24:18.166+0000] {processor.py:830} INFO - Processing file /opt/airflow/dags/youtube_dwh_update.py for tasks to queue
[2026-09-17T12:24:18.170+0000] {logging_mixin.py:188} INFO - [2026-09-17T12:24:18.169+0000] {dagbag.py:545} INFO - Filling up the DagBag from /opt/airflow/dags/youtube_dwh_update.py
[2026-09-17T12:24:18.191+0000] {processor.py:840} INFO - DAG(s) 'youtube_dwh_update' retrieved from /opt/airflow/dags/youtube_dwh_update.py
[2026-09-17T12:24:18.226+0000] {logging_mixin.py:188} INFO - [2026-09-17T12:24:18.226+0000] {dag.py:3096} INFO - Sync 1 DAGs
[2026-09-17T12:24:18.264+0000] {logging_mixin.py:188} INFO - [2026-09-17T12:24:18.264+0000] {dag.py:3954} INFO - Setting next_dagrun for youtube_dwh_update to 2026-09-17 00:00:00+00:00, run_after=2026-09-18 00:00:00+00:00
[2026-09-17T12:24:18.307+0000] {processor.py:183} INFO - Processing /opt/airflow/dags/youtube_dwh_update.py took 0.150 seconds
[2026-09-17T12:24:48.510+0000] {processor.py:161} INFO - Started process (PID=3354) to work on /opt/airflow/dags/youtube_dwh_update.py
[2026-09-17T12:24:48.512+0000] {processor.py:830} INFO - Processing file /opt/airflow/dags/youtube_dwh_update.py for tasks to queue
[2026-09-17T12:24:48.516+0000] {logging_mixin.py:188} INFO - [2026-09-17T12:24:48.516+0000] {dagbag.py:545} INFO - Filling up the DagBag from /opt/airflow/dags/youtube_dwh_update.py
[2026-09-17T12:24:48.538+0000] {processor.py:840} INFO - DAG(s) 'youtube_dwh_update' retrieved from /opt/airflow/dags/youtube_dwh_update.py
[2026-09-17T12:24:48.579+0000] {logging_mixin.py:188} INFO - [2026-09-17T12:24:48.579+0000] {dag.py:3096} INFO - Sync 1 DAGs
[2026-09-17T12:24:48.613+0000] {logging_mixin.py:188} INFO - [2026-09-17T12:24:48.613+0000] {dag.py:3954} INFO - Setting next_dagrun for youtube_dwh_update to 2026-09-17 00:00:00+00:00, run_after=2026-09-18 00:00:00+00:00
[2026-09-17T12:24:48.647+0000] {processor.py:183} INFO - Processing /opt/airflow/dags/youtube_dwh_update.py took 0.145 seconds
[2026-09-17T12:25:18.847+0000] {processor.py:161} INFO - Started process (PID=3370) to work on /opt/airflow/dags/youtube_dwh_update.py
[2026-09-17T12:25:18.849+0000] {processor.py:830} INFO - Processing file /opt/airflow/dags/youtube_dwh_update.py for tasks to queue
[2026-09-17T12:25:18.852+0000] {logging_mixin.py:188} INFO - [2026-09-17T12:25:18.852+0000] {dagbag.py:545} INFO - Filling up the DagBag from /opt/airflow/dags/youtube_dwh_update.py
[2026-09-17T12:25:18.872+0000] {processor.py:840} INFO - DAG(s) 'youtube_dwh_update' retrieved from /opt/airflow/dags/youtube_dwh_update.py
[2026-09-17T12:25:18.897+0000] {logging_mixin.py:188} INFO - [2026-09-17T12:25:18.897+0000] {dag.py:3096} INFO - Sync 1 DAGs
[2026-09-17T12:25:18.929+0000] {logging_mixin.py:188} INFO - [2026-09-17T12:25:18.928+0000] {dag.py:3954} INFO - Setting next_dagrun for youtube_dwh_update to 2026-09-17 00:00:00+00:00, run_after=2026-09-18 00:00:00+00:00
[2026-09-17T12:25:18.955+0000] {processor.py:183} INFO - Processing /opt/airflow/dags/youtube_dwh_update.py took 0.117 seconds
[2026-09-17T12:25:49.158+0000] {processor.py:161} INFO - Started process (PID=3386) to work on /opt/airflow/dags/youtube_dwh_update.py
[2026-09-17T12:25:49.161+0000] {processor.py:830} INFO - Processing file /opt/airflow/dags/youtube_dwh_update.py for tasks to queue
[2026-09-17T12:25:49.165+0000] {logging_mixin.py:188} INFO - [2026-09-17T12:25:49.164+0000] {dagbag.py:545} INFO - Filling up the DagBag from /opt/airflow/dags/youtube_dwh_update.py
[2026-09-17T12:25:49.186+0000] {processor.py:840} INFO - DAG(s) 'youtube_dwh_update' retrieved from /opt/airflow/dags/youtube_dwh_update.py
[2026-09-17T12:25:49.211+0000] {logging_mixin.py:188} INFO - [2026-09-17T12:25:49.211+0000] {dag.py:3096} INFO - Sync 1 DAGs
[2026-09-17T12:25:49.239+0000] {logging_mixin.py:188} INFO - [2026-09-17T12:25:49.238+0000] {dag.py:3954} INFO - Setting next_dagrun for youtube_dwh_update to 2026-09-17 00:00:00+00:00, run_after=2026-09-18 00:00:00+00:00
[2026-09-17T12:25:49.272+0000] {processor.py:183} INFO - Processing /opt/airflow/dags/youtube_dwh_update.py took 0.122 seconds
[2026-09-17T12:26:19.480+0000] {processor.py:161} INFO - Started process (PID=3402) to work on /opt/airflow/dags/youtube_dwh_update.py
[2026-09-17T12:26:19.482+0000] {processor.py:830} INFO - Processing file /opt/airflow/dags/youtube_dwh_update.py for tasks to queue
[2026-09-17T12:26:19.488+0000] {logging_mixin.py:188} INFO - [2026-09-17T12:26:19.487+0000] {dagbag.py:545} INFO - Filling up the DagBag from /opt/airflow/dags/youtube_dwh_update.py
[2026-09-17T12:26:19.510+0000] {processor.py:840} INFO - DAG(s) 'youtube_dwh_update' retrieved from /opt/airflow/dags/youtube_dwh_update.py
[2026-09-17T12:26:19.540+0000] {logging_mixin.py:188} INFO - [2026-09-17T12:26:19.540+0000] {dag.py:3096} INFO - Sync 1 DAGs
[2026-09-17T12:26:19.570+0000] {logging_mixin.py:188} INFO - [2026-09-17T12:26:19.570+0000] {dag.py:3954} INFO - Setting next_dagrun for youtube_dwh_update to 2026-09-17 00:00:00+00:00, run_after=2026-09-18 00:00:00+00:00
[2026-09-17T12:26:19.612+0000] {processor.py:183} INFO - Processing /opt/airflow/dags/youtube_dwh_update.py took 0.138 seconds
[2026-09-17T12:26:49.808+0000] {processor.py:161} INFO - Started process (PID=3418) to work on /opt/airflow/dags/youtube_dwh_update.py
[2026-09-17T12:26:49.810+0000] {processor.py:830} INFO - Processing file /opt/airflow/dags/youtube_dwh_update.py for tasks to queue
[2026-09-17T12:26:49.813+0000] {logging_mixin.py:188} INFO - [2026-09-17T12:26:49.813+0000] {dagbag.py:545} INFO - Filling up the DagBag from /opt/airflow/dags/youtube_dwh_update.py
[2026-09-17T12:26:49.834+0000] {processor.py:840} INFO - DAG(s) 'youtube_dwh_update' retrieved from /opt/airflow/dags/youtube_dwh_update.py
[2026-09-17T12:26:49.859+0000] {logging_mixin.py:188} INFO - [2026-09-17T12:26:49.859+0000] {dag.py:3096} INFO - Sync 1 DAGs
[2026-09-17T12:26:49.886+0000] {logging_mixin.py:188} INFO - [2026-09-17T12:26:49.886+0000] {dag.py:3954} INFO - Setting next_dagrun for youtube_dwh_update to 2026-09-17 00:00:00+00:00, run_after=2026-09-18 00:00:00+00:00
[2026-09-17T12:26:49.919+0000] {processor.py:183} INFO - Processing /opt/airflow/dags/youtube_dwh_update.py took 0.121 seconds
[2026-09-17T12:27:20.124+0000] {processor.py:161} INFO - Started process (PID=3433) to work on /opt/airflow/dags/youtube_dwh_update.py
[2026-09-17T12:27:20.126+0000] {processor.py:830} INFO - Processing file /opt/airflow/dags/youtube_dwh_update.py for tasks to queue
[2026-09-17T12:27:20.129+0000] {logging_mixin.py:188} INFO - [2026-09-17T12:27:20.128+0000] {dagbag.py:545} INFO - Filling up the DagBag from /opt/airflow/dags/youtube_dwh_update.py
[2026-09-17T12:27:20.148+0000] {processor.py:840} INFO - DAG(s) 'youtube_dwh_update' retrieved from /opt/airflow/dags/youtube_dwh_update.py
[2026-09-17T12:27:20.175+0000] {logging_mixin.py:188} INFO - [2026-09-17T12:27:20.175+0000] {dag.py:3096} INFO - Sync 1 DAGs
[2026-09-17T12:27:20.202+0000] {logging_mixin.py:188} INFO - [2026-09-17T12:27:20.201+0000] {dag.py:3954} INFO - Setting next_dagrun for youtube_dwh_update to 2026-09-17 00:00:00+00:00, run_after=2026-09-18 00:00:00+00:00
[2026-09-17T12:27:20.235+0000] {processor.py:183} INFO - Processing /opt/airflow/dags/youtube_dwh_update.py took 0.119 seconds
[2026-09-17T12:27:50.437+0000] {processor.py:161} INFO - Started process (PID=3449) to work on /opt/airflow/dags/youtube_dwh_update.py
[2026-09-17T12:27:50.440+0000] {processor.py:830} INFO - Processing file /opt/airflow/dags/youtube_dwh_update.py for tasks to queue
[2026-09-17T12:27:50.442+0000] {logging_mixin.py:188} INFO - [2026-09-17T12:27:50.442+0000] {dagbag.py:545} INFO - Filling up the DagBag from /opt/airflow/dags/youtube_dwh_update.py
[2026-09-17T12:27:50.462+0000] {processor.py:840} INFO - DAG(s) 'youtube_dwh_update' retrieved from /opt/airflow/dags/youtube_dwh_update.py
[2026-09-17T12:27:50.490+0000] {logging_mixin.py:188} INFO - [2026-09-17T12:27:50.490+0000] {dag.py:3096} INFO - Sync 1 DAGs
[2026-09-17T12:27:50.517+0000] {logging_mixin.py:188} INFO - [2026-09-17T12:27:50.517+0000] {dag.py:3954} INFO - Setting next_dagrun for youtube_dwh_update to 2026-09-17 00:00:00+00:00, run_after=2026-09-18 00:00:00+00:00
[2026-09-17T12:27:50.551+0000] {processor.py:183} INFO - Processing /opt/airflow/dags/youtube_dwh_update.py took 0.122 seconds
[2026-09-17T12:28:20.754+0000] {processor.py:161} INFO - Started process (PID=3465) to work on /opt/airflow/dags/youtube_dwh_update.py
[2026-09-17T12:28:20.756+0000] {processor.py:830} INFO - Processing file /opt/airflow/dags/youtube_dwh_update.py for tasks to queue
[2026-09-17T12:28:20.760+0000] {logging_mixin.py:188} INFO - [2026-09-17T12:28:20.759+0000] {dagbag.py:545} INFO - Filling up the DagBag from /opt/airflow/dags/youtube_dwh_update.py
[2026-09-17T12:28:20.779+0000] {processor.py:840} INFO - DAG(s) 'youtube_dwh_update' retrieved from /opt/airflow/dags/youtube_dwh_update.py
[2026-09-17T12:28:20.806+0000] {logging_mixin.py:188} INFO - [2026-09-17T12:28:20.806+0000] {dag.py:3096} INFO - Sync 1 DAGs
[2026-09-17T12:28:20.835+0000] {logging_mixin.py:188} INFO - [2026-09-17T12:28:20.835+0000] {dag.py:3954} INFO - Setting next_dagrun for youtube_dwh_update to 2026-09-17 00:00:00+00:00, run_after=2026-09-18 00:00:00+00:00
[2026-09-17T12:28:20.868+0000] {processor.py:183} INFO - Processing /opt/airflow/dags/youtube_dwh_update.py took 0.124 seconds
[2026-09-17T12:28:51.072+0000] {processor.py:161} INFO - Started process (PID=3481) to work on /opt/airflow/dags/youtube_dwh_update.py
[2026-09-17T12:28:51.074+0000] {processor.py:830} INFO - Processing file /opt/airflow/dags/youtube_dwh_update.py for tasks to queue
[2026-09-17T12:28:51.079+0000] {logging_mixin.py:188} INFO - [2026-09-17T12:28:51.079+0000] {dagbag.py:545} INFO - Filling up the DagBag from /opt/airflow/dags/youtube_dwh_update.py
[2026-09-17T12:28:51.100+0000] {processor.py:840} INFO - DAG(s) 'youtube_dwh_update' retrieved from /opt/airflow/dags/youtube_dwh_update.py
[2026-09-17T12:28:51.125+0000] {logging_mixin.py:188} INFO - [2026-09-17T12:28:51.125+0000] {dag.py:3096} INFO - Sync 1 DAGs
[2026-09-17T12:28:51.161+0000] {logging_mixin.py:188} INFO - [2026-09-17T12:28:51.160+0000] {dag.py:3954} INFO - Setting next_dagrun for youtube_dwh_update to 2026-09-17 00:00:00+00:00, run_after=2026-09-18 00:00:00+00:00
[2026-09-17T12:28:51.196+0000] {processor.py:183} INFO - Processing /opt/airflow/dags/youtube_dwh_update.py took 0.132 seconds
[2026-09-17T12:29:21.399+0000] {processor.py:161} INFO - Started process (PID=3497) to work on /opt/airflow/dags/youtube_dwh_update.py
[2026-09-17T12:29:21.402+0000] {processor.py:830} INFO - Processing file /opt/airflow/dags/youtube_dwh_update.py for tasks to queue
[2026-09-17T12:29:21.405+0000] {logging_mixin.py:188} INFO - [2026-09-17T12:29:21.404+0000] {dagbag.py:545} INFO - Filling up the DagBag from /opt/airflow/dags/youtube_dwh_update.py
[2026-09-17T12:29:21.424+0000] {processor.py:840} INFO - DAG(s) 'youtube_dwh_update' retrieved from /opt/airflow/dags/youtube_dwh_update.py
[2026-09-17T12:29:21.454+0000] {logging_mixin.py:188} INFO - [2026-09-17T12:29:21.453+0000] {dag.py:3096} INFO - Sync 1 DAGs
[2026-09-17T12:29:21.485+0000] {logging_mixin.py:188} INFO - [2026-09-17T12:29:21.485+0000] {dag.py:3954} INFO - Setting next_dagrun for youtube_dwh_update to 2026-09-17 00:00:00+00:00, run_after=2026-09-18 00:00:00+00:00
[2026-09-17T12:29:21.523+0000] {processor.py:183} INFO - Processing /opt/airflow/dags/youtube_dwh_update.py took 0.132 seconds
[2026-09-17T12:29:51.729+0000] {processor.py:161} INFO - Started process (PID=3513) to work on /opt/airflow/dags/youtube_dwh_update.py
[2026-09-17T12:29:51.732+0000] {processor.py:830} INFO - Processing file /opt/airflow/dags/youtube_dwh_update.py for tasks to queue
[2026-09-17T12:29:51.735+0000] {logging_mixin.py:188} INFO - [2026-09-17T12:29:51.735+0000] {dagbag.py:545} INFO - Filling up the DagBag from /opt/airflow/dags/youtube_dwh_update.py
[2026-09-17T12:29:51.755+0000] {processor.py:840} INFO - DAG(s) 'youtube_dwh_update' retrieved from /opt/airflow/dags/youtube_dwh_update.py
[2026-09-17T12:29:51.782+0000] {logging_mixin.py:188} INFO - [2026-09-17T12:29:51.781+0000] {dag.py:3096} INFO - Sync 1 DAGs
[2026-09-17T12:29:51.809+0000] {logging_mixin.py:188} INFO - [2026-09-17T12:29:51.808+0000] {dag.py:3954} INFO - Setting next_dagrun for youtube_dwh_update to 2026-09-17 00:00:00+00:00, run_after=2026-09-18 00:00:00+00:00
[2026-09-17T12:29:51.842+0000] {processor.py:183} INFO - Processing /opt/airflow/dags/youtube_dwh_update.py took 0.122 seconds
[2026-09-17T12:30:22.055+0000] {processor.py:161} INFO - Started process (PID=3529) to work on /opt/airflow/dags/youtube_dwh_update.py
[2026-09-17T12:30:22.057+0000] {processor.py:830} INFO - Processing file /opt/airflow/dags/youtube_dwh_update.py for tasks to queue
[2026-09-17T12:30:22.061+0000] {logging_mixin.py:188} INFO - [2026-09-17T12:30:22.061+0000] {dagbag.py:545} INFO - Filling up the DagBag from /opt/airflow/dags/youtube_dwh_update.py
[2026-09-17T12:30:22.082+0000] {processor.py:840} INFO - DAG(s) 'youtube_dwh_update' retrieved from /opt/airflow/dags/youtube_dwh_update.py
[2026-09-17T12:30:22.109+0000] {logging_mixin.py:188} INFO - [2026-09-17T12:30:22.108+0000] {dag.py:3096} INFO - Sync 1 DAGs
[2026-09-17T12:30:22.136+0000] {logging_mixin.py:188} INFO - [2026-09-17T12:30:22.135+0000] {dag.py:3954} INFO - Setting next_dagrun for youtube_dwh_update to 2026-09-17 00:00:00+00:00, run_after=2026-09-18 00:00:00+00:00
[2026-09-17T12:30:22.169+0000] {processor.py:183} INFO - Processing /opt/airflow/dags/youtube_dwh_update.py took 0.121 seconds
[2026-09-17T12:30:52.372+0000] {processor.py:161} INFO - Started process (PID=3545) to work on /opt/airflow/dags/youtube_dwh_update.py
[2026-09-17T12:30:52.375+0000] {processor.py:830} INFO - Processing file /opt/airflow/dags/youtube_dwh_update.py for tasks to queue
[2026-09-17T12:30:52.378+0000] {logging_mixin.py:188} INFO - [2026-09-17T12:30:52.378+0000] {dagbag.py:545} INFO - Filling up the DagBag from /opt/airflow/dags/youtube_dwh_update.py
[2026-09-17T12:30:52.397+0000] {processor.py:840} INFO - DAG(s) 'youtube_dwh_update' retrieved from /opt/airflow/dags/youtube_dwh_update.py
[2026-09-17T12:30:52.426+0000] {logging_mixin.py:188} INFO - [2026-09-17T12:30:52.426+0000] {dag.py:3096} INFO - Sync 1 DAGs
[2026-09-17T12:30:52.451+0000] {logging_mixin.py:188} INFO - [2026-09-17T12:30:52.451+0000] {dag.py:3954} INFO - Setting next_dagrun for youtube_dwh_update to 2026-09-17 00:00:00+00:00, run_after=2026-09-18 00:00:00+00:00
[2026-09-17T12:30:52.484+0000] {processor.py:183} INFO - Processing /opt/airflow/dags/youtube_dwh_update.py took 0.120 seconds
[2026-09-17T12:31:22.726+0000] {processor.py:161} INFO - Started process (PID=3561) to work on /opt/airflow/dags/youtube_dwh_update.py
[2026-09-17T12:31:22.728+0000] {processor.py:830} INFO - Processing file /opt/airflow/dags/youtube_dwh_update.py for tasks to queue
[2026-09-17T12:31:22.732+0000] {logging_mixin.py:188} INFO - [2026-09-17T12:31:22.731+0000] {dagbag.py:545} INFO - Filling up the DagBag from /opt/airflow/dags/youtube_dwh_update.py
[2026-09-17T12:31:22.751+0000] {processor.py:840} INFO - DAG(s) 'youtube_dwh_update' retrieved from /opt/airflow/dags/youtube_dwh_update.py
[2026-09-17T12:31:22.777+0000] {logging_mixin.py:188} INFO - [2026-09-17T12:31:22.776+0000] {dag.py:3096} INFO - Sync 1 DAGs
[2026-09-17T12:31:22.805+0000] {logging_mixin.py:188} INFO - [2026-09-17T12:31:22.805+0000] {dag.py:3954} INFO - Setting next_dagrun for youtube_dwh_update to 2026-09-17 00:00:00+00:00, run_after=2026-09-18 00:00:00+00:00
[2026-09-17T12:31:22.838+0000] {processor.py:183} INFO - Processing /opt/airflow/dags/youtube_dwh_update.py took 0.119 seconds
[2026-09-17T12:31:53.045+0000] {processor.py:161} INFO - Started process (PID=3577) to work on /opt/airflow/dags/youtube_dwh_update.py
[2026-09-17T12:31:53.048+0000] {processor.py:830} INFO - Processing file /opt/airflow/dags/youtube_dwh_update.py for tasks to queue
[2026-09-17T12:31:53.052+0000] {logging_mixin.py:188} INFO - [2026-09-17T12:31:53.052+0000] {dagbag.py:545} INFO - Filling up the DagBag from /opt/airflow/dags/youtube_dwh_update.py
[2026-09-17T12:31:53.071+0000] {processor.py:840} INFO - DAG(s) 'youtube_dwh_update' retrieved from /opt/airflow/dags/youtube_dwh_update.py
[2026-09-17T12:31:53.098+0000] {logging_mixin.py:188} INFO - [2026-09-17T12:31:53.097+0000] {dag.py:3096} INFO - Sync 1 DAGs
[2026-09-17T12:31:53.125+0000] {logging_mixin.py:188} INFO - [2026-09-17T12:31:53.125+0000] {dag.py:3954} INFO - Setting next_dagrun for youtube_dwh_update to 2026-09-17 00:00:00+00:00, run_after=2026-09-18 00:00:00+00:00
[2026-09-17T12:31:53.166+0000] {processor.py:183} INFO - Processing /opt/airflow/dags/youtube_dwh_update.py took 0.129 seconds
[2026-09-17T12:32:23.378+0000] {processor.py:161} INFO - Started process (PID=3593) to work on /opt/airflow/dags/youtube_dwh_update.py
[2026-09-17T12:32:23.380+0000] {processor.py:830} INFO - Processing file /opt/airflow/dags/youtube_dwh_update.py for tasks to queue
[2026-09-17T12:32:23.384+0000] {logging_mixin.py:188} INFO - [2026-09-17T12:32:23.383+0000] {dagbag.py:545} INFO - Filling up the DagBag from /opt/airflow/dags/youtube_dwh_update.py
[2026-09-17T12:32:23.404+0000] {processor.py:840} INFO - DAG(s) 'youtube_dwh_update' retrieved from /opt/airflow/dags/youtube_dwh_update.py
[2026-09-17T12:32:23.431+0000] {logging_mixin.py:188} INFO - [2026-09-17T12:32:23.430+0000] {dag.py:3096} INFO - Sync 1 DAGs
[2026-09-17T12:32:23.460+0000] {logging_mixin.py:188} INFO - [2026-09-17T12:32:23.460+0000] {dag.py:3954} INFO - Setting next_dagrun for youtube_dwh_update to 2026-09-17 00:00:00+00:00, run_after=2026-09-18 00:00:00+00:00
[2026-09-17T12:32:23.496+0000] {processor.py:183} INFO - Processing /opt/airflow/dags/youtube_dwh_update.py took 0.124 seconds
[2026-09-17T12:32:53.693+0000] {processor.py:161} INFO - Started process (PID=3609) to work on /opt/airflow/dags/youtube_dwh_update.py
[2026-09-17T12:32:53.696+0000] {processor.py:830} INFO - Processing file /opt/airflow/dags/youtube_dwh_update.py for tasks to queue
[2026-09-17T12:32:53.699+0000] {logging_mixin.py:188} INFO - [2026-09-17T12:32:53.698+0000] {dagbag.py:545} INFO - Filling up the DagBag from /opt/airflow/dags/youtube_dwh_update.py
[2026-09-17T12:32:53.717+0000] {processor.py:840} INFO - DAG(s) 'youtube_dwh_update' retrieved from /opt/airflow/dags/youtube_dwh_update.py
[2026-09-17T12:32:53.744+0000] {logging_mixin.py:188} INFO - [2026-09-17T12:32:53.744+0000] {dag.py:3096} INFO - Sync 1 DAGs
[2026-09-17T12:32:53.771+0000] {logging_mixin.py:188} INFO - [2026-09-17T12:32:53.771+0000] {dag.py:3954} INFO - Setting next_dagrun for youtube_dwh_update to 2026-09-17 00:00:00+00:00, run_after=2026-09-18 00:00:00+00:00
[2026-09-17T12:32:53.807+0000] {processor.py:183} INFO - Processing /opt/airflow/dags/youtube_dwh_update.py took 0.120 seconds
[2026-09-17T12:33:24.006+0000] {processor.py:161} INFO - Started process (PID=3625) to work on /opt/airflow/dags/youtube_dwh_update.py
[2026-09-17T12:33:24.009+0000] {processor.py:830} INFO - Processing file /opt/airflow/dags/youtube_dwh_update.py for tasks to queue
[2026-09-17T12:33:24.012+0000] {logging_mixin.py:188} INFO - [2026-09-17T12:33:24.012+0000] {dagbag.py:545} INFO - Filling up the DagBag from /opt/airflow/dags/youtube_dwh_update.py
[2026-09-17T12:33:24.032+0000] {processor.py:840} INFO - DAG(s) 'youtube_dwh_update' retrieved from /opt/airflow/dags/youtube_dwh_update.py
[2026-09-17T12:33:24.059+0000] {logging_mixin.py:188} INFO - [2026-09-17T12:33:24.059+0000] {dag.py:3096} INFO - Sync 1 DAGs
[2026-09-17T12:33:24.085+0000] {logging_mixin.py:188} INFO - [2026-09-17T12:33:24.084+0000] {dag.py:3954} INFO - Setting next_dagrun for youtube_dwh_update to 2026-09-17 00:00:00+00:00, run_after=2026-09-18 00:00:00+00:00
[2026-09-17T12:33:24.123+0000] {processor.py:183} INFO - Processing /opt/airflow/dags/youtube_dwh_update.py took 0.124 seconds
[2026-09-17T12:33:54.347+0000] {processor.py:161} INFO - Started process (PID=3641) to work on /opt/airflow/dags/youtube_dwh_update.py
[2026-09-17T12:33:54.350+0000] {processor.py:830} INFO - Processing file /opt/airflow/dags/youtube_dwh_update.py for tasks to queue
[2026-09-17T12:33:54.355+0000] {logging_mixin.py:188} INFO - [2026-09-17T12:33:54.355+0000] {dagbag.py:545} INFO - Filling up the DagBag from /opt/airflow/dags/youtube_dwh_update.py
[2026-09-17T12:33:54.386+0000] {processor.py:840} INFO - DAG(s) 'youtube_dwh_update' retrieved from /opt/airflow/dags/youtube_dwh_update.py
[2026-09-17T12:33:54.423+0000] {logging_mixin.py:188} INFO - [2026-09-17T12:33:54.423+0000] {dag.py:3096} INFO - Sync 1 DAGs
[2026-09-17T12:33:54.468+0000] {logging_mixin.py:188} INFO - [2026-09-17T12:33:54.467+0000] {dag.py:3954} INFO - Setting next_dagrun for youtube_dwh_update to 2026-09-17 00:00:00+00:00, run_after=2026-09-18 00:00:00+00:00
[2026-09-17T12:33:54.518+0000] {processor.py:183} INFO - Processing /opt/airflow/dags/youtube_dwh_update.py took 0.186 seconds
[2026-09-17T12:34:24.731+0000] {processor.py:161} INFO - Started process (PID=3657) to work on /opt/airflow/dags/youtube_dwh_update.py
[2026-09-17T12:34:24.733+0000] {processor.py:830} INFO - Processing file /opt/airflow/dags/youtube_dwh_update.py for tasks to queue
[2026-09-17T12:34:24.736+0000] {logging_mixin.py:188} INFO - [2026-09-17T12:34:24.736+0000] {dagbag.py:545} INFO - Filling up the DagBag from /opt/airflow/dags/youtube_dwh_update.py
[2026-09-17T12:34:24.758+0000] {processor.py:840} INFO - DAG(s) 'youtube_dwh_update' retrieved from /opt/airflow/dags/youtube_dwh_update.py
[2026-09-17T12:34:24.784+0000] {logging_mixin.py:188} INFO - [2026-09-17T12:34:24.783+0000] {dag.py:3096} INFO - Sync 1 DAGs
[2026-09-17T12:34:24.812+0000] {logging_mixin.py:188} INFO - [2026-09-17T12:34:24.811+0000] {dag.py:3954} INFO - Setting next_dagrun for youtube_dwh_update to 2026-09-17 00:00:00+00:00, run_after=2026-09-18 00:00:00+00:00
[2026-09-17T12:34:24.835+0000] {processor.py:183} INFO - Processing /opt/airflow/dags/youtube_dwh_update.py took 0.113 seconds
[2026-09-17T12:34:55.044+0000] {processor.py:161} INFO - Started process (PID=3673) to work on /opt/airflow/dags/youtube_dwh_update.py
[2026-09-17T12:34:55.046+0000] {processor.py:830} INFO - Processing file /opt/airflow/dags/youtube_dwh_update.py for tasks to queue
[2026-09-17T12:34:55.050+0000] {logging_mixin.py:188} INFO - [2026-09-17T12:34:55.049+0000] {dagbag.py:545} INFO - Filling up the DagBag from /opt/airflow/dags/youtube_dwh_update.py
[2026-09-17T12:34:55.072+0000] {processor.py:840} INFO - DAG(s) 'youtube_dwh_update' retrieved from /opt/airflow/dags/youtube_dwh_update.py
[2026-09-17T12:34:55.105+0000] {logging_mixin.py:188} INFO - [2026-09-17T12:34:55.104+0000] {dag.py:3096} INFO - Sync 1 DAGs
[2026-09-17T12:34:55.131+0000] {logging_mixin.py:188} INFO - [2026-09-17T12:34:55.131+0000] {dag.py:3954} INFO - Setting next_dagrun for youtube_dwh_update to 2026-09-17 00:00:00+00:00, run_after=2026-09-18 00:00:00+00:00
[2026-09-17T12:34:55.164+0000] {processor.py:183} INFO - Processing /opt/airflow/dags/youtube_dwh_update.py took 0.130 seconds
[2026-09-17T12:35:25.373+0000] {processor.py:161} INFO - Started process (PID=3689) to work on /opt/airflow/dags/youtube_dwh_update.py
[2026-09-17T12:35:25.375+0000] {processor.py:830} INFO - Processing file /opt/airflow/dags/youtube_dwh_update.py for tasks to queue
[2026-09-17T12:35:25.378+0000] {logging_mixin.py:188} INFO - [2026-09-17T12:35:25.378+0000] {dagbag.py:545} INFO - Filling up the DagBag from /opt/airflow/dags/youtube_dwh_update.py
[2026-09-17T12:35:25.398+0000] {processor.py:840} INFO - DAG(s) 'youtube_dwh_update' retrieved from /opt/airflow/dags/youtube_dwh_update.py
[2026-09-17T12:35:25.423+0000] {logging_mixin.py:188} INFO - [2026-09-17T12:35:25.422+0000] {dag.py:3096} INFO - Sync 1 DAGs
[2026-09-17T12:35:25.449+0000] {logging_mixin.py:188} INFO - [2026-09-17T12:35:25.449+0000] {dag.py:3954} INFO - Setting next_dagrun for youtube_dwh_update to 2026-09-17 00:00:00+00:00, run_after=2026-09-18 00:00:00+00:00
[2026-09-17T12:35:25.483+0000] {processor.py:183} INFO - Processing /opt/airflow/dags/youtube_dwh_update.py took 0.116 seconds
[2026-09-17T12:35:55.690+0000] {processor.py:161} INFO - Started process (PID=3705) to work on /opt/airflow/dags/youtube_dwh_update.py
[2026-09-17T12:35:55.693+0000] {processor.py:830} INFO - Processing file /opt/airflow/dags/youtube_dwh_update.py for tasks to queue
[2026-09-17T12:35:55.696+0000] {logging_mixin.py:188} INFO - [2026-09-17T12:35:55.696+0000] {dagbag.py:545} INFO - Filling up the DagBag from /opt/airflow/dags/youtube_dwh_update.py
[2026-09-17T12:35:55.715+0000] {processor.py:840} INFO - DAG(s) 'youtube_dwh_update' retrieved from /opt/airflow/dags/youtube_dwh_update.py
[2026-09-17T12:35:55.741+0000] {logging_mixin.py:188} INFO - [2026-09-17T12:35:55.741+0000] {dag.py:3096} INFO - Sync 1 DAGs
[2026-09-17T12:35:55.768+0000] {logging_mixin.py:188} INFO - [2026-09-17T12:35:55.767+0000] {dag.py:3954} INFO - Setting next_dagrun for youtube_dwh_update to 2026-09-17 00:00:00+00:00, run_after=2026-09-18 00:00:00+00:00
[2026-09-17T12:35:55.799+0000] {processor.py:183} INFO - Processing /opt/airflow/dags/youtube_dwh_update.py took 0.118 seconds
[2026-09-17T12:36:26.002+0000] {processor.py:161} INFO - Started process (PID=3721) to work on /opt/airflow/dags/youtube_dwh_update.py
[2026-09-17T12:36:26.004+0000] {processor.py:830} INFO - Processing file /opt/airflow/dags/youtube_dwh_update.py for tasks to queue
[2026-09-17T12:36:26.007+0000] {logging_mixin.py:188} INFO - [2026-09-17T12:36:26.007+0000] {dagbag.py:545} INFO - Filling up the DagBag from /opt/airflow/dags/youtube_dwh_update.py
[2026-09-17T12:36:26.026+0000] {processor.py:840} INFO - DAG(s) 'youtube_dwh_update' retrieved from /opt/airflow/dags/youtube_dwh_update.py
[2026-09-17T12:36:26.051+0000] {logging_mixin.py:188} INFO - [2026-09-17T12:36:26.051+0000] {dag.py:3096} INFO - Sync 1 DAGs
[2026-09-17T12:36:26.078+0000] {logging_mixin.py:188} INFO - [2026-09-17T12:36:26.078+0000] {dag.py:3954} INFO - Setting next_dagrun for youtube_dwh_update to 2026-09-17 00:00:00+00:00, run_after=2026-09-18 00:00:00+00:00
[2026-09-17T12:36:26.114+0000] {processor.py:183} INFO - Processing /opt/airflow/dags/youtube_dwh_update.py took 0.119 seconds
[2026-09-17T12:36:56.316+0000] {processor.py:161} INFO - Started process (PID=3737) to work on /opt/airflow/dags/youtube_dwh_update.py
[2026-09-17T12:36:56.318+0000] {processor.py:830} INFO - Processing file /opt/airflow/dags/youtube_dwh_update.py for tasks to queue
[2026-09-17T12:36:56.322+0000] {logging_mixin.py:188} INFO - [2026-09-17T12:36:56.321+0000] {dagbag.py:545} INFO - Filling up the DagBag from /opt/airflow/dags/youtube_dwh_update.py
[2026-09-17T12:36:56.341+0000] {processor.py:840} INFO - DAG(s) 'youtube_dwh_update' retrieved from /opt/airflow/dags/youtube_dwh_update.py
[2026-09-17T12:36:56.370+0000] {logging_mixin.py:188} INFO - [2026-09-17T12:36:56.370+0000] {dag.py:3096} INFO - Sync 1 DAGs
[2026-09-17T12:36:56.398+0000] {logging_mixin.py:188} INFO - [2026-09-17T12:36:56.398+0000] {dag.py:3954} INFO - Setting next_dagrun for youtube_dwh_update to 2026-09-17 00:00:00+00:00, run_after=2026-09-18 00:00:00+00:00
[2026-09-17T12:36:56.431+0000] {processor.py:183} INFO - Processing /opt/airflow/dags/youtube_dwh_update.py took 0.124 seconds
[2026-09-17T12:37:26.632+0000] {processor.py:161} INFO - Started process (PID=3753) to work on /opt/airflow/dags/youtube_dwh_update.py
[2026-09-17T12:37:26.636+0000] {processor.py:830} INFO - Processing file /opt/airflow/dags/youtube_dwh_update.py for tasks to queue
[2026-09-17T12:37:26.640+0000] {logging_mixin.py:188} INFO - [2026-09-17T12:37:26.639+0000] {dagbag.py:545} INFO - Filling up the DagBag from /opt/airflow/dags/youtube_dwh_update.py
[2026-09-17T12:37:26.665+0000] {processor.py:840} INFO - DAG(s) 'youtube_dwh_update' retrieved from /opt/airflow/dags/youtube_dwh_update.py
[2026-09-17T12:37:26.695+0000] {logging_mixin.py:188} INFO - [2026-09-17T12:37:26.694+0000] {dag.py:3096} INFO - Sync 1 DAGs
[2026-09-17T12:37:26.725+0000] {logging_mixin.py:188} INFO - [2026-09-17T12:37:26.724+0000] {dag.py:3954} INFO - Setting next_dagrun for youtube_dwh_update to 2026-09-17 00:00:00+00:00, run_after=2026-09-18 00:00:00+00:00
[2026-09-17T12:37:26.757+0000] {processor.py:183} INFO - Processing /opt/airflow/dags/youtube_dwh_update.py took 0.133 seconds
[2026-09-17T12:37:56.959+0000] {processor.py:161} INFO - Started process (PID=3769) to work on /opt/airflow/dags/youtube_dwh_update.py
[2026-09-17T12:37:56.961+0000] {processor.py:830} INFO - Processing file /opt/airflow/dags/youtube_dwh_update.py for tasks to queue
[2026-09-17T12:37:56.965+0000] {logging_mixin.py:188} INFO - [2026-09-17T12:37:56.965+0000] {dagbag.py:545} INFO - Filling up the DagBag from /opt/airflow/dags/youtube_dwh_update.py
[2026-09-17T12:37:56.985+0000] {processor.py:840} INFO - DAG(s) 'youtube_dwh_update' retrieved from /opt/airflow/dags/youtube_dwh_update.py
[2026-09-17T12:37:57.016+0000] {logging_mixin.py:188} INFO - [2026-09-17T12:37:57.015+0000] {dag.py:3096} INFO - Sync 1 DAGs
[2026-09-17T12:37:57.043+0000] {logging_mixin.py:188} INFO - [2026-09-17T12:37:57.043+0000] {dag.py:3954} INFO - Setting next_dagrun for youtube_dwh_update to 2026-09-17 00:00:00+00:00, run_after=2026-09-18 00:00:00+00:00
[2026-09-17T12:37:57.082+0000] {processor.py:183} INFO - Processing /opt/airflow/dags/youtube_dwh_update.py took 0.131 seconds
[2026-09-17T12:38:27.294+0000] {processor.py:161} INFO - Started process (PID=3785) to work on /opt/airflow/dags/youtube_dwh_update.py
[2026-09-17T12:38:27.297+0000] {processor.py:830} INFO - Processing file /opt/airflow/dags/youtube_dwh_update.py for tasks to queue
[2026-09-17T12:38:27.301+0000] {logging_mixin.py:188} INFO - [2026-09-17T12:38:27.301+0000] {dagbag.py:545} INFO - Filling up the DagBag from /opt/airflow/dags/youtube_dwh_update.py
[2026-09-17T12:38:27.323+0000] {processor.py:840} INFO - DAG(s) 'youtube_dwh_update' retrieved from /opt/airflow/dags/youtube_dwh_update.py
[2026-09-17T12:38:27.351+0000] {logging_mixin.py:188} INFO - [2026-09-17T12:38:27.351+0000] {dag.py:3096} INFO - Sync 1 DAGs
[2026-09-17T12:38:27.382+0000] {logging_mixin.py:188} INFO - [2026-09-17T12:38:27.382+0000] {dag.py:3954} INFO - Setting next_dagrun for youtube_dwh_update to 2026-09-17 00:00:00+00:00, run_after=2026-09-18 00:00:00+00:00
[2026-09-17T12:38:27.419+0000] {processor.py:183} INFO - Processing /opt/airflow/dags/youtube_dwh_update.py took 0.132 seconds
[2026-09-17T12:38:57.625+0000] {processor.py:161} INFO - Started process (PID=3801) to work on /opt/airflow/dags/youtube_dwh_update.py
[2026-09-17T12:38:57.627+0000] {processor.py:830} INFO - Processing file /opt/airflow/dags/youtube_dwh_update.py for tasks to queue
[2026-09-17T12:38:57.631+0000] {logging_mixin.py:188} INFO - [2026-09-17T12:38:57.630+0000] {dagbag.py:545} INFO - Filling up the DagBag from /opt/airflow/dags/youtube_dwh_update.py
[2026-09-17T12:38:57.649+0000] {processor.py:840} INFO - DAG(s) 'youtube_dwh_update' retrieved from /opt/airflow/dags/youtube_dwh_update.py
[2026-09-17T12:38:57.676+0000] {logging_mixin.py:188} INFO - [2026-09-17T12:38:57.676+0000] {dag.py:3096} INFO - Sync 1 DAGs
[2026-09-17T12:38:57.703+0000] {logging_mixin.py:188} INFO - [2026-09-17T12:38:57.702+0000] {dag.py:3954} INFO - Setting next_dagrun for youtube_dwh_update to 2026-09-17 00:00:00+00:00, run_after=2026-09-18 00:00:00+00:00
[2026-09-17T12:38:57.735+0000] {processor.py:183} INFO - Processing /opt/airflow/dags/youtube_dwh_update.py took 0.117 seconds
[2026-09-17T12:39:27.939+0000] {processor.py:161} INFO - Started process (PID=3817) to work on /opt/airflow/dags/youtube_dwh_update.py
[2026-09-17T12:39:27.943+0000] {processor.py:830} INFO - Processing file /opt/airflow/dags/youtube_dwh_update.py for tasks to queue
[2026-09-17T12:39:27.946+0000] {logging_mixin.py:188} INFO - [2026-09-17T12:39:27.945+0000] {dagbag.py:545} INFO - Filling up the DagBag from /opt/airflow/dags/youtube_dwh_update.py
[2026-09-17T12:39:27.964+0000] {processor.py:840} INFO - DAG(s) 'youtube_dwh_update' retrieved from /opt/airflow/dags/youtube_dwh_update.py
[2026-09-17T12:39:27.993+0000] {logging_mixin.py:188} INFO - [2026-09-17T12:39:27.993+0000] {dag.py:3096} INFO - Sync 1 DAGs
[2026-09-17T12:39:28.020+0000] {logging_mixin.py:188} INFO - [2026-09-17T12:39:28.020+0000] {dag.py:3954} INFO - Setting next_dagrun for youtube_dwh_update to 2026-09-17 00:00:00+00:00, run_after=2026-09-18 00:00:00+00:00
[2026-09-17T12:39:28.052+0000] {processor.py:183} INFO - Processing /opt/airflow/dags/youtube_dwh_update.py took 0.120 seconds
[2026-09-17T12:39:58.280+0000] {processor.py:161} INFO - Started process (PID=3833) to work on /opt/airflow/dags/youtube_dwh_update.py
[2026-09-17T12:39:58.284+0000] {processor.py:830} INFO - Processing file /opt/airflow/dags/youtube_dwh_update.py for tasks to queue
[2026-09-17T12:39:58.290+0000] {logging_mixin.py:188} INFO - [2026-09-17T12:39:58.289+0000] {dagbag.py:545} INFO - Filling up the DagBag from /opt/airflow/dags/youtube_dwh_update.py
[2026-09-17T12:39:58.334+0000] {processor.py:840} INFO - DAG(s) 'youtube_dwh_update' retrieved from /opt/airflow/dags/youtube_dwh_update.py
[2026-09-17T12:39:58.385+0000] {logging_mixin.py:188} INFO - [2026-09-17T12:39:58.384+0000] {dag.py:3096} INFO - Sync 1 DAGs
[2026-09-17T12:39:58.432+0000] {logging_mixin.py:188} INFO - [2026-09-17T12:39:58.431+0000] {dag.py:3954} INFO - Setting next_dagrun for youtube_dwh_update to 2026-09-17 00:00:00+00:00, run_after=2026-09-18 00:00:00+00:00
[2026-09-17T12:39:58.464+0000] {processor.py:183} INFO - Processing /opt/airflow/dags/youtube_dwh_update.py took 0.198 seconds
[2026-09-17T12:40:28.686+0000] {processor.py:161} INFO - Started process (PID=3849) to work on /opt/airflow/dags/youtube_dwh_update.py
[2026-09-17T12:40:28.688+0000] {processor.py:830} INFO - Processing file /opt/airflow/dags/youtube_dwh_update.py for tasks to queue
[2026-09-17T12:40:28.692+0000] {logging_mixin.py:188} INFO - [2026-09-17T12:40:28.692+0000] {dagbag.py:545} INFO - Filling up the DagBag from /opt/airflow/dags/youtube_dwh_update.py
[2026-09-17T12:40:28.712+0000] {processor.py:840} INFO - DAG(s) 'youtube_dwh_update' retrieved from /opt/airflow/dags/youtube_dwh_update.py
[2026-09-17T12:40:28.739+0000] {logging_mixin.py:188} INFO - [2026-09-17T12:40:28.739+0000] {dag.py:3096} INFO - Sync 1 DAGs
[2026-09-17T12:40:28.769+0000] {logging_mixin.py:188} INFO - [2026-09-17T12:40:28.769+0000] {dag.py:3954} INFO - Setting next_dagrun for youtube_dwh_update to 2026-09-17 00:00:00+00:00, run_after=2026-09-18 00:00:00+00:00
[2026-09-17T12:40:28.808+0000] {processor.py:183} INFO - Processing /opt/airflow/dags/youtube_dwh_update.py took 0.130 seconds
[2026-09-17T12:40:59.021+0000] {processor.py:161} INFO - Started process (PID=3865) to work on /opt/airflow/dags/youtube_dwh_update.py
[2026-09-17T12:40:59.024+0000] {processor.py:830} INFO - Processing file /opt/airflow/dags/youtube_dwh_update.py for tasks to queue
[2026-09-17T12:40:59.028+0000] {logging_mixin.py:188} INFO - [2026-09-17T12:40:59.027+0000] {dagbag.py:545} INFO - Filling up the DagBag from /opt/airflow/dags/youtube_dwh_update.py
[2026-09-17T12:40:59.051+0000] {processor.py:840} INFO - DAG(s) 'youtube_dwh_update' retrieved from /opt/airflow/dags/youtube_dwh_update.py
[2026-09-17T12:40:59.092+0000] {logging_mixin.py:188} INFO - [2026-09-17T12:40:59.092+0000] {dag.py:3096} INFO - Sync 1 DAGs
[2026-09-17T12:40:59.130+0000] {logging_mixin.py:188} INFO - [2026-09-17T12:40:59.130+0000] {dag.py:3954} INFO - Setting next_dagrun for youtube_dwh_update to 2026-09-17 00:00:00+00:00, run_after=2026-09-18 00:00:00+00:00
[2026-09-17T12:40:59.164+0000] {processor.py:183} INFO - Processing /opt/airflow/dags/youtube_dwh_update.py took 0.152 seconds
[2026-09-17T12:41:29.361+0000] {processor.py:161} INFO - Started process (PID=3881) to work on /opt/airflow/dags/youtube_dwh_update.py
[2026-09-17T12:41:29.364+0000] {processor.py:830} INFO - Processing file /opt/airflow/dags/youtube_dwh_update.py for tasks to queue
[2026-09-17T12:41:29.367+0000] {logging_mixin.py:188} INFO - [2026-09-17T12:41:29.366+0000] {dagbag.py:545} INFO - Filling up the DagBag from /opt/airflow/dags/youtube_dwh_update.py
[2026-09-17T12:41:29.386+0000] {processor.py:840} INFO - DAG(s) 'youtube_dwh_update' retrieved from /opt/airflow/dags/youtube_dwh_update.py
[2026-09-17T12:41:29.413+0000] {logging_mixin.py:188} INFO - [2026-09-17T12:41:29.412+0000] {dag.py:3096} INFO - Sync 1 DAGs
[2026-09-17T12:41:29.438+0000] {logging_mixin.py:188} INFO - [2026-09-17T12:41:29.438+0000] {dag.py:3954} INFO - Setting next_dagrun for youtube_dwh_update to 2026-09-17 00:00:00+00:00, run_after=2026-09-18 00:00:00+00:00
[2026-09-17T12:41:29.469+0000] {processor.py:183} INFO - Processing /opt/airflow/dags/youtube_dwh_update.py took 0.115 seconds
[2026-09-17T12:41:59.667+0000] {processor.py:161} INFO - Started process (PID=3897) to work on /opt/airflow/dags/youtube_dwh_update.py
[2026-09-17T12:41:59.669+0000] {processor.py:830} INFO - Processing file /opt/airflow/dags/youtube_dwh_update.py for tasks to queue
[2026-09-17T12:41:59.672+0000] {logging_mixin.py:188} INFO - [2026-09-17T12:41:59.671+0000] {dagbag.py:545} INFO - Filling up the DagBag from /opt/airflow/dags/youtube_dwh_update.py
[2026-09-17T12:41:59.693+0000] {processor.py:840} INFO - DAG(s) 'youtube_dwh_update' retrieved from /opt/airflow/dags/youtube_dwh_update.py
[2026-09-17T12:41:59.720+0000] {logging_mixin.py:188} INFO - [2026-09-17T12:41:59.719+0000] {dag.py:3096} INFO - Sync 1 DAGs
[2026-09-17T12:41:59.751+0000] {logging_mixin.py:188} INFO - [2026-09-17T12:41:59.751+0000] {dag.py:3954} INFO - Setting next_dagrun for youtube_dwh_update to 2026-09-17 00:00:00+00:00, run_after=2026-09-18 00:00:00+00:00
[2026-09-17T12:41:59.793+0000] {processor.py:183} INFO - Processing /opt/airflow/dags/youtube_dwh_update.py took 0.134 seconds
[2026-09-17T12:42:29.995+0000] {processor.py:161} INFO - Started process (PID=3913) to work on /opt/airflow/dags/youtube_dwh_update.py
[2026-09-17T12:42:29.998+0000] {processor.py:830} INFO - Processing file /opt/airflow/dags/youtube_dwh_update.py for tasks to queue
[2026-09-17T12:42:30.000+0000] {logging_mixin.py:188} INFO - [2026-09-17T12:42:30.000+0000] {dagbag.py:545} INFO - Filling up the DagBag from /opt/airflow/dags/youtube_dwh_update.py
[2026-09-17T12:42:30.024+0000] {processor.py:840} INFO - DAG(s) 'youtube_dwh_update' retrieved from /opt/airflow/dags/youtube_dwh_update.py
[2026-09-17T12:42:30.055+0000] {logging_mixin.py:188} INFO - [2026-09-17T12:42:30.055+0000] {dag.py:3096} INFO - Sync 1 DAGs
[2026-09-17T12:42:30.085+0000] {logging_mixin.py:188} INFO - [2026-09-17T12:42:30.084+0000] {dag.py:3954} INFO - Setting next_dagrun for youtube_dwh_update to 2026-09-17 00:00:00+00:00, run_after=2026-09-18 00:00:00+00:00
[2026-09-17T12:42:30.119+0000] {processor.py:183} INFO - Processing /opt/airflow/dags/youtube_dwh_update.py took 0.132 seconds
[2026-09-17T12:43:00.321+0000] {processor.py:161} INFO - Started process (PID=3929) to work on /opt/airflow/dags/youtube_dwh_update.py
[2026-09-17T12:43:00.324+0000] {processor.py:830} INFO - Processing file /opt/airflow/dags/youtube_dwh_update.py for tasks to queue
[2026-09-17T12:43:00.328+0000] {logging_mixin.py:188} INFO - [2026-09-17T12:43:00.328+0000] {dagbag.py:545} INFO - Filling up the DagBag from /opt/airflow/dags/youtube_dwh_update.py
[2026-09-17T12:43:00.347+0000] {processor.py:840} INFO - DAG(s) 'youtube_dwh_update' retrieved from /opt/airflow/dags/youtube_dwh_update.py
[2026-09-17T12:43:00.372+0000] {logging_mixin.py:188} INFO - [2026-09-17T12:43:00.372+0000] {dag.py:3096} INFO - Sync 1 DAGs
[2026-09-17T12:43:00.400+0000] {logging_mixin.py:188} INFO - [2026-09-17T12:43:00.400+0000] {dag.py:3954} INFO - Setting next_dagrun for youtube_dwh_update to 2026-09-17 00:00:00+00:00, run_after=2026-09-18 00:00:00+00:00
[2026-09-17T12:43:00.434+0000] {processor.py:183} INFO - Processing /opt/airflow/dags/youtube_dwh_update.py took 0.121 seconds
[2026-09-17T12:43:30.636+0000] {processor.py:161} INFO - Started process (PID=3945) to work on /opt/airflow/dags/youtube_dwh_update.py
[2026-09-17T12:43:30.638+0000] {processor.py:830} INFO - Processing file /opt/airflow/dags/youtube_dwh_update.py for tasks to queue
[2026-09-17T12:43:30.642+0000] {logging_mixin.py:188} INFO - [2026-09-17T12:43:30.641+0000] {dagbag.py:545} INFO - Filling up the DagBag from /opt/airflow/dags/youtube_dwh_update.py
[2026-09-17T12:43:30.661+0000] {processor.py:840} INFO - DAG(s) 'youtube_dwh_update' retrieved from /opt/airflow/dags/youtube_dwh_update.py
[2026-09-17T12:43:30.688+0000] {logging_mixin.py:188} INFO - [2026-09-17T12:43:30.688+0000] {dag.py:3096} INFO - Sync 1 DAGs
[2026-09-17T12:43:30.714+0000] {logging_mixin.py:188} INFO - [2026-09-17T12:43:30.713+0000] {dag.py:3954} INFO - Setting next_dagrun for youtube_dwh_update to 2026-09-17 00:00:00+00:00, run_after=2026-09-18 00:00:00+00:00
[2026-09-17T12:43:30.744+0000] {processor.py:183} INFO - Processing /opt/airflow/dags/youtube_dwh_update.py took 0.115 seconds
[2026-09-17T12:44:00.945+0000] {processor.py:161} INFO - Started process (PID=3961) to work on /opt/airflow/dags/youtube_dwh_update.py
[2026-09-17T12:44:00.948+0000] {processor.py:830} INFO - Processing file /opt/airflow/dags/youtube_dwh_update.py for tasks to queue
[2026-09-17T12:44:00.952+0000] {logging_mixin.py:188} INFO - [2026-09-17T12:44:00.952+0000] {dagbag.py:545} INFO - Filling up the DagBag from /opt/airflow/dags/youtube_dwh_update.py
[2026-09-17T12:44:00.973+0000] {processor.py:840} INFO - DAG(s) 'youtube_dwh_update' retrieved from /opt/airflow/dags/youtube_dwh_update.py
[2026-09-17T12:44:01.000+0000] {logging_mixin.py:188} INFO - [2026-09-17T12:44:00.999+0000] {dag.py:3096} INFO - Sync 1 DAGs
[2026-09-17T12:44:01.031+0000] {logging_mixin.py:188} INFO - [2026-09-17T12:44:01.030+0000] {dag.py:3954} INFO - Setting next_dagrun for youtube_dwh_update to 2026-09-17 00:00:00+00:00, run_after=2026-09-18 00:00:00+00:00
[2026-09-17T12:44:01.062+0000] {processor.py:183} INFO - Processing /opt/airflow/dags/youtube_dwh_update.py took 0.125 seconds
[2026-09-17T12:44:31.280+0000] {processor.py:161} INFO - Started process (PID=3977) to work on /opt/airflow/dags/youtube_dwh_update.py
[2026-09-17T12:44:31.283+0000] {processor.py:830} INFO - Processing file /opt/airflow/dags/youtube_dwh_update.py for tasks to queue
[2026-09-17T12:44:31.289+0000] {logging_mixin.py:188} INFO - [2026-09-17T12:44:31.288+0000] {dagbag.py:545} INFO - Filling up the DagBag from /opt/airflow/dags/youtube_dwh_update.py
[2026-09-17T12:44:31.319+0000] {processor.py:840} INFO - DAG(s) 'youtube_dwh_update' retrieved from /opt/airflow/dags/youtube_dwh_update.py
[2026-09-17T12:44:31.359+0000] {logging_mixin.py:188} INFO - [2026-09-17T12:44:31.359+0000] {dag.py:3096} INFO - Sync 1 DAGs
[2026-09-17T12:44:31.410+0000] {logging_mixin.py:188} INFO - [2026-09-17T12:44:31.410+0000] {dag.py:3954} INFO - Setting next_dagrun for youtube_dwh_update to 2026-09-17 00:00:00+00:00, run_after=2026-09-18 00:00:00+00:00
[2026-09-17T12:44:31.448+0000] {processor.py:183} INFO - Processing /opt/airflow/dags/youtube_dwh_update.py took 0.178 seconds
[2026-09-17T12:45:01.646+0000] {processor.py:161} INFO - Started process (PID=3993) to work on /opt/airflow/dags/youtube_dwh_update.py
[2026-09-17T12:45:01.649+0000] {processor.py:830} INFO - Processing file /opt/airflow/dags/youtube_dwh_update.py for tasks to queue
[2026-09-17T12:45:01.652+0000] {logging_mixin.py:188} INFO - [2026-09-17T12:45:01.652+0000] {dagbag.py:545} INFO - Filling up the DagBag from /opt/airflow/dags/youtube_dwh_update.py
[2026-09-17T12:45:01.671+0000] {processor.py:840} INFO - DAG(s) 'youtube_dwh_update' retrieved from /opt/airflow/dags/youtube_dwh_update.py
[2026-09-17T12:45:01.697+0000] {logging_mixin.py:188} INFO - [2026-09-17T12:45:01.697+0000] {dag.py:3096} INFO - Sync 1 DAGs
[2026-09-17T12:45:01.725+0000] {logging_mixin.py:188} INFO - [2026-09-17T12:45:01.724+0000] {dag.py:3954} INFO - Setting next_dagrun for youtube_dwh_update to 2026-09-17 00:00:00+00:00, run_after=2026-09-18 00:00:00+00:00
[2026-09-17T12:45:01.759+0000] {processor.py:183} INFO - Processing /opt/airflow/dags/youtube_dwh_update.py took 0.119 seconds
[2026-09-17T12:45:31.958+0000] {processor.py:161} INFO - Started process (PID=4009) to work on /opt/airflow/dags/youtube_dwh_update.py
[2026-09-17T12:45:31.961+0000] {processor.py:830} INFO - Processing file /opt/airflow/dags/youtube_dwh_update.py for tasks to queue
[2026-09-17T12:45:31.965+0000] {logging_mixin.py:188} INFO - [2026-09-17T12:45:31.964+0000] {dagbag.py:545} INFO - Filling up the DagBag from /opt/airflow/dags/youtube_dwh_update.py
[2026-09-17T12:45:31.987+0000] {processor.py:840} INFO - DAG(s) 'youtube_dwh_update' retrieved from /opt/airflow/dags/youtube_dwh_update.py
[2026-09-17T12:45:32.014+0000] {logging_mixin.py:188} INFO - [2026-09-17T12:45:32.013+0000] {dag.py:3096} INFO - Sync 1 DAGs
[2026-09-17T12:45:32.044+0000] {logging_mixin.py:188} INFO - [2026-09-17T12:45:32.044+0000] {dag.py:3954} INFO - Setting next_dagrun for youtube_dwh_update to 2026-09-17 00:00:00+00:00, run_after=2026-09-18 00:00:00+00:00
[2026-09-17T12:45:32.079+0000] {processor.py:183} INFO - Processing /opt/airflow/dags/youtube_dwh_update.py took 0.129 seconds
[2026-09-17T12:46:02.287+0000] {processor.py:161} INFO - Started process (PID=4025) to work on /opt/airflow/dags/youtube_dwh_update.py
[2026-09-17T12:46:02.289+0000] {processor.py:830} INFO - Processing file /opt/airflow/dags/youtube_dwh_update.py for tasks to queue
[2026-09-17T12:46:02.293+0000] {logging_mixin.py:188} INFO - [2026-09-17T12:46:02.292+0000] {dagbag.py:545} INFO - Filling up the DagBag from /opt/airflow/dags/youtube_dwh_update.py
[2026-09-17T12:46:02.318+0000] {processor.py:840} INFO - DAG(s) 'youtube_dwh_update' retrieved from /opt/airflow/dags/youtube_dwh_update.py
[2026-09-17T12:46:02.356+0000] {logging_mixin.py:188} INFO - [2026-09-17T12:46:02.356+0000] {dag.py:3096} INFO - Sync 1 DAGs
[2026-09-17T12:46:02.396+0000] {logging_mixin.py:188} INFO - [2026-09-17T12:46:02.395+0000] {dag.py:3954} INFO - Setting next_dagrun for youtube_dwh_update to 2026-09-17 00:00:00+00:00, run_after=2026-09-18 00:00:00+00:00
[2026-09-17T12:46:02.431+0000] {processor.py:183} INFO - Processing /opt/airflow/dags/youtube_dwh_update.py took 0.156 seconds
[2026-09-17T12:46:32.640+0000] {processor.py:161} INFO - Started process (PID=4047) to work on /opt/airflow/dags/youtube_dwh_update.py
[2026-09-17T12:46:32.642+0000] {processor.py:830} INFO - Processing file /opt/airflow/dags/youtube_dwh_update.py for tasks to queue
[2026-09-17T12:46:32.646+0000] {logging_mixin.py:188} INFO - [2026-09-17T12:46:32.645+0000] {dagbag.py:545} INFO - Filling up the DagBag from /opt/airflow/dags/youtube_dwh_update.py
[2026-09-17T12:46:32.668+0000] {processor.py:840} INFO - DAG(s) 'youtube_dwh_update' retrieved from /opt/airflow/dags/youtube_dwh_update.py
[2026-09-17T12:46:32.698+0000] {logging_mixin.py:188} INFO - [2026-09-17T12:46:32.698+0000] {dag.py:3096} INFO - Sync 1 DAGs
[2026-09-17T12:46:32.726+0000] {logging_mixin.py:188} INFO - [2026-09-17T12:46:32.726+0000] {dag.py:3954} INFO - Setting next_dagrun for youtube_dwh_update to 2026-09-17 00:00:00+00:00, run_after=2026-09-18 00:00:00+00:00
[2026-09-17T12:46:32.762+0000] {processor.py:183} INFO - Processing /opt/airflow/dags/youtube_dwh_update.py took 0.132 seconds
[2026-09-17T12:47:02.966+0000] {processor.py:161} INFO - Started process (PID=4063) to work on /opt/airflow/dags/youtube_dwh_update.py
[2026-09-17T12:47:02.969+0000] {processor.py:830} INFO - Processing file /opt/airflow/dags/youtube_dwh_update.py for tasks to queue
[2026-09-17T12:47:02.972+0000] {logging_mixin.py:188} INFO - [2026-09-17T12:47:02.972+0000] {dagbag.py:545} INFO - Filling up the DagBag from /opt/airflow/dags/youtube_dwh_update.py
[2026-09-17T12:47:02.992+0000] {processor.py:840} INFO - DAG(s) 'youtube_dwh_update' retrieved from /opt/airflow/dags/youtube_dwh_update.py
[2026-09-17T12:47:03.019+0000] {logging_mixin.py:188} INFO - [2026-09-17T12:47:03.019+0000] {dag.py:3096} INFO - Sync 1 DAGs
[2026-09-17T12:47:03.047+0000] {logging_mixin.py:188} INFO - [2026-09-17T12:47:03.046+0000] {dag.py:3954} INFO - Setting next_dagrun for youtube_dwh_update to 2026-09-17 00:00:00+00:00, run_after=2026-09-18 00:00:00+00:00
[2026-09-17T12:47:03.072+0000] {processor.py:183} INFO - Processing /opt/airflow/dags/youtube_dwh_update.py took 0.113 seconds
[2026-09-17T12:47:33.276+0000] {processor.py:161} INFO - Started process (PID=4079) to work on /opt/airflow/dags/youtube_dwh_update.py
[2026-09-17T12:47:33.278+0000] {processor.py:830} INFO - Processing file /opt/airflow/dags/youtube_dwh_update.py for tasks to queue
[2026-09-17T12:47:33.282+0000] {logging_mixin.py:188} INFO - [2026-09-17T12:47:33.281+0000] {dagbag.py:545} INFO - Filling up the DagBag from /opt/airflow/dags/youtube_dwh_update.py
[2026-09-17T12:47:33.300+0000] {processor.py:840} INFO - DAG(s) 'youtube_dwh_update' retrieved from /opt/airflow/dags/youtube_dwh_update.py
[2026-09-17T12:47:33.329+0000] {logging_mixin.py:188} INFO - [2026-09-17T12:47:33.329+0000] {dag.py:3096} INFO - Sync 1 DAGs
[2026-09-17T12:47:33.356+0000] {logging_mixin.py:188} INFO - [2026-09-17T12:47:33.355+0000] {dag.py:3954} INFO - Setting next_dagrun for youtube_dwh_update to 2026-09-17 00:00:00+00:00, run_after=2026-09-18 00:00:00+00:00
[2026-09-17T12:47:33.390+0000] {processor.py:183} INFO - Processing /opt/airflow/dags/youtube_dwh_update.py took 0.121 seconds
[2026-09-17T12:48:03.584+0000] {processor.py:161} INFO - Started process (PID=4095) to work on /opt/airflow/dags/youtube_dwh_update.py
[2026-09-17T12:48:03.587+0000] {processor.py:830} INFO - Processing file /opt/airflow/dags/youtube_dwh_update.py for tasks to queue
[2026-09-17T12:48:03.590+0000] {logging_mixin.py:188} INFO - [2026-09-17T12:48:03.590+0000] {dagbag.py:545} INFO - Filling up the DagBag from /opt/airflow/dags/youtube_dwh_update.py
[2026-09-17T12:48:03.611+0000] {processor.py:840} INFO - DAG(s) 'youtube_dwh_update' retrieved from /opt/airflow/dags/youtube_dwh_update.py
[2026-09-17T12:48:03.640+0000] {logging_mixin.py:188} INFO - [2026-09-17T12:48:03.640+0000] {dag.py:3096} INFO - Sync 1 DAGs
[2026-09-17T12:48:03.670+0000] {logging_mixin.py:188} INFO - [2026-09-17T12:48:03.670+0000] {dag.py:3954} INFO - Setting next_dagrun for youtube_dwh_update to 2026-09-17 00:00:00+00:00, run_after=2026-09-18 00:00:00+00:00
[2026-09-17T12:48:03.696+0000] {processor.py:183} INFO - Processing /opt/airflow/dags/youtube_dwh_update.py took 0.119 seconds
[2026-09-17T12:48:33.896+0000] {processor.py:161} INFO - Started process (PID=4111) to work on /opt/airflow/dags/youtube_dwh_update.py
[2026-09-17T12:48:33.898+0000] {processor.py:830} INFO - Processing file /opt/airflow/dags/youtube_dwh_update.py for tasks to queue
[2026-09-17T12:48:33.902+0000] {logging_mixin.py:188} INFO - [2026-09-17T12:48:33.901+0000] {dagbag.py:545} INFO - Filling up the DagBag from /opt/airflow/dags/youtube_dwh_update.py
[2026-09-17T12:48:33.920+0000] {processor.py:840} INFO - DAG(s) 'youtube_dwh_update' retrieved from /opt/airflow/dags/youtube_dwh_update.py
[2026-09-17T12:48:33.947+0000] {logging_mixin.py:188} INFO - [2026-09-17T12:48:33.946+0000] {dag.py:3096} INFO - Sync 1 DAGs
[2026-09-17T12:48:33.974+0000] {logging_mixin.py:188} INFO - [2026-09-17T12:48:33.974+0000] {dag.py:3954} INFO - Setting next_dagrun for youtube_dwh_update to 2026-09-17 00:00:00+00:00, run_after=2026-09-18 00:00:00+00:00
[2026-09-17T12:48:34.000+0000] {processor.py:183} INFO - Processing /opt/airflow/dags/youtube_dwh_update.py took 0.112 seconds
[2026-09-17T12:49:04.210+0000] {processor.py:161} INFO - Started process (PID=4127) to work on /opt/airflow/dags/youtube_dwh_update.py
[2026-09-17T12:49:04.213+0000] {processor.py:830} INFO - Processing file /opt/airflow/dags/youtube_dwh_update.py for tasks to queue
[2026-09-17T12:49:04.217+0000] {logging_mixin.py:188} INFO - [2026-09-17T12:49:04.216+0000] {dagbag.py:545} INFO - Filling up the DagBag from /opt/airflow/dags/youtube_dwh_update.py
[2026-09-17T12:49:04.237+0000] {processor.py:840} INFO - DAG(s) 'youtube_dwh_update' retrieved from /opt/airflow/dags/youtube_dwh_update.py
[2026-09-17T12:49:04.265+0000] {logging_mixin.py:188} INFO - [2026-09-17T12:49:04.264+0000] {dag.py:3096} INFO - Sync 1 DAGs
[2026-09-17T12:49:04.291+0000] {logging_mixin.py:188} INFO - [2026-09-17T12:49:04.291+0000] {dag.py:3954} INFO - Setting next_dagrun for youtube_dwh_update to 2026-09-17 00:00:00+00:00, run_after=2026-09-18 00:00:00+00:00
[2026-09-17T12:49:04.327+0000] {processor.py:183} INFO - Processing /opt/airflow/dags/youtube_dwh_update.py took 0.124 seconds
[2026-09-17T12:49:34.531+0000] {processor.py:161} INFO - Started process (PID=4143) to work on /opt/airflow/dags/youtube_dwh_update.py
[2026-09-17T12:49:34.533+0000] {processor.py:830} INFO - Processing file /opt/airflow/dags/youtube_dwh_update.py for tasks to queue
[2026-09-17T12:49:34.536+0000] {logging_mixin.py:188} INFO - [2026-09-17T12:49:34.536+0000] {dagbag.py:545} INFO - Filling up the DagBag from /opt/airflow/dags/youtube_dwh_update.py
[2026-09-17T12:49:34.556+0000] {processor.py:840} INFO - DAG(s) 'youtube_dwh_update' retrieved from /opt/airflow/dags/youtube_dwh_update.py
[2026-09-17T12:49:34.583+0000] {logging_mixin.py:188} INFO - [2026-09-17T12:49:34.583+0000] {dag.py:3096} INFO - Sync 1 DAGs
[2026-09-17T12:49:34.609+0000] {logging_mixin.py:188} INFO - [2026-09-17T12:49:34.609+0000] {dag.py:3954} INFO - Setting next_dagrun for youtube_dwh_update to 2026-09-17 00:00:00+00:00, run_after=2026-09-18 00:00:00+00:00
[2026-09-17T12:49:34.642+0000] {processor.py:183} INFO - Processing /opt/airflow/dags/youtube_dwh_update.py took 0.120 seconds
[2026-09-17T12:50:04.849+0000] {processor.py:161} INFO - Started process (PID=4159) to work on /opt/airflow/dags/youtube_dwh_update.py
[2026-09-17T12:50:04.852+0000] {processor.py:830} INFO - Processing file /opt/airflow/dags/youtube_dwh_update.py for tasks to queue
[2026-09-17T12:50:04.855+0000] {logging_mixin.py:188} INFO - [2026-09-17T12:50:04.855+0000] {dagbag.py:545} INFO - Filling up the DagBag from /opt/airflow/dags/youtube_dwh_update.py
[2026-09-17T12:50:04.875+0000] {processor.py:840} INFO - DAG(s) 'youtube_dwh_update' retrieved from /opt/airflow/dags/youtube_dwh_update.py
[2026-09-17T12:50:04.901+0000] {logging_mixin.py:188} INFO - [2026-09-17T12:50:04.901+0000] {dag.py:3096} INFO - Sync 1 DAGs
[2026-09-17T12:50:04.928+0000] {logging_mixin.py:188} INFO - [2026-09-17T12:50:04.928+0000] {dag.py:3954} INFO - Setting next_dagrun for youtube_dwh_update to 2026-09-17 00:00:00+00:00, run_after=2026-09-18 00:00:00+00:00
[2026-09-17T12:50:04.962+0000] {processor.py:183} INFO - Processing /opt/airflow/dags/youtube_dwh_update.py took 0.120 seconds
[2026-09-17T12:50:35.181+0000] {processor.py:161} INFO - Started process (PID=4175) to work on /opt/airflow/dags/youtube_dwh_update.py
[2026-09-17T12:50:35.184+0000] {processor.py:830} INFO - Processing file /opt/airflow/dags/youtube_dwh_update.py for tasks to queue
[2026-09-17T12:50:35.188+0000] {logging_mixin.py:188} INFO - [2026-09-17T12:50:35.187+0000] {dagbag.py:545} INFO - Filling up the DagBag from /opt/airflow/dags/youtube_dwh_update.py
[2026-09-17T12:50:35.216+0000] {processor.py:840} INFO - DAG(s) 'youtube_dwh_update' retrieved from /opt/airflow/dags/youtube_dwh_update.py
[2026-09-17T12:50:35.252+0000] {logging_mixin.py:188} INFO - [2026-09-17T12:50:35.252+0000] {dag.py:3096} INFO - Sync 1 DAGs
[2026-09-17T12:50:35.293+0000] {logging_mixin.py:188} INFO - [2026-09-17T12:50:35.293+0000] {dag.py:3954} INFO - Setting next_dagrun for youtube_dwh_update to 2026-09-17 00:00:00+00:00, run_after=2026-09-18 00:00:00+00:00
[2026-09-17T12:50:35.336+0000] {processor.py:183} INFO - Processing /opt/airflow/dags/youtube_dwh_update.py took 0.165 seconds
[2026-09-17T12:51:05.543+0000] {processor.py:161} INFO - Started process (PID=4191) to work on /opt/airflow/dags/youtube_dwh_update.py
[2026-09-17T12:51:05.545+0000] {processor.py:830} INFO - Processing file /opt/airflow/dags/youtube_dwh_update.py for tasks to queue
[2026-09-17T12:51:05.550+0000] {logging_mixin.py:188} INFO - [2026-09-17T12:51:05.549+0000] {dagbag.py:545} INFO - Filling up the DagBag from /opt/airflow/dags/youtube_dwh_update.py
[2026-09-17T12:51:05.579+0000] {processor.py:840} INFO - DAG(s) 'youtube_dwh_update' retrieved from /opt/airflow/dags/youtube_dwh_update.py
[2026-09-17T12:51:05.607+0000] {logging_mixin.py:188} INFO - [2026-09-17T12:51:05.607+0000] {dag.py:3096} INFO - Sync 1 DAGs
[2026-09-17T12:51:05.638+0000] {logging_mixin.py:188} INFO - [2026-09-17T12:51:05.638+0000] {dag.py:3954} INFO - Setting next_dagrun for youtube_dwh_update to 2026-09-17 00:00:00+00:00, run_after=2026-09-18 00:00:00+00:00
[2026-09-17T12:51:05.671+0000] {processor.py:183} INFO - Processing /opt/airflow/dags/youtube_dwh_update.py took 0.136 seconds
[2026-09-17T12:51:35.873+0000] {processor.py:161} INFO - Started process (PID=4207) to work on /opt/airflow/dags/youtube_dwh_update.py
[2026-09-17T12:51:35.876+0000] {processor.py:830} INFO - Processing file /opt/airflow/dags/youtube_dwh_update.py for tasks to queue
[2026-09-17T12:51:35.879+0000] {logging_mixin.py:188} INFO - [2026-09-17T12:51:35.879+0000] {dagbag.py:545} INFO - Filling up the DagBag from /opt/airflow/dags/youtube_dwh_update.py
[2026-09-17T12:51:35.900+0000] {processor.py:840} INFO - DAG(s) 'youtube_dwh_update' retrieved from /opt/airflow/dags/youtube_dwh_update.py
[2026-09-17T12:51:35.926+0000] {logging_mixin.py:188} INFO - [2026-09-17T12:51:35.926+0000] {dag.py:3096} INFO - Sync 1 DAGs
[2026-09-17T12:51:35.952+0000] {logging_mixin.py:188} INFO - [2026-09-17T12:51:35.952+0000] {dag.py:3954} INFO - Setting next_dagrun for youtube_dwh_update to 2026-09-17 00:00:00+00:00, run_after=2026-09-18 00:00:00+00:00
[2026-09-17T12:51:35.986+0000] {processor.py:183} INFO - Processing /opt/airflow/dags/youtube_dwh_update.py took 0.121 seconds
[2026-09-17T12:52:06.191+0000] {processor.py:161} INFO - Started process (PID=4223) to work on /opt/airflow/dags/youtube_dwh_update.py
[2026-09-17T12:52:06.193+0000] {processor.py:830} INFO - Processing file /opt/airflow/dags/youtube_dwh_update.py for tasks to queue
[2026-09-17T12:52:06.197+0000] {logging_mixin.py:188} INFO - [2026-09-17T12:52:06.196+0000] {dagbag.py:545} INFO - Filling up the DagBag from /opt/airflow/dags/youtube_dwh_update.py
[2026-09-17T12:52:06.216+0000] {processor.py:840} INFO - DAG(s) 'youtube_dwh_update' retrieved from /opt/airflow/dags/youtube_dwh_update.py
[2026-09-17T12:52:06.250+0000] {logging_mixin.py:188} INFO - [2026-09-17T12:52:06.250+0000] {dag.py:3096} INFO - Sync 1 DAGs
[2026-09-17T12:52:06.277+0000] {logging_mixin.py:188} INFO - [2026-09-17T12:52:06.276+0000] {dag.py:3954} INFO - Setting next_dagrun for youtube_dwh_update to 2026-09-17 00:00:00+00:00, run_after=2026-09-18 00:00:00+00:00
[2026-09-17T12:52:06.312+0000] {processor.py:183} INFO - Processing /opt/airflow/dags/youtube_dwh_update.py took 0.129 seconds
[2026-09-17T12:52:36.525+0000] {processor.py:161} INFO - Started process (PID=4239) to work on /opt/airflow/dags/youtube_dwh_update.py
[2026-09-17T12:52:36.528+0000] {processor.py:830} INFO - Processing file /opt/airflow/dags/youtube_dwh_update.py for tasks to queue
[2026-09-17T12:52:36.531+0000] {logging_mixin.py:188} INFO - [2026-09-17T12:52:36.531+0000] {dagbag.py:545} INFO - Filling up the DagBag from /opt/airflow/dags/youtube_dwh_update.py
[2026-09-17T12:52:36.552+0000] {processor.py:840} INFO - DAG(s) 'youtube_dwh_update' retrieved from /opt/airflow/dags/youtube_dwh_update.py
[2026-09-17T12:52:36.581+0000] {logging_mixin.py:188} INFO - [2026-09-17T12:52:36.580+0000] {dag.py:3096} INFO - Sync 1 DAGs
[2026-09-17T12:52:36.606+0000] {logging_mixin.py:188} INFO - [2026-09-17T12:52:36.606+0000] {dag.py:3954} INFO - Setting next_dagrun for youtube_dwh_update to 2026-09-17 00:00:00+00:00, run_after=2026-09-18 00:00:00+00:00
[2026-09-17T12:52:36.641+0000] {processor.py:183} INFO - Processing /opt/airflow/dags/youtube_dwh_update.py took 0.123 seconds
[2026-09-17T12:53:06.837+0000] {processor.py:161} INFO - Started process (PID=4255) to work on /opt/airflow/dags/youtube_dwh_update.py
[2026-09-17T12:53:06.841+0000] {processor.py:830} INFO - Processing file /opt/airflow/dags/youtube_dwh_update.py for tasks to queue
[2026-09-17T12:53:06.845+0000] {logging_mixin.py:188} INFO - [2026-09-17T12:53:06.844+0000] {dagbag.py:545} INFO - Filling up the DagBag from /opt/airflow/dags/youtube_dwh_update.py
[2026-09-17T12:53:06.866+0000] {processor.py:840} INFO - DAG(s) 'youtube_dwh_update' retrieved from /opt/airflow/dags/youtube_dwh_update.py
[2026-09-17T12:53:06.895+0000] {logging_mixin.py:188} INFO - [2026-09-17T12:53:06.895+0000] {dag.py:3096} INFO - Sync 1 DAGs
[2026-09-17T12:53:06.922+0000] {logging_mixin.py:188} INFO - [2026-09-17T12:53:06.922+0000] {dag.py:3954} INFO - Setting next_dagrun for youtube_dwh_update to 2026-09-17 00:00:00+00:00, run_after=2026-09-18 00:00:00+00:00
[2026-09-17T12:53:06.957+0000] {processor.py:183} INFO - Processing /opt/airflow/dags/youtube_dwh_update.py took 0.127 seconds
[2026-09-17T12:53:37.163+0000] {processor.py:161} INFO - Started process (PID=4271) to work on /opt/airflow/dags/youtube_dwh_update.py
[2026-09-17T12:53:37.166+0000] {processor.py:830} INFO - Processing file /opt/airflow/dags/youtube_dwh_update.py for tasks to queue
[2026-09-17T12:53:37.170+0000] {logging_mixin.py:188} INFO - [2026-09-17T12:53:37.169+0000] {dagbag.py:545} INFO - Filling up the DagBag from /opt/airflow/dags/youtube_dwh_update.py
[2026-09-17T12:53:37.190+0000] {processor.py:840} INFO - DAG(s) 'youtube_dwh_update' retrieved from /opt/airflow/dags/youtube_dwh_update.py
[2026-09-17T12:53:37.215+0000] {logging_mixin.py:188} INFO - [2026-09-17T12:53:37.215+0000] {dag.py:3096} INFO - Sync 1 DAGs
[2026-09-17T12:53:37.243+0000] {logging_mixin.py:188} INFO - [2026-09-17T12:53:37.243+0000] {dag.py:3954} INFO - Setting next_dagrun for youtube_dwh_update to 2026-09-17 00:00:00+00:00, run_after=2026-09-18 00:00:00+00:00
[2026-09-17T12:53:37.277+0000] {processor.py:183} INFO - Processing /opt/airflow/dags/youtube_dwh_update.py took 0.122 seconds
[2026-09-17T12:54:07.473+0000] {processor.py:161} INFO - Started process (PID=4287) to work on /opt/airflow/dags/youtube_dwh_update.py
[2026-09-17T12:54:07.476+0000] {processor.py:830} INFO - Processing file /opt/airflow/dags/youtube_dwh_update.py for tasks to queue
[2026-09-17T12:54:07.479+0000] {logging_mixin.py:188} INFO - [2026-09-17T12:54:07.478+0000] {dagbag.py:545} INFO - Filling up the DagBag from /opt/airflow/dags/youtube_dwh_update.py
[2026-09-17T12:54:07.498+0000] {processor.py:840} INFO - DAG(s) 'youtube_dwh_update' retrieved from /opt/airflow/dags/youtube_dwh_update.py
[2026-09-17T12:54:07.526+0000] {logging_mixin.py:188} INFO - [2026-09-17T12:54:07.526+0000] {dag.py:3096} INFO - Sync 1 DAGs
[2026-09-17T12:54:07.552+0000] {logging_mixin.py:188} INFO - [2026-09-17T12:54:07.552+0000] {dag.py:3954} INFO - Setting next_dagrun for youtube_dwh_update to 2026-09-17 00:00:00+00:00, run_after=2026-09-18 00:00:00+00:00
[2026-09-17T12:54:07.588+0000] {processor.py:183} INFO - Processing /opt/airflow/dags/youtube_dwh_update.py took 0.122 seconds
[2026-09-17T12:54:37.786+0000] {processor.py:161} INFO - Started process (PID=4303) to work on /opt/airflow/dags/youtube_dwh_update.py
[2026-09-17T12:54:37.789+0000] {processor.py:830} INFO - Processing file /opt/airflow/dags/youtube_dwh_update.py for tasks to queue
[2026-09-17T12:54:37.792+0000] {logging_mixin.py:188} INFO - [2026-09-17T12:54:37.792+0000] {dagbag.py:545} INFO - Filling up the DagBag from /opt/airflow/dags/youtube_dwh_update.py
[2026-09-17T12:54:37.813+0000] {processor.py:840} INFO - DAG(s) 'youtube_dwh_update' retrieved from /opt/airflow/dags/youtube_dwh_update.py
[2026-09-17T12:54:37.838+0000] {logging_mixin.py:188} INFO - [2026-09-17T12:54:37.837+0000] {dag.py:3096} INFO - Sync 1 DAGs
[2026-09-17T12:54:37.865+0000] {logging_mixin.py:188} INFO - [2026-09-17T12:54:37.864+0000] {dag.py:3954} INFO - Setting next_dagrun for youtube_dwh_update to 2026-09-17 00:00:00+00:00, run_after=2026-09-18 00:00:00+00:00
[2026-09-17T12:54:37.898+0000] {processor.py:183} INFO - Processing /opt/airflow/dags/youtube_dwh_update.py took 0.119 seconds
[2026-09-17T12:55:08.112+0000] {processor.py:161} INFO - Started process (PID=4319) to work on /opt/airflow/dags/youtube_dwh_update.py
[2026-09-17T12:55:08.114+0000] {processor.py:830} INFO - Processing file /opt/airflow/dags/youtube_dwh_update.py for tasks to queue
[2026-09-17T12:55:08.118+0000] {logging_mixin.py:188} INFO - [2026-09-17T12:55:08.117+0000] {dagbag.py:545} INFO - Filling up the DagBag from /opt/airflow/dags/youtube_dwh_update.py
[2026-09-17T12:55:08.143+0000] {processor.py:840} INFO - DAG(s) 'youtube_dwh_update' retrieved from /opt/airflow/dags/youtube_dwh_update.py
[2026-09-17T12:55:08.206+0000] {logging_mixin.py:188} INFO - [2026-09-17T12:55:08.206+0000] {dag.py:3096} INFO - Sync 1 DAGs
[2026-09-17T12:55:08.258+0000] {logging_mixin.py:188} INFO - [2026-09-17T12:55:08.257+0000] {dag.py:3954} INFO - Setting next_dagrun for youtube_dwh_update to 2026-09-17 00:00:00+00:00, run_after=2026-09-18 00:00:00+00:00
[2026-09-17T12:55:08.300+0000] {processor.py:183} INFO - Processing /opt/airflow/dags/youtube_dwh_update.py took 0.197 seconds
[2026-09-17T12:55:38.516+0000] {processor.py:161} INFO - Started process (PID=4335) to work on /opt/airflow/dags/youtube_dwh_update.py
[2026-09-17T12:55:38.518+0000] {processor.py:830} INFO - Processing file /opt/airflow/dags/youtube_dwh_update.py for tasks to queue
[2026-09-17T12:55:38.522+0000] {logging_mixin.py:188} INFO - [2026-09-17T12:55:38.521+0000] {dagbag.py:545} INFO - Filling up the DagBag from /opt/airflow/dags/youtube_dwh_update.py
[2026-09-17T12:55:38.542+0000] {processor.py:840} INFO - DAG(s) 'youtube_dwh_update' retrieved from /opt/airflow/dags/youtube_dwh_update.py
[2026-09-17T12:55:38.567+0000] {logging_mixin.py:188} INFO - [2026-09-17T12:55:38.567+0000] {dag.py:3096} INFO - Sync 1 DAGs
[2026-09-17T12:55:38.594+0000] {logging_mixin.py:188} INFO - [2026-09-17T12:55:38.594+0000] {dag.py:3954} INFO - Setting next_dagrun for youtube_dwh_update to 2026-09-17 00:00:00+00:00, run_after=2026-09-18 00:00:00+00:00
[2026-09-17T12:55:38.627+0000] {processor.py:183} INFO - Processing /opt/airflow/dags/youtube_dwh_update.py took 0.119 seconds
[2026-09-17T12:56:08.862+0000] {processor.py:161} INFO - Started process (PID=4351) to work on /opt/airflow/dags/youtube_dwh_update.py
[2026-09-17T12:56:08.864+0000] {processor.py:830} INFO - Processing file /opt/airflow/dags/youtube_dwh_update.py for tasks to queue
[2026-09-17T12:56:08.867+0000] {logging_mixin.py:188} INFO - [2026-09-17T12:56:08.867+0000] {dagbag.py:545} INFO - Filling up the DagBag from /opt/airflow/dags/youtube_dwh_update.py
[2026-09-17T12:56:08.886+0000] {processor.py:840} INFO - DAG(s) 'youtube_dwh_update' retrieved from /opt/airflow/dags/youtube_dwh_update.py
[2026-09-17T12:56:08.914+0000] {logging_mixin.py:188} INFO - [2026-09-17T12:56:08.913+0000] {dag.py:3096} INFO - Sync 1 DAGs
[2026-09-17T12:56:08.940+0000] {logging_mixin.py:188} INFO - [2026-09-17T12:56:08.939+0000] {dag.py:3954} INFO - Setting next_dagrun for youtube_dwh_update to 2026-09-17 00:00:00+00:00, run_after=2026-09-18 00:00:00+00:00
[2026-09-17T12:56:08.973+0000] {processor.py:183} INFO - Processing /opt/airflow/dags/youtube_dwh_update.py took 0.119 seconds
[2026-09-17T12:56:39.180+0000] {processor.py:161} INFO - Started process (PID=4367) to work on /opt/airflow/dags/youtube_dwh_update.py
[2026-09-17T12:56:39.182+0000] {processor.py:830} INFO - Processing file /opt/airflow/dags/youtube_dwh_update.py for tasks to queue
[2026-09-17T12:56:39.185+0000] {logging_mixin.py:188} INFO - [2026-09-17T12:56:39.185+0000] {dagbag.py:545} INFO - Filling up the DagBag from /opt/airflow/dags/youtube_dwh_update.py
[2026-09-17T12:56:39.205+0000] {processor.py:840} INFO - DAG(s) 'youtube_dwh_update' retrieved from /opt/airflow/dags/youtube_dwh_update.py
[2026-09-17T12:56:39.230+0000] {logging_mixin.py:188} INFO - [2026-09-17T12:56:39.230+0000] {dag.py:3096} INFO - Sync 1 DAGs
[2026-09-17T12:56:39.258+0000] {logging_mixin.py:188} INFO - [2026-09-17T12:56:39.257+0000] {dag.py:3954} INFO - Setting next_dagrun for youtube_dwh_update to 2026-09-17 00:00:00+00:00, run_after=2026-09-18 00:00:00+00:00
[2026-09-17T12:56:39.293+0000] {processor.py:183} INFO - Processing /opt/airflow/dags/youtube_dwh_update.py took 0.120 seconds
[2026-09-17T12:57:09.494+0000] {processor.py:161} INFO - Started process (PID=4383) to work on /opt/airflow/dags/youtube_dwh_update.py
[2026-09-17T12:57:09.496+0000] {processor.py:830} INFO - Processing file /opt/airflow/dags/youtube_dwh_update.py for tasks to queue
[2026-09-17T12:57:09.499+0000] {logging_mixin.py:188} INFO - [2026-09-17T12:57:09.499+0000] {dagbag.py:545} INFO - Filling up the DagBag from /opt/airflow/dags/youtube_dwh_update.py
[2026-09-17T12:57:09.517+0000] {processor.py:840} INFO - DAG(s) 'youtube_dwh_update' retrieved from /opt/airflow/dags/youtube_dwh_update.py
[2026-09-17T12:57:09.550+0000] {logging_mixin.py:188} INFO - [2026-09-17T12:57:09.550+0000] {dag.py:3096} INFO - Sync 1 DAGs
[2026-09-17T12:57:09.580+0000] {logging_mixin.py:188} INFO - [2026-09-17T12:57:09.580+0000] {dag.py:3954} INFO - Setting next_dagrun for youtube_dwh_update to 2026-09-17 00:00:00+00:00, run_after=2026-09-18 00:00:00+00:00
[2026-09-17T12:57:09.613+0000] {processor.py:183} INFO - Processing /opt/airflow/dags/youtube_dwh_update.py took 0.127 seconds
[2026-09-17T12:57:39.812+0000] {processor.py:161} INFO - Started process (PID=4399) to work on /opt/airflow/dags/youtube_dwh_update.py
[2026-09-17T12:57:39.815+0000] {processor.py:830} INFO - Processing file /opt/airflow/dags/youtube_dwh_update.py for tasks to queue
[2026-09-17T12:57:39.819+0000] {logging_mixin.py:188} INFO - [2026-09-17T12:57:39.818+0000] {dagbag.py:545} INFO - Filling up the DagBag from /opt/airflow/dags/youtube_dwh_update.py
[2026-09-17T12:57:39.840+0000] {processor.py:840} INFO - DAG(s) 'youtube_dwh_update' retrieved from /opt/airflow/dags/youtube_dwh_update.py
[2026-09-17T12:57:39.866+0000] {logging_mixin.py:188} INFO - [2026-09-17T12:57:39.865+0000] {dag.py:3096} INFO - Sync 1 DAGs
[2026-09-17T12:57:39.898+0000] {logging_mixin.py:188} INFO - [2026-09-17T12:57:39.897+0000] {dag.py:3954} INFO - Setting next_dagrun for youtube_dwh_update to 2026-09-17 00:00:00+00:00, run_after=2026-09-18 00:00:00+00:00
[2026-09-17T12:57:39.938+0000] {processor.py:183} INFO - Processing /opt/airflow/dags/youtube_dwh_update.py took 0.133 seconds
[2026-09-17T12:58:10.148+0000] {processor.py:161} INFO - Started process (PID=4415) to work on /opt/airflow/dags/youtube_dwh_update.py
[2026-09-17T12:58:10.151+0000] {processor.py:830} INFO - Processing file /opt/airflow/dags/youtube_dwh_update.py for tasks to queue
[2026-09-17T12:58:10.155+0000] {logging_mixin.py:188} INFO - [2026-09-17T12:58:10.155+0000] {dagbag.py:545} INFO - Filling up the DagBag from /opt/airflow/dags/youtube_dwh_update.py
[2026-09-17T12:58:10.180+0000] {processor.py:840} INFO - DAG(s) 'youtube_dwh_update' retrieved from /opt/airflow/dags/youtube_dwh_update.py
[2026-09-17T12:58:10.208+0000] {logging_mixin.py:188} INFO - [2026-09-17T12:58:10.207+0000] {dag.py:3096} INFO - Sync 1 DAGs
[2026-09-17T12:58:10.239+0000] {logging_mixin.py:188} INFO - [2026-09-17T12:58:10.239+0000] {dag.py:3954} INFO - Setting next_dagrun for youtube_dwh_update to 2026-09-17 00:00:00+00:00, run_after=2026-09-18 00:00:00+00:00
[2026-09-17T12:58:10.273+0000] {processor.py:183} INFO - Processing /opt/airflow/dags/youtube_dwh_update.py took 0.136 seconds
[2026-09-17T12:58:40.475+0000] {processor.py:161} INFO - Started process (PID=4431) to work on /opt/airflow/dags/youtube_dwh_update.py
[2026-09-17T12:58:40.477+0000] {processor.py:830} INFO - Processing file /opt/airflow/dags/youtube_dwh_update.py for tasks to queue
[2026-09-17T12:58:40.480+0000] {logging_mixin.py:188} INFO - [2026-09-17T12:58:40.480+0000] {dagbag.py:545} INFO - Filling up the DagBag from /opt/airflow/dags/youtube_dwh_update.py
[2026-09-17T12:58:40.499+0000] {processor.py:840} INFO - DAG(s) 'youtube_dwh_update' retrieved from /opt/airflow/dags/youtube_dwh_update.py
[2026-09-17T12:58:40.525+0000] {logging_mixin.py:188} INFO - [2026-09-17T12:58:40.525+0000] {dag.py:3096} INFO - Sync 1 DAGs
[2026-09-17T12:58:40.553+0000] {logging_mixin.py:188} INFO - [2026-09-17T12:58:40.552+0000] {dag.py:3954} INFO - Setting next_dagrun for youtube_dwh_update to 2026-09-17 00:00:00+00:00, run_after=2026-09-18 00:00:00+00:00
[2026-09-17T12:58:40.591+0000] {processor.py:183} INFO - Processing /opt/airflow/dags/youtube_dwh_update.py took 0.124 seconds
[2026-09-17T12:59:10.793+0000] {processor.py:161} INFO - Started process (PID=4447) to work on /opt/airflow/dags/youtube_dwh_update.py
[2026-09-17T12:59:10.795+0000] {processor.py:830} INFO - Processing file /opt/airflow/dags/youtube_dwh_update.py for tasks to queue
[2026-09-17T12:59:10.799+0000] {logging_mixin.py:188} INFO - [2026-09-17T12:59:10.799+0000] {dagbag.py:545} INFO - Filling up the DagBag from /opt/airflow/dags/youtube_dwh_update.py
[2026-09-17T12:59:10.818+0000] {processor.py:840} INFO - DAG(s) 'youtube_dwh_update' retrieved from /opt/airflow/dags/youtube_dwh_update.py
[2026-09-17T12:59:10.843+0000] {logging_mixin.py:188} INFO - [2026-09-17T12:59:10.842+0000] {dag.py:3096} INFO - Sync 1 DAGs
[2026-09-17T12:59:10.871+0000] {logging_mixin.py:188} INFO - [2026-09-17T12:59:10.870+0000] {dag.py:3954} INFO - Setting next_dagrun for youtube_dwh_update to 2026-09-17 00:00:00+00:00, run_after=2026-09-18 00:00:00+00:00
[2026-09-17T12:59:10.904+0000] {processor.py:183} INFO - Processing /opt/airflow/dags/youtube_dwh_update.py took 0.118 seconds
[2026-09-17T12:59:41.115+0000] {processor.py:161} INFO - Started process (PID=4463) to work on /opt/airflow/dags/youtube_dwh_update.py
[2026-09-17T12:59:41.119+0000] {processor.py:830} INFO - Processing file /opt/airflow/dags/youtube_dwh_update.py for tasks to queue
[2026-09-17T12:59:41.122+0000] {logging_mixin.py:188} INFO - [2026-09-17T12:59:41.121+0000] {dagbag.py:545} INFO - Filling up the DagBag from /opt/airflow/dags/youtube_dwh_update.py
[2026-09-17T12:59:41.144+0000] {processor.py:840} INFO - DAG(s) 'youtube_dwh_update' retrieved from /opt/airflow/dags/youtube_dwh_update.py
[2026-09-17T12:59:41.177+0000] {logging_mixin.py:188} INFO - [2026-09-17T12:59:41.176+0000] {dag.py:3096} INFO - Sync 1 DAGs
[2026-09-17T12:59:41.206+0000] {logging_mixin.py:188} INFO - [2026-09-17T12:59:41.205+0000] {dag.py:3954} INFO - Setting next_dagrun for youtube_dwh_update to 2026-09-17 00:00:00+00:00, run_after=2026-09-18 00:00:00+00:00
[2026-09-17T12:59:41.239+0000] {processor.py:183} INFO - Processing /opt/airflow/dags/youtube_dwh_update.py took 0.137 seconds
[2026-09-17T13:00:11.477+0000] {processor.py:161} INFO - Started process (PID=4479) to work on /opt/airflow/dags/youtube_dwh_update.py
[2026-09-17T13:00:11.479+0000] {processor.py:830} INFO - Processing file /opt/airflow/dags/youtube_dwh_update.py for tasks to queue
[2026-09-17T13:00:11.483+0000] {logging_mixin.py:188} INFO - [2026-09-17T13:00:11.482+0000] {dagbag.py:545} INFO - Filling up the DagBag from /opt/airflow/dags/youtube_dwh_update.py
[2026-09-17T13:00:11.503+0000] {processor.py:840} INFO - DAG(s) 'youtube_dwh_update' retrieved from /opt/airflow/dags/youtube_dwh_update.py
[2026-09-17T13:00:11.535+0000] {logging_mixin.py:188} INFO - [2026-09-17T13:00:11.535+0000] {dag.py:3096} INFO - Sync 1 DAGs
[2026-09-17T13:00:11.569+0000] {logging_mixin.py:188} INFO - [2026-09-17T13:00:11.569+0000] {dag.py:3954} INFO - Setting next_dagrun for youtube_dwh_update to 2026-09-17 00:00:00+00:00, run_after=2026-09-18 00:00:00+00:00
[2026-09-17T13:00:11.611+0000] {processor.py:183} INFO - Processing /opt/airflow/dags/youtube_dwh_update.py took 0.143 seconds
[2026-09-17T13:00:41.977+0000] {processor.py:161} INFO - Started process (PID=4495) to work on /opt/airflow/dags/youtube_dwh_update.py
[2026-09-17T13:00:41.987+0000] {processor.py:830} INFO - Processing file /opt/airflow/dags/youtube_dwh_update.py for tasks to queue
[2026-09-17T13:00:41.998+0000] {logging_mixin.py:188} INFO - [2026-09-17T13:00:41.997+0000] {dagbag.py:545} INFO - Filling up the DagBag from /opt/airflow/dags/youtube_dwh_update.py
[2026-09-17T13:00:42.032+0000] {processor.py:840} INFO - DAG(s) 'youtube_dwh_update' retrieved from /opt/airflow/dags/youtube_dwh_update.py
[2026-09-17T13:00:42.074+0000] {logging_mixin.py:188} INFO - [2026-09-17T13:00:42.074+0000] {dag.py:3096} INFO - Sync 1 DAGs
[2026-09-17T13:00:42.111+0000] {logging_mixin.py:188} INFO - [2026-09-17T13:00:42.111+0000] {dag.py:3954} INFO - Setting next_dagrun for youtube_dwh_update to 2026-09-17 00:00:00+00:00, run_after=2026-09-18 00:00:00+00:00
[2026-09-17T13:00:42.157+0000] {processor.py:183} INFO - Processing /opt/airflow/dags/youtube_dwh_update.py took 0.195 seconds
[2026-09-17T13:01:12.419+0000] {processor.py:161} INFO - Started process (PID=4511) to work on /opt/airflow/dags/youtube_dwh_update.py
[2026-09-17T13:01:12.421+0000] {processor.py:830} INFO - Processing file /opt/airflow/dags/youtube_dwh_update.py for tasks to queue
[2026-09-17T13:01:12.426+0000] {logging_mixin.py:188} INFO - [2026-09-17T13:01:12.425+0000] {dagbag.py:545} INFO - Filling up the DagBag from /opt/airflow/dags/youtube_dwh_update.py
[2026-09-17T13:01:12.444+0000] {processor.py:840} INFO - DAG(s) 'youtube_dwh_update' retrieved from /opt/airflow/dags/youtube_dwh_update.py
[2026-09-17T13:01:12.472+0000] {logging_mixin.py:188} INFO - [2026-09-17T13:01:12.472+0000] {dag.py:3096} INFO - Sync 1 DAGs
[2026-09-17T13:01:12.498+0000] {logging_mixin.py:188} INFO - [2026-09-17T13:01:12.497+0000] {dag.py:3954} INFO - Setting next_dagrun for youtube_dwh_update to 2026-09-17 00:00:00+00:00, run_after=2026-09-18 00:00:00+00:00
[2026-09-17T13:01:12.530+0000] {processor.py:183} INFO - Processing /opt/airflow/dags/youtube_dwh_update.py took 0.120 seconds
[2026-09-17T13:01:42.741+0000] {processor.py:161} INFO - Started process (PID=4526) to work on /opt/airflow/dags/youtube_dwh_update.py
[2026-09-17T13:01:42.744+0000] {processor.py:830} INFO - Processing file /opt/airflow/dags/youtube_dwh_update.py for tasks to queue
[2026-09-17T13:01:42.747+0000] {logging_mixin.py:188} INFO - [2026-09-17T13:01:42.747+0000] {dagbag.py:545} INFO - Filling up the DagBag from /opt/airflow/dags/youtube_dwh_update.py
[2026-09-17T13:01:42.768+0000] {processor.py:840} INFO - DAG(s) 'youtube_dwh_update' retrieved from /opt/airflow/dags/youtube_dwh_update.py
[2026-09-17T13:01:42.798+0000] {logging_mixin.py:188} INFO - [2026-09-17T13:01:42.797+0000] {dag.py:3096} INFO - Sync 1 DAGs
[2026-09-17T13:01:42.824+0000] {logging_mixin.py:188} INFO - [2026-09-17T13:01:42.824+0000] {dag.py:3954} INFO - Setting next_dagrun for youtube_dwh_update to 2026-09-17 00:00:00+00:00, run_after=2026-09-18 00:00:00+00:00
[2026-09-17T13:01:42.863+0000] {processor.py:183} INFO - Processing /opt/airflow/dags/youtube_dwh_update.py took 0.135 seconds
[2026-09-17T13:02:13.075+0000] {processor.py:161} INFO - Started process (PID=4542) to work on /opt/airflow/dags/youtube_dwh_update.py
[2026-09-17T13:02:13.077+0000] {processor.py:830} INFO - Processing file /opt/airflow/dags/youtube_dwh_update.py for tasks to queue
[2026-09-17T13:02:13.081+0000] {logging_mixin.py:188} INFO - [2026-09-17T13:02:13.080+0000] {dagbag.py:545} INFO - Filling up the DagBag from /opt/airflow/dags/youtube_dwh_update.py
[2026-09-17T13:02:13.100+0000] {processor.py:840} INFO - DAG(s) 'youtube_dwh_update' retrieved from /opt/airflow/dags/youtube_dwh_update.py
[2026-09-17T13:02:13.126+0000] {logging_mixin.py:188} INFO - [2026-09-17T13:02:13.126+0000] {dag.py:3096} INFO - Sync 1 DAGs
[2026-09-17T13:02:13.156+0000] {logging_mixin.py:188} INFO - [2026-09-17T13:02:13.155+0000] {dag.py:3954} INFO - Setting next_dagrun for youtube_dwh_update to 2026-09-17 00:00:00+00:00, run_after=2026-09-18 00:00:00+00:00
[2026-09-17T13:02:13.186+0000] {processor.py:183} INFO - Processing /opt/airflow/dags/youtube_dwh_update.py took 0.121 seconds
[2026-09-17T13:02:43.437+0000] {processor.py:161} INFO - Started process (PID=4558) to work on /opt/airflow/dags/youtube_dwh_update.py
[2026-09-17T13:02:43.439+0000] {processor.py:830} INFO - Processing file /opt/airflow/dags/youtube_dwh_update.py for tasks to queue
[2026-09-17T13:02:43.442+0000] {logging_mixin.py:188} INFO - [2026-09-17T13:02:43.441+0000] {dagbag.py:545} INFO - Filling up the DagBag from /opt/airflow/dags/youtube_dwh_update.py
[2026-09-17T13:02:43.464+0000] {processor.py:840} INFO - DAG(s) 'youtube_dwh_update' retrieved from /opt/airflow/dags/youtube_dwh_update.py
[2026-09-17T13:02:43.496+0000] {logging_mixin.py:188} INFO - [2026-09-17T13:02:43.495+0000] {dag.py:3096} INFO - Sync 1 DAGs
[2026-09-17T13:02:43.526+0000] {logging_mixin.py:188} INFO - [2026-09-17T13:02:43.526+0000] {dag.py:3954} INFO - Setting next_dagrun for youtube_dwh_update to 2026-09-17 00:00:00+00:00, run_after=2026-09-18 00:00:00+00:00
[2026-09-17T13:02:43.563+0000] {processor.py:183} INFO - Processing /opt/airflow/dags/youtube_dwh_update.py took 0.134 seconds
[2026-09-17T13:03:13.824+0000] {processor.py:161} INFO - Started process (PID=4574) to work on /opt/airflow/dags/youtube_dwh_update.py
[2026-09-17T13:03:13.827+0000] {processor.py:830} INFO - Processing file /opt/airflow/dags/youtube_dwh_update.py for tasks to queue
[2026-09-17T13:03:13.831+0000] {logging_mixin.py:188} INFO - [2026-09-17T13:03:13.831+0000] {dagbag.py:545} INFO - Filling up the DagBag from /opt/airflow/dags/youtube_dwh_update.py
[2026-09-17T13:03:13.856+0000] {processor.py:840} INFO - DAG(s) 'youtube_dwh_update' retrieved from /opt/airflow/dags/youtube_dwh_update.py
[2026-09-17T13:03:13.888+0000] {logging_mixin.py:188} INFO - [2026-09-17T13:03:13.887+0000] {dag.py:3096} INFO - Sync 1 DAGs
[2026-09-17T13:03:13.920+0000] {logging_mixin.py:188} INFO - [2026-09-17T13:03:13.920+0000] {dag.py:3954} INFO - Setting next_dagrun for youtube_dwh_update to 2026-09-17 00:00:00+00:00, run_after=2026-09-18 00:00:00+00:00
[2026-09-17T13:03:13.954+0000] {processor.py:183} INFO - Processing /opt/airflow/dags/youtube_dwh_update.py took 0.140 seconds
[2026-09-17T13:03:44.168+0000] {processor.py:161} INFO - Started process (PID=4590) to work on /opt/airflow/dags/youtube_dwh_update.py
[2026-09-17T13:03:44.171+0000] {processor.py:830} INFO - Processing file /opt/airflow/dags/youtube_dwh_update.py for tasks to queue
[2026-09-17T13:03:44.175+0000] {logging_mixin.py:188} INFO - [2026-09-17T13:03:44.174+0000] {dagbag.py:545} INFO - Filling up the DagBag from /opt/airflow/dags/youtube_dwh_update.py
[2026-09-17T13:03:44.200+0000] {processor.py:840} INFO - DAG(s) 'youtube_dwh_update' retrieved from /opt/airflow/dags/youtube_dwh_update.py
[2026-09-17T13:03:44.226+0000] {logging_mixin.py:188} INFO - [2026-09-17T13:03:44.226+0000] {dag.py:3096} INFO - Sync 1 DAGs
[2026-09-17T13:03:44.253+0000] {logging_mixin.py:188} INFO - [2026-09-17T13:03:44.252+0000] {dag.py:3954} INFO - Setting next_dagrun for youtube_dwh_update to 2026-09-17 00:00:00+00:00, run_after=2026-09-18 00:00:00+00:00
[2026-09-17T13:03:44.289+0000] {processor.py:183} INFO - Processing /opt/airflow/dags/youtube_dwh_update.py took 0.128 seconds
[2026-09-17T13:04:14.503+0000] {processor.py:161} INFO - Started process (PID=4606) to work on /opt/airflow/dags/youtube_dwh_update.py
[2026-09-17T13:04:14.505+0000] {processor.py:830} INFO - Processing file /opt/airflow/dags/youtube_dwh_update.py for tasks to queue
[2026-09-17T13:04:14.509+0000] {logging_mixin.py:188} INFO - [2026-09-17T13:04:14.508+0000] {dagbag.py:545} INFO - Filling up the DagBag from /opt/airflow/dags/youtube_dwh_update.py
[2026-09-17T13:04:14.534+0000] {processor.py:840} INFO - DAG(s) 'youtube_dwh_update' retrieved from /opt/airflow/dags/youtube_dwh_update.py
[2026-09-17T13:04:14.566+0000] {logging_mixin.py:188} INFO - [2026-09-17T13:04:14.565+0000] {dag.py:3096} INFO - Sync 1 DAGs
[2026-09-17T13:04:14.595+0000] {logging_mixin.py:188} INFO - [2026-09-17T13:04:14.594+0000] {dag.py:3954} INFO - Setting next_dagrun for youtube_dwh_update to 2026-09-17 00:00:00+00:00, run_after=2026-09-18 00:00:00+00:00
[2026-09-17T13:04:14.631+0000] {processor.py:183} INFO - Processing /opt/airflow/dags/youtube_dwh_update.py took 0.138 seconds
[2026-09-17T13:04:44.854+0000] {processor.py:161} INFO - Started process (PID=4622) to work on /opt/airflow/dags/youtube_dwh_update.py
[2026-09-17T13:04:44.856+0000] {processor.py:830} INFO - Processing file /opt/airflow/dags/youtube_dwh_update.py for tasks to queue
[2026-09-17T13:04:44.861+0000] {logging_mixin.py:188} INFO - [2026-09-17T13:04:44.861+0000] {dagbag.py:545} INFO - Filling up the DagBag from /opt/airflow/dags/youtube_dwh_update.py
[2026-09-17T13:04:44.884+0000] {processor.py:840} INFO - DAG(s) 'youtube_dwh_update' retrieved from /opt/airflow/dags/youtube_dwh_update.py
[2026-09-17T13:04:44.920+0000] {logging_mixin.py:188} INFO - [2026-09-17T13:04:44.920+0000] {dag.py:3096} INFO - Sync 1 DAGs
[2026-09-17T13:04:44.954+0000] {logging_mixin.py:188} INFO - [2026-09-17T13:04:44.954+0000] {dag.py:3954} INFO - Setting next_dagrun for youtube_dwh_update to 2026-09-17 00:00:00+00:00, run_after=2026-09-18 00:00:00+00:00
[2026-09-17T13:04:44.995+0000] {processor.py:183} INFO - Processing /opt/airflow/dags/youtube_dwh_update.py took 0.150 seconds
[2026-09-17T13:05:15.242+0000] {processor.py:161} INFO - Started process (PID=4638) to work on /opt/airflow/dags/youtube_dwh_update.py
[2026-09-17T13:05:15.245+0000] {processor.py:830} INFO - Processing file /opt/airflow/dags/youtube_dwh_update.py for tasks to queue
[2026-09-17T13:05:15.250+0000] {logging_mixin.py:188} INFO - [2026-09-17T13:05:15.249+0000] {dagbag.py:545} INFO - Filling up the DagBag from /opt/airflow/dags/youtube_dwh_update.py
[2026-09-17T13:05:15.284+0000] {processor.py:840} INFO - DAG(s) 'youtube_dwh_update' retrieved from /opt/airflow/dags/youtube_dwh_update.py
[2026-09-17T13:05:15.329+0000] {logging_mixin.py:188} INFO - [2026-09-17T13:05:15.328+0000] {dag.py:3096} INFO - Sync 1 DAGs
[2026-09-17T13:05:15.365+0000] {logging_mixin.py:188} INFO - [2026-09-17T13:05:15.364+0000] {dag.py:3954} INFO - Setting next_dagrun for youtube_dwh_update to 2026-09-17 00:00:00+00:00, run_after=2026-09-18 00:00:00+00:00
[2026-09-17T13:05:15.399+0000] {processor.py:183} INFO - Processing /opt/airflow/dags/youtube_dwh_update.py took 0.170 seconds
[2026-09-17T13:05:45.643+0000] {processor.py:161} INFO - Started process (PID=4654) to work on /opt/airflow/dags/youtube_dwh_update.py
[2026-09-17T13:05:45.646+0000] {processor.py:830} INFO - Processing file /opt/airflow/dags/youtube_dwh_update.py for tasks to queue
[2026-09-17T13:05:45.654+0000] {logging_mixin.py:188} INFO - [2026-09-17T13:05:45.653+0000] {dagbag.py:545} INFO - Filling up the DagBag from /opt/airflow/dags/youtube_dwh_update.py
[2026-09-17T13:05:45.684+0000] {processor.py:840} INFO - DAG(s) 'youtube_dwh_update' retrieved from /opt/airflow/dags/youtube_dwh_update.py
[2026-09-17T13:05:45.719+0000] {logging_mixin.py:188} INFO - [2026-09-17T13:05:45.718+0000] {dag.py:3096} INFO - Sync 1 DAGs
[2026-09-17T13:05:45.767+0000] {logging_mixin.py:188} INFO - [2026-09-17T13:05:45.766+0000] {dag.py:3954} INFO - Setting next_dagrun for youtube_dwh_update to 2026-09-17 00:00:00+00:00, run_after=2026-09-18 00:00:00+00:00
[2026-09-17T13:05:45.819+0000] {processor.py:183} INFO - Processing /opt/airflow/dags/youtube_dwh_update.py took 0.190 seconds
[2026-09-17T13:06:16.079+0000] {processor.py:161} INFO - Started process (PID=4670) to work on /opt/airflow/dags/youtube_dwh_update.py
[2026-09-17T13:06:16.081+0000] {processor.py:830} INFO - Processing file /opt/airflow/dags/youtube_dwh_update.py for tasks to queue
[2026-09-17T13:06:16.084+0000] {logging_mixin.py:188} INFO - [2026-09-17T13:06:16.084+0000] {dagbag.py:545} INFO - Filling up the DagBag from /opt/airflow/dags/youtube_dwh_update.py
[2026-09-17T13:06:16.104+0000] {processor.py:840} INFO - DAG(s) 'youtube_dwh_update' retrieved from /opt/airflow/dags/youtube_dwh_update.py
[2026-09-17T13:06:16.128+0000] {logging_mixin.py:188} INFO - [2026-09-17T13:06:16.128+0000] {dag.py:3096} INFO - Sync 1 DAGs
[2026-09-17T13:06:16.154+0000] {logging_mixin.py:188} INFO - [2026-09-17T13:06:16.154+0000] {dag.py:3954} INFO - Setting next_dagrun for youtube_dwh_update to 2026-09-17 00:00:00+00:00, run_after=2026-09-18 00:00:00+00:00
[2026-09-17T13:06:16.185+0000] {processor.py:183} INFO - Processing /opt/airflow/dags/youtube_dwh_update.py took 0.114 seconds
[2026-09-17T13:06:46.403+0000] {processor.py:161} INFO - Started process (PID=4686) to work on /opt/airflow/dags/youtube_dwh_update.py
[2026-09-17T13:06:46.407+0000] {processor.py:830} INFO - Processing file /opt/airflow/dags/youtube_dwh_update.py for tasks to queue
[2026-09-17T13:06:46.410+0000] {logging_mixin.py:188} INFO - [2026-09-17T13:06:46.410+0000] {dagbag.py:545} INFO - Filling up the DagBag from /opt/airflow/dags/youtube_dwh_update.py
[2026-09-17T13:06:46.434+0000] {processor.py:840} INFO - DAG(s) 'youtube_dwh_update' retrieved from /opt/airflow/dags/youtube_dwh_update.py
[2026-09-17T13:06:46.468+0000] {logging_mixin.py:188} INFO - [2026-09-17T13:06:46.468+0000] {dag.py:3096} INFO - Sync 1 DAGs
[2026-09-17T13:06:46.501+0000] {logging_mixin.py:188} INFO - [2026-09-17T13:06:46.501+0000] {dag.py:3954} INFO - Setting next_dagrun for youtube_dwh_update to 2026-09-17 00:00:00+00:00, run_after=2026-09-18 00:00:00+00:00
[2026-09-17T13:06:46.540+0000] {processor.py:183} INFO - Processing /opt/airflow/dags/youtube_dwh_update.py took 0.146 seconds
[2026-09-17T13:07:16.761+0000] {processor.py:161} INFO - Started process (PID=4702) to work on /opt/airflow/dags/youtube_dwh_update.py
[2026-09-17T13:07:16.763+0000] {processor.py:830} INFO - Processing file /opt/airflow/dags/youtube_dwh_update.py for tasks to queue
[2026-09-17T13:07:16.767+0000] {logging_mixin.py:188} INFO - [2026-09-17T13:07:16.766+0000] {dagbag.py:545} INFO - Filling up the DagBag from /opt/airflow/dags/youtube_dwh_update.py
[2026-09-17T13:07:16.786+0000] {processor.py:840} INFO - DAG(s) 'youtube_dwh_update' retrieved from /opt/airflow/dags/youtube_dwh_update.py
[2026-09-17T13:07:16.812+0000] {logging_mixin.py:188} INFO - [2026-09-17T13:07:16.812+0000] {dag.py:3096} INFO - Sync 1 DAGs
[2026-09-17T13:07:16.838+0000] {logging_mixin.py:188} INFO - [2026-09-17T13:07:16.838+0000] {dag.py:3954} INFO - Setting next_dagrun for youtube_dwh_update to 2026-09-17 00:00:00+00:00, run_after=2026-09-18 00:00:00+00:00
[2026-09-17T13:07:16.874+0000] {processor.py:183} INFO - Processing /opt/airflow/dags/youtube_dwh_update.py took 0.120 seconds
[2026-09-17T13:07:47.083+0000] {processor.py:161} INFO - Started process (PID=4718) to work on /opt/airflow/dags/youtube_dwh_update.py
[2026-09-17T13:07:47.086+0000] {processor.py:830} INFO - Processing file /opt/airflow/dags/youtube_dwh_update.py for tasks to queue
[2026-09-17T13:07:47.091+0000] {logging_mixin.py:188} INFO - [2026-09-17T13:07:47.090+0000] {dagbag.py:545} INFO - Filling up the DagBag from /opt/airflow/dags/youtube_dwh_update.py
[2026-09-17T13:07:47.115+0000] {processor.py:840} INFO - DAG(s) 'youtube_dwh_update' retrieved from /opt/airflow/dags/youtube_dwh_update.py
[2026-09-17T13:07:47.150+0000] {logging_mixin.py:188} INFO - [2026-09-17T13:07:47.149+0000] {dag.py:3096} INFO - Sync 1 DAGs
[2026-09-17T13:07:47.177+0000] {logging_mixin.py:188} INFO - [2026-09-17T13:07:47.177+0000] {dag.py:3954} INFO - Setting next_dagrun for youtube_dwh_update to 2026-09-17 00:00:00+00:00, run_after=2026-09-18 00:00:00+00:00
[2026-09-17T13:07:47.205+0000] {processor.py:183} INFO - Processing /opt/airflow/dags/youtube_dwh_update.py took 0.130 seconds
[2026-09-17T13:08:17.412+0000] {processor.py:161} INFO - Started process (PID=4734) to work on /opt/airflow/dags/youtube_dwh_update.py
[2026-09-17T13:08:17.414+0000] {processor.py:830} INFO - Processing file /opt/airflow/dags/youtube_dwh_update.py for tasks to queue
[2026-09-17T13:08:17.418+0000] {logging_mixin.py:188} INFO - [2026-09-17T13:08:17.417+0000] {dagbag.py:545} INFO - Filling up the DagBag from /opt/airflow/dags/youtube_dwh_update.py
[2026-09-17T13:08:17.440+0000] {processor.py:840} INFO - DAG(s) 'youtube_dwh_update' retrieved from /opt/airflow/dags/youtube_dwh_update.py
[2026-09-17T13:08:17.468+0000] {logging_mixin.py:188} INFO - [2026-09-17T13:08:17.468+0000] {dag.py:3096} INFO - Sync 1 DAGs
[2026-09-17T13:08:17.498+0000] {logging_mixin.py:188} INFO - [2026-09-17T13:08:17.497+0000] {dag.py:3954} INFO - Setting next_dagrun for youtube_dwh_update to 2026-09-17 00:00:00+00:00, run_after=2026-09-18 00:00:00+00:00
[2026-09-17T13:08:17.531+0000] {processor.py:183} INFO - Processing /opt/airflow/dags/youtube_dwh_update.py took 0.126 seconds
[2026-09-17T13:08:47.747+0000] {processor.py:161} INFO - Started process (PID=4750) to work on /opt/airflow/dags/youtube_dwh_update.py
[2026-09-17T13:08:47.749+0000] {processor.py:830} INFO - Processing file /opt/airflow/dags/youtube_dwh_update.py for tasks to queue
[2026-09-17T13:08:47.753+0000] {logging_mixin.py:188} INFO - [2026-09-17T13:08:47.752+0000] {dagbag.py:545} INFO - Filling up the DagBag from /opt/airflow/dags/youtube_dwh_update.py
[2026-09-17T13:08:47.773+0000] {processor.py:840} INFO - DAG(s) 'youtube_dwh_update' retrieved from /opt/airflow/dags/youtube_dwh_update.py
[2026-09-17T13:08:47.803+0000] {logging_mixin.py:188} INFO - [2026-09-17T13:08:47.802+0000] {dag.py:3096} INFO - Sync 1 DAGs
[2026-09-17T13:08:47.832+0000] {logging_mixin.py:188} INFO - [2026-09-17T13:08:47.831+0000] {dag.py:3954} INFO - Setting next_dagrun for youtube_dwh_update to 2026-09-17 00:00:00+00:00, run_after=2026-09-18 00:00:00+00:00
[2026-09-17T13:08:47.867+0000] {processor.py:183} INFO - Processing /opt/airflow/dags/youtube_dwh_update.py took 0.128 seconds
[2026-09-17T13:09:18.104+0000] {processor.py:161} INFO - Started process (PID=4766) to work on /opt/airflow/dags/youtube_dwh_update.py
[2026-09-17T13:09:18.107+0000] {processor.py:830} INFO - Processing file /opt/airflow/dags/youtube_dwh_update.py for tasks to queue
[2026-09-17T13:09:18.111+0000] {logging_mixin.py:188} INFO - [2026-09-17T13:09:18.110+0000] {dagbag.py:545} INFO - Filling up the DagBag from /opt/airflow/dags/youtube_dwh_update.py
[2026-09-17T13:09:18.132+0000] {processor.py:840} INFO - DAG(s) 'youtube_dwh_update' retrieved from /opt/airflow/dags/youtube_dwh_update.py
[2026-09-17T13:09:18.161+0000] {logging_mixin.py:188} INFO - [2026-09-17T13:09:18.161+0000] {dag.py:3096} INFO - Sync 1 DAGs
[2026-09-17T13:09:18.211+0000] {logging_mixin.py:188} INFO - [2026-09-17T13:09:18.211+0000] {dag.py:3954} INFO - Setting next_dagrun for youtube_dwh_update to 2026-09-17 00:00:00+00:00, run_after=2026-09-18 00:00:00+00:00
[2026-09-17T13:09:18.258+0000] {processor.py:183} INFO - Processing /opt/airflow/dags/youtube_dwh_update.py took 0.163 seconds
[2026-09-17T13:09:48.494+0000] {processor.py:161} INFO - Started process (PID=4782) to work on /opt/airflow/dags/youtube_dwh_update.py
[2026-09-17T13:09:48.496+0000] {processor.py:830} INFO - Processing file /opt/airflow/dags/youtube_dwh_update.py for tasks to queue
[2026-09-17T13:09:48.499+0000] {logging_mixin.py:188} INFO - [2026-09-17T13:09:48.499+0000] {dagbag.py:545} INFO - Filling up the DagBag from /opt/airflow/dags/youtube_dwh_update.py
[2026-09-17T13:09:48.521+0000] {processor.py:840} INFO - DAG(s) 'youtube_dwh_update' retrieved from /opt/airflow/dags/youtube_dwh_update.py
[2026-09-17T13:09:48.556+0000] {logging_mixin.py:188} INFO - [2026-09-17T13:09:48.556+0000] {dag.py:3096} INFO - Sync 1 DAGs
[2026-09-17T13:09:48.592+0000] {logging_mixin.py:188} INFO - [2026-09-17T13:09:48.591+0000] {dag.py:3954} INFO - Setting next_dagrun for youtube_dwh_update to 2026-09-17 00:00:00+00:00, run_after=2026-09-18 00:00:00+00:00
[2026-09-17T13:09:48.628+0000] {processor.py:183} INFO - Processing /opt/airflow/dags/youtube_dwh_update.py took 0.143 seconds
[2026-09-17T13:10:18.701+0000] {processor.py:161} INFO - Started process (PID=4798) to work on /opt/airflow/dags/youtube_dwh_update.py
[2026-09-17T13:10:18.703+0000] {processor.py:830} INFO - Processing file /opt/airflow/dags/youtube_dwh_update.py for tasks to queue
[2026-09-17T13:10:18.707+0000] {logging_mixin.py:188} INFO - [2026-09-17T13:10:18.707+0000] {dagbag.py:545} INFO - Filling up the DagBag from /opt/airflow/dags/youtube_dwh_update.py
[2026-09-17T13:10:18.728+0000] {processor.py:840} INFO - DAG(s) 'youtube_dwh_update' retrieved from /opt/airflow/dags/youtube_dwh_update.py
[2026-09-17T13:10:18.754+0000] {logging_mixin.py:188} INFO - [2026-09-17T13:10:18.754+0000] {dag.py:3096} INFO - Sync 1 DAGs
[2026-09-17T13:10:18.780+0000] {logging_mixin.py:188} INFO - [2026-09-17T13:10:18.780+0000] {dag.py:3954} INFO - Setting next_dagrun for youtube_dwh_update to 2026-09-17 00:00:00+00:00, run_after=2026-09-18 00:00:00+00:00
[2026-09-17T13:10:18.811+0000] {processor.py:183} INFO - Processing /opt/airflow/dags/youtube_dwh_update.py took 0.120 seconds
[2026-09-17T13:10:49.096+0000] {processor.py:161} INFO - Started process (PID=4814) to work on /opt/airflow/dags/youtube_dwh_update.py
[2026-09-17T13:10:49.107+0000] {processor.py:830} INFO - Processing file /opt/airflow/dags/youtube_dwh_update.py for tasks to queue
[2026-09-17T13:10:49.112+0000] {logging_mixin.py:188} INFO - [2026-09-17T13:10:49.112+0000] {dagbag.py:545} INFO - Filling up the DagBag from /opt/airflow/dags/youtube_dwh_update.py
[2026-09-17T13:10:49.144+0000] {processor.py:840} INFO - DAG(s) 'youtube_dwh_update' retrieved from /opt/airflow/dags/youtube_dwh_update.py
[2026-09-17T13:10:49.177+0000] {logging_mixin.py:188} INFO - [2026-09-17T13:10:49.177+0000] {dag.py:3096} INFO - Sync 1 DAGs
[2026-09-17T13:10:49.218+0000] {logging_mixin.py:188} INFO - [2026-09-17T13:10:49.217+0000] {dag.py:3954} INFO - Setting next_dagrun for youtube_dwh_update to 2026-09-17 00:00:00+00:00, run_after=2026-09-18 00:00:00+00:00
[2026-09-17T13:10:49.253+0000] {processor.py:183} INFO - Processing /opt/airflow/dags/youtube_dwh_update.py took 0.172 seconds
[2026-09-17T13:11:19.467+0000] {processor.py:161} INFO - Started process (PID=4830) to work on /opt/airflow/dags/youtube_dwh_update.py
[2026-09-17T13:11:19.469+0000] {processor.py:830} INFO - Processing file /opt/airflow/dags/youtube_dwh_update.py for tasks to queue
[2026-09-17T13:11:19.472+0000] {logging_mixin.py:188} INFO - [2026-09-17T13:11:19.472+0000] {dagbag.py:545} INFO - Filling up the DagBag from /opt/airflow/dags/youtube_dwh_update.py
[2026-09-17T13:11:19.493+0000] {processor.py:840} INFO - DAG(s) 'youtube_dwh_update' retrieved from /opt/airflow/dags/youtube_dwh_update.py
[2026-09-17T13:11:19.524+0000] {logging_mixin.py:188} INFO - [2026-09-17T13:11:19.524+0000] {dag.py:3096} INFO - Sync 1 DAGs
[2026-09-17T13:11:19.561+0000] {logging_mixin.py:188} INFO - [2026-09-17T13:11:19.560+0000] {dag.py:3954} INFO - Setting next_dagrun for youtube_dwh_update to 2026-09-17 00:00:00+00:00, run_after=2026-09-18 00:00:00+00:00
[2026-09-17T13:11:19.598+0000] {processor.py:183} INFO - Processing /opt/airflow/dags/youtube_dwh_update.py took 0.138 seconds
[2026-09-17T13:11:49.824+0000] {processor.py:161} INFO - Started process (PID=4846) to work on /opt/airflow/dags/youtube_dwh_update.py
[2026-09-17T13:11:49.827+0000] {processor.py:830} INFO - Processing file /opt/airflow/dags/youtube_dwh_update.py for tasks to queue
[2026-09-17T13:11:49.830+0000] {logging_mixin.py:188} INFO - [2026-09-17T13:11:49.829+0000] {dagbag.py:545} INFO - Filling up the DagBag from /opt/airflow/dags/youtube_dwh_update.py
[2026-09-17T13:11:49.849+0000] {processor.py:840} INFO - DAG(s) 'youtube_dwh_update' retrieved from /opt/airflow/dags/youtube_dwh_update.py
[2026-09-17T13:11:49.884+0000] {logging_mixin.py:188} INFO - [2026-09-17T13:11:49.884+0000] {dag.py:3096} INFO - Sync 1 DAGs
[2026-09-17T13:11:49.910+0000] {logging_mixin.py:188} INFO - [2026-09-17T13:11:49.910+0000] {dag.py:3954} INFO - Setting next_dagrun for youtube_dwh_update to 2026-09-17 00:00:00+00:00, run_after=2026-09-18 00:00:00+00:00
[2026-09-17T13:11:49.935+0000] {processor.py:183} INFO - Processing /opt/airflow/dags/youtube_dwh_update.py took 0.118 seconds
[2026-09-17T13:12:20.173+0000] {processor.py:161} INFO - Started process (PID=4865) to work on /opt/airflow/dags/youtube_dwh_update.py
[2026-09-17T13:12:20.176+0000] {processor.py:830} INFO - Processing file /opt/airflow/dags/youtube_dwh_update.py for tasks to queue
[2026-09-17T13:12:20.179+0000] {logging_mixin.py:188} INFO - [2026-09-17T13:12:20.179+0000] {dagbag.py:545} INFO - Filling up the DagBag from /opt/airflow/dags/youtube_dwh_update.py
[2026-09-17T13:12:20.205+0000] {processor.py:840} INFO - DAG(s) 'youtube_dwh_update' retrieved from /opt/airflow/dags/youtube_dwh_update.py
[2026-09-17T13:12:20.240+0000] {logging_mixin.py:188} INFO - [2026-09-17T13:12:20.239+0000] {dag.py:3096} INFO - Sync 1 DAGs
[2026-09-17T13:12:20.272+0000] {logging_mixin.py:188} INFO - [2026-09-17T13:12:20.272+0000] {dag.py:3954} INFO - Setting next_dagrun for youtube_dwh_update to 2026-09-17 00:00:00+00:00, run_after=2026-09-18 00:00:00+00:00
[2026-09-17T13:12:20.309+0000] {processor.py:183} INFO - Processing /opt/airflow/dags/youtube_dwh_update.py took 0.145 seconds
[2026-09-17T13:12:50.583+0000] {processor.py:161} INFO - Started process (PID=4881) to work on /opt/airflow/dags/youtube_dwh_update.py
[2026-09-17T13:12:50.586+0000] {processor.py:830} INFO - Processing file /opt/airflow/dags/youtube_dwh_update.py for tasks to queue
[2026-09-17T13:12:50.591+0000] {logging_mixin.py:188} INFO - [2026-09-17T13:12:50.590+0000] {dagbag.py:545} INFO - Filling up the DagBag from /opt/airflow/dags/youtube_dwh_update.py
[2026-09-17T13:12:50.620+0000] {processor.py:840} INFO - DAG(s) 'youtube_dwh_update' retrieved from /opt/airflow/dags/youtube_dwh_update.py
[2026-09-17T13:12:50.659+0000] {logging_mixin.py:188} INFO - [2026-09-17T13:12:50.659+0000] {dag.py:3096} INFO - Sync 1 DAGs
[2026-09-17T13:12:50.710+0000] {logging_mixin.py:188} INFO - [2026-09-17T13:12:50.709+0000] {dag.py:3954} INFO - Setting next_dagrun for youtube_dwh_update to 2026-09-17 00:00:00+00:00, run_after=2026-09-18 00:00:00+00:00
[2026-09-17T13:12:50.758+0000] {processor.py:183} INFO - Processing /opt/airflow/dags/youtube_dwh_update.py took 0.186 seconds
[2026-09-17T13:13:20.981+0000] {processor.py:161} INFO - Started process (PID=4897) to work on /opt/airflow/dags/youtube_dwh_update.py
[2026-09-17T13:13:20.983+0000] {processor.py:830} INFO - Processing file /opt/airflow/dags/youtube_dwh_update.py for tasks to queue
[2026-09-17T13:13:20.988+0000] {logging_mixin.py:188} INFO - [2026-09-17T13:13:20.988+0000] {dagbag.py:545} INFO - Filling up the DagBag from /opt/airflow/dags/youtube_dwh_update.py
[2026-09-17T13:13:21.012+0000] {processor.py:840} INFO - DAG(s) 'youtube_dwh_update' retrieved from /opt/airflow/dags/youtube_dwh_update.py
[2026-09-17T13:13:21.042+0000] {logging_mixin.py:188} INFO - [2026-09-17T13:13:21.042+0000] {dag.py:3096} INFO - Sync 1 DAGs
[2026-09-17T13:13:21.071+0000] {logging_mixin.py:188} INFO - [2026-09-17T13:13:21.071+0000] {dag.py:3954} INFO - Setting next_dagrun for youtube_dwh_update to 2026-09-17 00:00:00+00:00, run_after=2026-09-18 00:00:00+00:00
[2026-09-17T13:13:21.103+0000] {processor.py:183} INFO - Processing /opt/airflow/dags/youtube_dwh_update.py took 0.131 seconds
[2026-09-17T13:13:51.377+0000] {processor.py:161} INFO - Started process (PID=4916) to work on /opt/airflow/dags/youtube_dwh_update.py
[2026-09-17T13:13:51.380+0000] {processor.py:830} INFO - Processing file /opt/airflow/dags/youtube_dwh_update.py for tasks to queue
[2026-09-17T13:13:51.384+0000] {logging_mixin.py:188} INFO - [2026-09-17T13:13:51.383+0000] {dagbag.py:545} INFO - Filling up the DagBag from /opt/airflow/dags/youtube_dwh_update.py
[2026-09-17T13:13:51.413+0000] {processor.py:840} INFO - DAG(s) 'youtube_dwh_update' retrieved from /opt/airflow/dags/youtube_dwh_update.py
[2026-09-17T13:13:51.463+0000] {logging_mixin.py:188} INFO - [2026-09-17T13:13:51.463+0000] {dag.py:3096} INFO - Sync 1 DAGs
[2026-09-17T13:13:51.509+0000] {logging_mixin.py:188} INFO - [2026-09-17T13:13:51.509+0000] {dag.py:3954} INFO - Setting next_dagrun for youtube_dwh_update to 2026-09-17 00:00:00+00:00, run_after=2026-09-18 00:00:00+00:00
[2026-09-17T13:13:51.562+0000] {processor.py:183} INFO - Processing /opt/airflow/dags/youtube_dwh_update.py took 0.201 seconds
[2026-09-17T13:14:21.784+0000] {processor.py:161} INFO - Started process (PID=4932) to work on /opt/airflow/dags/youtube_dwh_update.py
[2026-09-17T13:14:21.786+0000] {processor.py:830} INFO - Processing file /opt/airflow/dags/youtube_dwh_update.py for tasks to queue
[2026-09-17T13:14:21.791+0000] {logging_mixin.py:188} INFO - [2026-09-17T13:14:21.791+0000] {dagbag.py:545} INFO - Filling up the DagBag from /opt/airflow/dags/youtube_dwh_update.py
[2026-09-17T13:14:21.816+0000] {processor.py:840} INFO - DAG(s) 'youtube_dwh_update' retrieved from /opt/airflow/dags/youtube_dwh_update.py
[2026-09-17T13:14:21.851+0000] {logging_mixin.py:188} INFO - [2026-09-17T13:14:21.851+0000] {dag.py:3096} INFO - Sync 1 DAGs
[2026-09-17T13:14:21.886+0000] {logging_mixin.py:188} INFO - [2026-09-17T13:14:21.885+0000] {dag.py:3954} INFO - Setting next_dagrun for youtube_dwh_update to 2026-09-17 00:00:00+00:00, run_after=2026-09-18 00:00:00+00:00
[2026-09-17T13:14:21.918+0000] {processor.py:183} INFO - Processing /opt/airflow/dags/youtube_dwh_update.py took 0.144 seconds
[2026-09-17T13:14:52.148+0000] {processor.py:161} INFO - Started process (PID=4951) to work on /opt/airflow/dags/youtube_dwh_update.py
[2026-09-17T13:14:52.151+0000] {processor.py:830} INFO - Processing file /opt/airflow/dags/youtube_dwh_update.py for tasks to queue
[2026-09-17T13:14:52.155+0000] {logging_mixin.py:188} INFO - [2026-09-17T13:14:52.155+0000] {dagbag.py:545} INFO - Filling up the DagBag from /opt/airflow/dags/youtube_dwh_update.py
[2026-09-17T13:14:52.181+0000] {processor.py:840} INFO - DAG(s) 'youtube_dwh_update' retrieved from /opt/airflow/dags/youtube_dwh_update.py
[2026-09-17T13:14:52.209+0000] {logging_mixin.py:188} INFO - [2026-09-17T13:14:52.208+0000] {dag.py:3096} INFO - Sync 1 DAGs
[2026-09-17T13:14:52.236+0000] {logging_mixin.py:188} INFO - [2026-09-17T13:14:52.236+0000] {dag.py:3954} INFO - Setting next_dagrun for youtube_dwh_update to 2026-09-17 00:00:00+00:00, run_after=2026-09-18 00:00:00+00:00
[2026-09-17T13:14:52.270+0000] {processor.py:183} INFO - Processing /opt/airflow/dags/youtube_dwh_update.py took 0.132 seconds
[2026-09-17T13:15:22.479+0000] {processor.py:161} INFO - Started process (PID=4967) to work on /opt/airflow/dags/youtube_dwh_update.py
[2026-09-17T13:15:22.481+0000] {processor.py:830} INFO - Processing file /opt/airflow/dags/youtube_dwh_update.py for tasks to queue
[2026-09-17T13:15:22.485+0000] {logging_mixin.py:188} INFO - [2026-09-17T13:15:22.485+0000] {dagbag.py:545} INFO - Filling up the DagBag from /opt/airflow/dags/youtube_dwh_update.py
[2026-09-17T13:15:22.504+0000] {processor.py:840} INFO - DAG(s) 'youtube_dwh_update' retrieved from /opt/airflow/dags/youtube_dwh_update.py
[2026-09-17T13:15:22.536+0000] {logging_mixin.py:188} INFO - [2026-09-17T13:15:22.535+0000] {dag.py:3096} INFO - Sync 1 DAGs
[2026-09-17T13:15:22.564+0000] {logging_mixin.py:188} INFO - [2026-09-17T13:15:22.564+0000] {dag.py:3954} INFO - Setting next_dagrun for youtube_dwh_update to 2026-09-17 00:00:00+00:00, run_after=2026-09-18 00:00:00+00:00
[2026-09-17T13:15:22.593+0000] {processor.py:183} INFO - Processing /opt/airflow/dags/youtube_dwh_update.py took 0.121 seconds
[2026-09-17T13:15:52.847+0000] {processor.py:161} INFO - Started process (PID=4983) to work on /opt/airflow/dags/youtube_dwh_update.py
[2026-09-17T13:15:52.849+0000] {processor.py:830} INFO - Processing file /opt/airflow/dags/youtube_dwh_update.py for tasks to queue
[2026-09-17T13:15:52.853+0000] {logging_mixin.py:188} INFO - [2026-09-17T13:15:52.852+0000] {dagbag.py:545} INFO - Filling up the DagBag from /opt/airflow/dags/youtube_dwh_update.py
[2026-09-17T13:15:52.879+0000] {processor.py:840} INFO - DAG(s) 'youtube_dwh_update' retrieved from /opt/airflow/dags/youtube_dwh_update.py
[2026-09-17T13:15:52.914+0000] {logging_mixin.py:188} INFO - [2026-09-17T13:15:52.914+0000] {dag.py:3096} INFO - Sync 1 DAGs
[2026-09-17T13:15:52.957+0000] {logging_mixin.py:188} INFO - [2026-09-17T13:15:52.957+0000] {dag.py:3954} INFO - Setting next_dagrun for youtube_dwh_update to 2026-09-17 00:00:00+00:00, run_after=2026-09-18 00:00:00+00:00
[2026-09-17T13:15:53.004+0000] {processor.py:183} INFO - Processing /opt/airflow/dags/youtube_dwh_update.py took 0.169 seconds
[2026-09-17T13:16:23.265+0000] {processor.py:161} INFO - Started process (PID=4999) to work on /opt/airflow/dags/youtube_dwh_update.py
[2026-09-17T13:16:23.268+0000] {processor.py:830} INFO - Processing file /opt/airflow/dags/youtube_dwh_update.py for tasks to queue
[2026-09-17T13:16:23.273+0000] {logging_mixin.py:188} INFO - [2026-09-17T13:16:23.273+0000] {dagbag.py:545} INFO - Filling up the DagBag from /opt/airflow/dags/youtube_dwh_update.py
[2026-09-17T13:16:23.302+0000] {processor.py:840} INFO - DAG(s) 'youtube_dwh_update' retrieved from /opt/airflow/dags/youtube_dwh_update.py
[2026-09-17T13:16:23.338+0000] {logging_mixin.py:188} INFO - [2026-09-17T13:16:23.338+0000] {dag.py:3096} INFO - Sync 1 DAGs
[2026-09-17T13:16:23.371+0000] {logging_mixin.py:188} INFO - [2026-09-17T13:16:23.371+0000] {dag.py:3954} INFO - Setting next_dagrun for youtube_dwh_update to 2026-09-17 00:00:00+00:00, run_after=2026-09-18 00:00:00+00:00
[2026-09-17T13:16:23.408+0000] {processor.py:183} INFO - Processing /opt/airflow/dags/youtube_dwh_update.py took 0.154 seconds
[2026-09-17T13:16:53.640+0000] {processor.py:161} INFO - Started process (PID=5015) to work on /opt/airflow/dags/youtube_dwh_update.py
[2026-09-17T13:16:53.643+0000] {processor.py:830} INFO - Processing file /opt/airflow/dags/youtube_dwh_update.py for tasks to queue
[2026-09-17T13:16:53.646+0000] {logging_mixin.py:188} INFO - [2026-09-17T13:16:53.645+0000] {dagbag.py:545} INFO - Filling up the DagBag from /opt/airflow/dags/youtube_dwh_update.py
[2026-09-17T13:16:53.692+0000] {processor.py:840} INFO - DAG(s) 'youtube_dwh_update' retrieved from /opt/airflow/dags/youtube_dwh_update.py
[2026-09-17T13:16:53.731+0000] {logging_mixin.py:188} INFO - [2026-09-17T13:16:53.730+0000] {dag.py:3096} INFO - Sync 1 DAGs
[2026-09-17T13:16:53.771+0000] {logging_mixin.py:188} INFO - [2026-09-17T13:16:53.770+0000] {dag.py:3954} INFO - Setting next_dagrun for youtube_dwh_update to 2026-09-17 00:00:00+00:00, run_after=2026-09-18 00:00:00+00:00
[2026-09-17T13:16:53.798+0000] {processor.py:183} INFO - Processing /opt/airflow/dags/youtube_dwh_update.py took 0.170 seconds
[2026-09-17T13:17:24.025+0000] {processor.py:161} INFO - Started process (PID=5037) to work on /opt/airflow/dags/youtube_dwh_update.py
[2026-09-17T13:17:24.028+0000] {processor.py:830} INFO - Processing file /opt/airflow/dags/youtube_dwh_update.py for tasks to queue
[2026-09-17T13:17:24.032+0000] {logging_mixin.py:188} INFO - [2026-09-17T13:17:24.032+0000] {dagbag.py:545} INFO - Filling up the DagBag from /opt/airflow/dags/youtube_dwh_update.py
[2026-09-17T13:17:24.053+0000] {processor.py:840} INFO - DAG(s) 'youtube_dwh_update' retrieved from /opt/airflow/dags/youtube_dwh_update.py
[2026-09-17T13:17:24.085+0000] {logging_mixin.py:188} INFO - [2026-09-17T13:17:24.084+0000] {dag.py:3096} INFO - Sync 1 DAGs
[2026-09-17T13:17:24.117+0000] {logging_mixin.py:188} INFO - [2026-09-17T13:17:24.117+0000] {dag.py:3954} INFO - Setting next_dagrun for youtube_dwh_update to 2026-09-17 00:00:00+00:00, run_after=2026-09-18 00:00:00+00:00
[2026-09-17T13:17:24.152+0000] {processor.py:183} INFO - Processing /opt/airflow/dags/youtube_dwh_update.py took 0.136 seconds
[2026-09-17T13:17:54.356+0000] {processor.py:161} INFO - Started process (PID=5061) to work on /opt/airflow/dags/youtube_dwh_update.py
[2026-09-17T13:17:54.358+0000] {processor.py:830} INFO - Processing file /opt/airflow/dags/youtube_dwh_update.py for tasks to queue
[2026-09-17T13:17:54.361+0000] {logging_mixin.py:188} INFO - [2026-09-17T13:17:54.361+0000] {dagbag.py:545} INFO - Filling up the DagBag from /opt/airflow/dags/youtube_dwh_update.py
[2026-09-17T13:17:54.381+0000] {processor.py:840} INFO - DAG(s) 'youtube_dwh_update' retrieved from /opt/airflow/dags/youtube_dwh_update.py
[2026-09-17T13:17:54.407+0000] {logging_mixin.py:188} INFO - [2026-09-17T13:17:54.407+0000] {dag.py:3096} INFO - Sync 1 DAGs
[2026-09-17T13:17:54.435+0000] {logging_mixin.py:188} INFO - [2026-09-17T13:17:54.434+0000] {dag.py:3954} INFO - Setting next_dagrun for youtube_dwh_update to 2026-09-17 00:00:00+00:00, run_after=2026-09-18 00:00:00+00:00
[2026-09-17T13:17:54.468+0000] {processor.py:183} INFO - Processing /opt/airflow/dags/youtube_dwh_update.py took 0.119 seconds
[2026-09-17T13:18:24.682+0000] {processor.py:161} INFO - Started process (PID=5077) to work on /opt/airflow/dags/youtube_dwh_update.py
[2026-09-17T13:18:24.685+0000] {processor.py:830} INFO - Processing file /opt/airflow/dags/youtube_dwh_update.py for tasks to queue
[2026-09-17T13:18:24.689+0000] {logging_mixin.py:188} INFO - [2026-09-17T13:18:24.689+0000] {dagbag.py:545} INFO - Filling up the DagBag from /opt/airflow/dags/youtube_dwh_update.py
[2026-09-17T13:18:24.710+0000] {processor.py:840} INFO - DAG(s) 'youtube_dwh_update' retrieved from /opt/airflow/dags/youtube_dwh_update.py
[2026-09-17T13:18:24.735+0000] {logging_mixin.py:188} INFO - [2026-09-17T13:18:24.735+0000] {dag.py:3096} INFO - Sync 1 DAGs
[2026-09-17T13:18:24.762+0000] {logging_mixin.py:188} INFO - [2026-09-17T13:18:24.762+0000] {dag.py:3954} INFO - Setting next_dagrun for youtube_dwh_update to 2026-09-17 00:00:00+00:00, run_after=2026-09-18 00:00:00+00:00
[2026-09-17T13:18:24.794+0000] {processor.py:183} INFO - Processing /opt/airflow/dags/youtube_dwh_update.py took 0.121 seconds
[2026-09-17T13:18:54.990+0000] {processor.py:161} INFO - Started process (PID=5093) to work on /opt/airflow/dags/youtube_dwh_update.py
[2026-09-17T13:18:54.992+0000] {processor.py:830} INFO - Processing file /opt/airflow/dags/youtube_dwh_update.py for tasks to queue
[2026-09-17T13:18:54.996+0000] {logging_mixin.py:188} INFO - [2026-09-17T13:18:54.995+0000] {dagbag.py:545} INFO - Filling up the DagBag from /opt/airflow/dags/youtube_dwh_update.py
[2026-09-17T13:18:55.017+0000] {processor.py:840} INFO - DAG(s) 'youtube_dwh_update' retrieved from /opt/airflow/dags/youtube_dwh_update.py
[2026-09-17T13:18:55.047+0000] {logging_mixin.py:188} INFO - [2026-09-17T13:18:55.047+0000] {dag.py:3096} INFO - Sync 1 DAGs
[2026-09-17T13:18:55.074+0000] {logging_mixin.py:188} INFO - [2026-09-17T13:18:55.074+0000] {dag.py:3954} INFO - Setting next_dagrun for youtube_dwh_update to 2026-09-17 00:00:00+00:00, run_after=2026-09-18 00:00:00+00:00
[2026-09-17T13:18:55.103+0000] {processor.py:183} INFO - Processing /opt/airflow/dags/youtube_dwh_update.py took 0.121 seconds
[2026-09-17T13:19:25.305+0000] {processor.py:161} INFO - Started process (PID=5109) to work on /opt/airflow/dags/youtube_dwh_update.py
[2026-09-17T13:19:25.307+0000] {processor.py:830} INFO - Processing file /opt/airflow/dags/youtube_dwh_update.py for tasks to queue
[2026-09-17T13:19:25.311+0000] {logging_mixin.py:188} INFO - [2026-09-17T13:19:25.310+0000] {dagbag.py:545} INFO - Filling up the DagBag from /opt/airflow/dags/youtube_dwh_update.py
[2026-09-17T13:19:25.335+0000] {processor.py:840} INFO - DAG(s) 'youtube_dwh_update' retrieved from /opt/airflow/dags/youtube_dwh_update.py
[2026-09-17T13:19:25.369+0000] {logging_mixin.py:188} INFO - [2026-09-17T13:19:25.369+0000] {dag.py:3096} INFO - Sync 1 DAGs
[2026-09-17T13:19:25.408+0000] {logging_mixin.py:188} INFO - [2026-09-17T13:19:25.407+0000] {dag.py:3954} INFO - Setting next_dagrun for youtube_dwh_update to 2026-09-17 00:00:00+00:00, run_after=2026-09-18 00:00:00+00:00
[2026-09-17T13:19:25.435+0000] {processor.py:183} INFO - Processing /opt/airflow/dags/youtube_dwh_update.py took 0.139 seconds
[2026-09-17T13:19:55.656+0000] {processor.py:161} INFO - Started process (PID=5125) to work on /opt/airflow/dags/youtube_dwh_update.py
[2026-09-17T13:19:55.659+0000] {processor.py:830} INFO - Processing file /opt/airflow/dags/youtube_dwh_update.py for tasks to queue
[2026-09-17T13:19:55.662+0000] {logging_mixin.py:188} INFO - [2026-09-17T13:19:55.662+0000] {dagbag.py:545} INFO - Filling up the DagBag from /opt/airflow/dags/youtube_dwh_update.py
[2026-09-17T13:19:55.682+0000] {processor.py:840} INFO - DAG(s) 'youtube_dwh_update' retrieved from /opt/airflow/dags/youtube_dwh_update.py
[2026-09-17T13:19:55.708+0000] {logging_mixin.py:188} INFO - [2026-09-17T13:19:55.708+0000] {dag.py:3096} INFO - Sync 1 DAGs
[2026-09-17T13:19:55.735+0000] {logging_mixin.py:188} INFO - [2026-09-17T13:19:55.735+0000] {dag.py:3954} INFO - Setting next_dagrun for youtube_dwh_update to 2026-09-17 00:00:00+00:00, run_after=2026-09-18 00:00:00+00:00
[2026-09-17T13:19:55.769+0000] {processor.py:183} INFO - Processing /opt/airflow/dags/youtube_dwh_update.py took 0.119 seconds
[2026-09-17T13:20:25.975+0000] {processor.py:161} INFO - Started process (PID=5141) to work on /opt/airflow/dags/youtube_dwh_update.py
[2026-09-17T13:20:25.978+0000] {processor.py:830} INFO - Processing file /opt/airflow/dags/youtube_dwh_update.py for tasks to queue
[2026-09-17T13:20:25.982+0000] {logging_mixin.py:188} INFO - [2026-09-17T13:20:25.982+0000] {dagbag.py:545} INFO - Filling up the DagBag from /opt/airflow/dags/youtube_dwh_update.py
[2026-09-17T13:20:26.002+0000] {processor.py:840} INFO - DAG(s) 'youtube_dwh_update' retrieved from /opt/airflow/dags/youtube_dwh_update.py
[2026-09-17T13:20:26.030+0000] {logging_mixin.py:188} INFO - [2026-09-17T13:20:26.029+0000] {dag.py:3096} INFO - Sync 1 DAGs
[2026-09-17T13:20:26.061+0000] {logging_mixin.py:188} INFO - [2026-09-17T13:20:26.060+0000] {dag.py:3954} INFO - Setting next_dagrun for youtube_dwh_update to 2026-09-17 00:00:00+00:00, run_after=2026-09-18 00:00:00+00:00
[2026-09-17T13:20:26.094+0000] {processor.py:183} INFO - Processing /opt/airflow/dags/youtube_dwh_update.py took 0.126 seconds
[2026-09-17T13:20:56.313+0000] {processor.py:161} INFO - Started process (PID=5157) to work on /opt/airflow/dags/youtube_dwh_update.py
[2026-09-17T13:20:56.315+0000] {processor.py:830} INFO - Processing file /opt/airflow/dags/youtube_dwh_update.py for tasks to queue
[2026-09-17T13:20:56.320+0000] {logging_mixin.py:188} INFO - [2026-09-17T13:20:56.319+0000] {dagbag.py:545} INFO - Filling up the DagBag from /opt/airflow/dags/youtube_dwh_update.py
[2026-09-17T13:20:56.339+0000] {processor.py:840} INFO - DAG(s) 'youtube_dwh_update' retrieved from /opt/airflow/dags/youtube_dwh_update.py
[2026-09-17T13:20:56.364+0000] {logging_mixin.py:188} INFO - [2026-09-17T13:20:56.364+0000] {dag.py:3096} INFO - Sync 1 DAGs
[2026-09-17T13:20:56.389+0000] {logging_mixin.py:188} INFO - [2026-09-17T13:20:56.389+0000] {dag.py:3954} INFO - Setting next_dagrun for youtube_dwh_update to 2026-09-17 00:00:00+00:00, run_after=2026-09-18 00:00:00+00:00
[2026-09-17T13:20:56.422+0000] {processor.py:183} INFO - Processing /opt/airflow/dags/youtube_dwh_update.py took 0.117 seconds
[2026-09-17T13:21:26.683+0000] {processor.py:161} INFO - Started process (PID=5173) to work on /opt/airflow/dags/youtube_dwh_update.py
[2026-09-17T13:21:26.686+0000] {processor.py:830} INFO - Processing file /opt/airflow/dags/youtube_dwh_update.py for tasks to queue
[2026-09-17T13:21:26.690+0000] {logging_mixin.py:188} INFO - [2026-09-17T13:21:26.689+0000] {dagbag.py:545} INFO - Filling up the DagBag from /opt/airflow/dags/youtube_dwh_update.py
[2026-09-17T13:21:26.718+0000] {processor.py:840} INFO - DAG(s) 'youtube_dwh_update' retrieved from /opt/airflow/dags/youtube_dwh_update.py
[2026-09-17T13:21:26.758+0000] {logging_mixin.py:188} INFO - [2026-09-17T13:21:26.758+0000] {dag.py:3096} INFO - Sync 1 DAGs
[2026-09-17T13:21:26.801+0000] {logging_mixin.py:188} INFO - [2026-09-17T13:21:26.800+0000] {dag.py:3954} INFO - Setting next_dagrun for youtube_dwh_update to 2026-09-17 00:00:00+00:00, run_after=2026-09-18 00:00:00+00:00
[2026-09-17T13:21:26.832+0000] {processor.py:183} INFO - Processing /opt/airflow/dags/youtube_dwh_update.py took 0.162 seconds
[2026-09-17T13:21:57.037+0000] {processor.py:161} INFO - Started process (PID=5189) to work on /opt/airflow/dags/youtube_dwh_update.py
[2026-09-17T13:21:57.039+0000] {processor.py:830} INFO - Processing file /opt/airflow/dags/youtube_dwh_update.py for tasks to queue
[2026-09-17T13:21:57.043+0000] {logging_mixin.py:188} INFO - [2026-09-17T13:21:57.042+0000] {dagbag.py:545} INFO - Filling up the DagBag from /opt/airflow/dags/youtube_dwh_update.py
[2026-09-17T13:21:57.063+0000] {processor.py:840} INFO - DAG(s) 'youtube_dwh_update' retrieved from /opt/airflow/dags/youtube_dwh_update.py
[2026-09-17T13:21:57.089+0000] {logging_mixin.py:188} INFO - [2026-09-17T13:21:57.089+0000] {dag.py:3096} INFO - Sync 1 DAGs
[2026-09-17T13:21:57.117+0000] {logging_mixin.py:188} INFO - [2026-09-17T13:21:57.117+0000] {dag.py:3954} INFO - Setting next_dagrun for youtube_dwh_update to 2026-09-17 00:00:00+00:00, run_after=2026-09-18 00:00:00+00:00
[2026-09-17T13:21:57.151+0000] {processor.py:183} INFO - Processing /opt/airflow/dags/youtube_dwh_update.py took 0.121 seconds
[2026-09-17T13:22:27.351+0000] {processor.py:161} INFO - Started process (PID=5205) to work on /opt/airflow/dags/youtube_dwh_update.py
[2026-09-17T13:22:27.354+0000] {processor.py:830} INFO - Processing file /opt/airflow/dags/youtube_dwh_update.py for tasks to queue
[2026-09-17T13:22:27.358+0000] {logging_mixin.py:188} INFO - [2026-09-17T13:22:27.357+0000] {dagbag.py:545} INFO - Filling up the DagBag from /opt/airflow/dags/youtube_dwh_update.py
[2026-09-17T13:22:27.379+0000] {processor.py:840} INFO - DAG(s) 'youtube_dwh_update' retrieved from /opt/airflow/dags/youtube_dwh_update.py
[2026-09-17T13:22:27.406+0000] {logging_mixin.py:188} INFO - [2026-09-17T13:22:27.406+0000] {dag.py:3096} INFO - Sync 1 DAGs
[2026-09-17T13:22:27.432+0000] {logging_mixin.py:188} INFO - [2026-09-17T13:22:27.432+0000] {dag.py:3954} INFO - Setting next_dagrun for youtube_dwh_update to 2026-09-17 00:00:00+00:00, run_after=2026-09-18 00:00:00+00:00
[2026-09-17T13:22:27.468+0000] {processor.py:183} INFO - Processing /opt/airflow/dags/youtube_dwh_update.py took 0.126 seconds
[2026-09-17T13:22:57.683+0000] {processor.py:161} INFO - Started process (PID=5221) to work on /opt/airflow/dags/youtube_dwh_update.py
[2026-09-17T13:22:57.685+0000] {processor.py:830} INFO - Processing file /opt/airflow/dags/youtube_dwh_update.py for tasks to queue
[2026-09-17T13:22:57.689+0000] {logging_mixin.py:188} INFO - [2026-09-17T13:22:57.689+0000] {dagbag.py:545} INFO - Filling up the DagBag from /opt/airflow/dags/youtube_dwh_update.py
[2026-09-17T13:22:57.708+0000] {processor.py:840} INFO - DAG(s) 'youtube_dwh_update' retrieved from /opt/airflow/dags/youtube_dwh_update.py
[2026-09-17T13:22:57.734+0000] {logging_mixin.py:188} INFO - [2026-09-17T13:22:57.734+0000] {dag.py:3096} INFO - Sync 1 DAGs
[2026-09-17T13:22:57.761+0000] {logging_mixin.py:188} INFO - [2026-09-17T13:22:57.760+0000] {dag.py:3954} INFO - Setting next_dagrun for youtube_dwh_update to 2026-09-17 00:00:00+00:00, run_after=2026-09-18 00:00:00+00:00
[2026-09-17T13:22:57.797+0000] {processor.py:183} INFO - Processing /opt/airflow/dags/youtube_dwh_update.py took 0.122 seconds
[2026-09-17T13:23:28.014+0000] {processor.py:161} INFO - Started process (PID=5237) to work on /opt/airflow/dags/youtube_dwh_update.py
[2026-09-17T13:23:28.017+0000] {processor.py:830} INFO - Processing file /opt/airflow/dags/youtube_dwh_update.py for tasks to queue
[2026-09-17T13:23:28.021+0000] {logging_mixin.py:188} INFO - [2026-09-17T13:23:28.020+0000] {dagbag.py:545} INFO - Filling up the DagBag from /opt/airflow/dags/youtube_dwh_update.py
[2026-09-17T13:23:28.042+0000] {processor.py:840} INFO - DAG(s) 'youtube_dwh_update' retrieved from /opt/airflow/dags/youtube_dwh_update.py
[2026-09-17T13:23:28.067+0000] {logging_mixin.py:188} INFO - [2026-09-17T13:23:28.067+0000] {dag.py:3096} INFO - Sync 1 DAGs
[2026-09-17T13:23:28.094+0000] {logging_mixin.py:188} INFO - [2026-09-17T13:23:28.094+0000] {dag.py:3954} INFO - Setting next_dagrun for youtube_dwh_update to 2026-09-17 00:00:00+00:00, run_after=2026-09-18 00:00:00+00:00
[2026-09-17T13:23:28.119+0000] {processor.py:183} INFO - Processing /opt/airflow/dags/youtube_dwh_update.py took 0.114 seconds
[2026-09-17T13:23:58.339+0000] {processor.py:161} INFO - Started process (PID=5253) to work on /opt/airflow/dags/youtube_dwh_update.py
[2026-09-17T13:23:58.343+0000] {processor.py:830} INFO - Processing file /opt/airflow/dags/youtube_dwh_update.py for tasks to queue
[2026-09-17T13:23:58.347+0000] {logging_mixin.py:188} INFO - [2026-09-17T13:23:58.347+0000] {dagbag.py:545} INFO - Filling up the DagBag from /opt/airflow/dags/youtube_dwh_update.py
[2026-09-17T13:23:58.368+0000] {processor.py:840} INFO - DAG(s) 'youtube_dwh_update' retrieved from /opt/airflow/dags/youtube_dwh_update.py
[2026-09-17T13:23:58.402+0000] {logging_mixin.py:188} INFO - [2026-09-17T13:23:58.401+0000] {dag.py:3096} INFO - Sync 1 DAGs
[2026-09-17T13:23:58.433+0000] {logging_mixin.py:188} INFO - [2026-09-17T13:23:58.433+0000] {dag.py:3954} INFO - Setting next_dagrun for youtube_dwh_update to 2026-09-17 00:00:00+00:00, run_after=2026-09-18 00:00:00+00:00
[2026-09-17T13:23:58.474+0000] {processor.py:183} INFO - Processing /opt/airflow/dags/youtube_dwh_update.py took 0.142 seconds
[2026-09-17T13:24:28.714+0000] {processor.py:161} INFO - Started process (PID=5269) to work on /opt/airflow/dags/youtube_dwh_update.py
[2026-09-17T13:24:28.716+0000] {processor.py:830} INFO - Processing file /opt/airflow/dags/youtube_dwh_update.py for tasks to queue
[2026-09-17T13:24:28.720+0000] {logging_mixin.py:188} INFO - [2026-09-17T13:24:28.719+0000] {dagbag.py:545} INFO - Filling up the DagBag from /opt/airflow/dags/youtube_dwh_update.py
[2026-09-17T13:24:28.740+0000] {processor.py:840} INFO - DAG(s) 'youtube_dwh_update' retrieved from /opt/airflow/dags/youtube_dwh_update.py
[2026-09-17T13:24:28.768+0000] {logging_mixin.py:188} INFO - [2026-09-17T13:24:28.767+0000] {dag.py:3096} INFO - Sync 1 DAGs
[2026-09-17T13:24:28.795+0000] {logging_mixin.py:188} INFO - [2026-09-17T13:24:28.794+0000] {dag.py:3954} INFO - Setting next_dagrun for youtube_dwh_update to 2026-09-17 00:00:00+00:00, run_after=2026-09-18 00:00:00+00:00
[2026-09-17T13:24:28.828+0000] {processor.py:183} INFO - Processing /opt/airflow/dags/youtube_dwh_update.py took 0.129 seconds
[2026-09-17T13:24:59.033+0000] {processor.py:161} INFO - Started process (PID=5285) to work on /opt/airflow/dags/youtube_dwh_update.py
[2026-09-17T13:24:59.036+0000] {processor.py:830} INFO - Processing file /opt/airflow/dags/youtube_dwh_update.py for tasks to queue
[2026-09-17T13:24:59.040+0000] {logging_mixin.py:188} INFO - [2026-09-17T13:24:59.039+0000] {dagbag.py:545} INFO - Filling up the DagBag from /opt/airflow/dags/youtube_dwh_update.py
[2026-09-17T13:24:59.062+0000] {processor.py:840} INFO - DAG(s) 'youtube_dwh_update' retrieved from /opt/airflow/dags/youtube_dwh_update.py
[2026-09-17T13:24:59.090+0000] {logging_mixin.py:188} INFO - [2026-09-17T13:24:59.089+0000] {dag.py:3096} INFO - Sync 1 DAGs
[2026-09-17T13:24:59.116+0000] {logging_mixin.py:188} INFO - [2026-09-17T13:24:59.116+0000] {dag.py:3954} INFO - Setting next_dagrun for youtube_dwh_update to 2026-09-17 00:00:00+00:00, run_after=2026-09-18 00:00:00+00:00
[2026-09-17T13:24:59.149+0000] {processor.py:183} INFO - Processing /opt/airflow/dags/youtube_dwh_update.py took 0.124 seconds
[2026-09-17T13:25:29.355+0000] {processor.py:161} INFO - Started process (PID=5301) to work on /opt/airflow/dags/youtube_dwh_update.py
[2026-09-17T13:25:29.358+0000] {processor.py:830} INFO - Processing file /opt/airflow/dags/youtube_dwh_update.py for tasks to queue
[2026-09-17T13:25:29.361+0000] {logging_mixin.py:188} INFO - [2026-09-17T13:25:29.360+0000] {dagbag.py:545} INFO - Filling up the DagBag from /opt/airflow/dags/youtube_dwh_update.py
[2026-09-17T13:25:29.380+0000] {processor.py:840} INFO - DAG(s) 'youtube_dwh_update' retrieved from /opt/airflow/dags/youtube_dwh_update.py
[2026-09-17T13:25:29.410+0000] {logging_mixin.py:188} INFO - [2026-09-17T13:25:29.409+0000] {dag.py:3096} INFO - Sync 1 DAGs
[2026-09-17T13:25:29.449+0000] {logging_mixin.py:188} INFO - [2026-09-17T13:25:29.448+0000] {dag.py:3954} INFO - Setting next_dagrun for youtube_dwh_update to 2026-09-17 00:00:00+00:00, run_after=2026-09-18 00:00:00+00:00
[2026-09-17T13:25:29.478+0000] {processor.py:183} INFO - Processing /opt/airflow/dags/youtube_dwh_update.py took 0.130 seconds
[2026-09-17T13:25:59.705+0000] {processor.py:161} INFO - Started process (PID=5317) to work on /opt/airflow/dags/youtube_dwh_update.py
[2026-09-17T13:25:59.708+0000] {processor.py:830} INFO - Processing file /opt/airflow/dags/youtube_dwh_update.py for tasks to queue
[2026-09-17T13:25:59.713+0000] {logging_mixin.py:188} INFO - [2026-09-17T13:25:59.713+0000] {dagbag.py:545} INFO - Filling up the DagBag from /opt/airflow/dags/youtube_dwh_update.py
[2026-09-17T13:25:59.743+0000] {processor.py:840} INFO - DAG(s) 'youtube_dwh_update' retrieved from /opt/airflow/dags/youtube_dwh_update.py
[2026-09-17T13:25:59.772+0000] {logging_mixin.py:188} INFO - [2026-09-17T13:25:59.772+0000] {dag.py:3096} INFO - Sync 1 DAGs
[2026-09-17T13:25:59.800+0000] {logging_mixin.py:188} INFO - [2026-09-17T13:25:59.799+0000] {dag.py:3954} INFO - Setting next_dagrun for youtube_dwh_update to 2026-09-17 00:00:00+00:00, run_after=2026-09-18 00:00:00+00:00
[2026-09-17T13:25:59.836+0000] {processor.py:183} INFO - Processing /opt/airflow/dags/youtube_dwh_update.py took 0.147 seconds
[2026-09-17T13:26:30.043+0000] {processor.py:161} INFO - Started process (PID=5333) to work on /opt/airflow/dags/youtube_dwh_update.py
[2026-09-17T13:26:30.046+0000] {processor.py:830} INFO - Processing file /opt/airflow/dags/youtube_dwh_update.py for tasks to queue
[2026-09-17T13:26:30.049+0000] {logging_mixin.py:188} INFO - [2026-09-17T13:26:30.049+0000] {dagbag.py:545} INFO - Filling up the DagBag from /opt/airflow/dags/youtube_dwh_update.py
[2026-09-17T13:26:30.068+0000] {processor.py:840} INFO - DAG(s) 'youtube_dwh_update' retrieved from /opt/airflow/dags/youtube_dwh_update.py
[2026-09-17T13:26:30.094+0000] {logging_mixin.py:188} INFO - [2026-09-17T13:26:30.093+0000] {dag.py:3096} INFO - Sync 1 DAGs
[2026-09-17T13:26:30.123+0000] {logging_mixin.py:188} INFO - [2026-09-17T13:26:30.122+0000] {dag.py:3954} INFO - Setting next_dagrun for youtube_dwh_update to 2026-09-17 00:00:00+00:00, run_after=2026-09-18 00:00:00+00:00
[2026-09-17T13:26:30.157+0000] {processor.py:183} INFO - Processing /opt/airflow/dags/youtube_dwh_update.py took 0.122 seconds
[2026-09-17T13:27:00.361+0000] {processor.py:161} INFO - Started process (PID=5349) to work on /opt/airflow/dags/youtube_dwh_update.py
[2026-09-17T13:27:00.363+0000] {processor.py:830} INFO - Processing file /opt/airflow/dags/youtube_dwh_update.py for tasks to queue
[2026-09-17T13:27:00.366+0000] {logging_mixin.py:188} INFO - [2026-09-17T13:27:00.366+0000] {dagbag.py:545} INFO - Filling up the DagBag from /opt/airflow/dags/youtube_dwh_update.py
[2026-09-17T13:27:00.386+0000] {processor.py:840} INFO - DAG(s) 'youtube_dwh_update' retrieved from /opt/airflow/dags/youtube_dwh_update.py
[2026-09-17T13:27:00.412+0000] {logging_mixin.py:188} INFO - [2026-09-17T13:27:00.412+0000] {dag.py:3096} INFO - Sync 1 DAGs
[2026-09-17T13:27:00.441+0000] {logging_mixin.py:188} INFO - [2026-09-17T13:27:00.440+0000] {dag.py:3954} INFO - Setting next_dagrun for youtube_dwh_update to 2026-09-17 00:00:00+00:00, run_after=2026-09-18 00:00:00+00:00
[2026-09-17T13:27:00.469+0000] {processor.py:183} INFO - Processing /opt/airflow/dags/youtube_dwh_update.py took 0.116 seconds
[2026-09-17T13:27:30.692+0000] {processor.py:161} INFO - Started process (PID=5365) to work on /opt/airflow/dags/youtube_dwh_update.py
[2026-09-17T13:27:30.695+0000] {processor.py:830} INFO - Processing file /opt/airflow/dags/youtube_dwh_update.py for tasks to queue
[2026-09-17T13:27:30.699+0000] {logging_mixin.py:188} INFO - [2026-09-17T13:27:30.699+0000] {dagbag.py:545} INFO - Filling up the DagBag from /opt/airflow/dags/youtube_dwh_update.py
[2026-09-17T13:27:30.721+0000] {processor.py:840} INFO - DAG(s) 'youtube_dwh_update' retrieved from /opt/airflow/dags/youtube_dwh_update.py
[2026-09-17T13:27:30.749+0000] {logging_mixin.py:188} INFO - [2026-09-17T13:27:30.749+0000] {dag.py:3096} INFO - Sync 1 DAGs
[2026-09-17T13:27:30.781+0000] {logging_mixin.py:188} INFO - [2026-09-17T13:27:30.780+0000] {dag.py:3954} INFO - Setting next_dagrun for youtube_dwh_update to 2026-09-17 00:00:00+00:00, run_after=2026-09-18 00:00:00+00:00
[2026-09-17T13:27:30.810+0000] {processor.py:183} INFO - Processing /opt/airflow/dags/youtube_dwh_update.py took 0.126 seconds
[2026-09-17T13:28:01.058+0000] {processor.py:161} INFO - Started process (PID=5383) to work on /opt/airflow/dags/youtube_dwh_update.py
[2026-09-17T13:28:01.064+0000] {processor.py:830} INFO - Processing file /opt/airflow/dags/youtube_dwh_update.py for tasks to queue
[2026-09-17T13:28:01.069+0000] {logging_mixin.py:188} INFO - [2026-09-17T13:28:01.068+0000] {dagbag.py:545} INFO - Filling up the DagBag from /opt/airflow/dags/youtube_dwh_update.py
[2026-09-17T13:28:01.098+0000] {processor.py:840} INFO - DAG(s) 'youtube_dwh_update' retrieved from /opt/airflow/dags/youtube_dwh_update.py
[2026-09-17T13:28:01.138+0000] {logging_mixin.py:188} INFO - [2026-09-17T13:28:01.138+0000] {dag.py:3096} INFO - Sync 1 DAGs
[2026-09-17T13:28:01.186+0000] {logging_mixin.py:188} INFO - [2026-09-17T13:28:01.186+0000] {dag.py:3954} INFO - Setting next_dagrun for youtube_dwh_update to 2026-09-17 00:00:00+00:00, run_after=2026-09-18 00:00:00+00:00
[2026-09-17T13:28:01.227+0000] {processor.py:183} INFO - Processing /opt/airflow/dags/youtube_dwh_update.py took 0.187 seconds
[2026-09-17T13:28:31.451+0000] {processor.py:161} INFO - Started process (PID=5403) to work on /opt/airflow/dags/youtube_dwh_update.py
[2026-09-17T13:28:31.455+0000] {processor.py:830} INFO - Processing file /opt/airflow/dags/youtube_dwh_update.py for tasks to queue
[2026-09-17T13:28:31.459+0000] {logging_mixin.py:188} INFO - [2026-09-17T13:28:31.458+0000] {dagbag.py:545} INFO - Filling up the DagBag from /opt/airflow/dags/youtube_dwh_update.py
[2026-09-17T13:28:31.486+0000] {processor.py:840} INFO - DAG(s) 'youtube_dwh_update' retrieved from /opt/airflow/dags/youtube_dwh_update.py
[2026-09-17T13:28:31.525+0000] {logging_mixin.py:188} INFO - [2026-09-17T13:28:31.524+0000] {dag.py:3096} INFO - Sync 1 DAGs
[2026-09-17T13:28:31.566+0000] {logging_mixin.py:188} INFO - [2026-09-17T13:28:31.566+0000] {dag.py:3954} INFO - Setting next_dagrun for youtube_dwh_update to 2026-09-17 00:00:00+00:00, run_after=2026-09-18 00:00:00+00:00
[2026-09-17T13:28:31.612+0000] {processor.py:183} INFO - Processing /opt/airflow/dags/youtube_dwh_update.py took 0.173 seconds
[2026-09-17T13:29:01.815+0000] {processor.py:161} INFO - Started process (PID=5419) to work on /opt/airflow/dags/youtube_dwh_update.py
[2026-09-17T13:29:01.817+0000] {processor.py:830} INFO - Processing file /opt/airflow/dags/youtube_dwh_update.py for tasks to queue
[2026-09-17T13:29:01.820+0000] {logging_mixin.py:188} INFO - [2026-09-17T13:29:01.820+0000] {dagbag.py:545} INFO - Filling up the DagBag from /opt/airflow/dags/youtube_dwh_update.py
[2026-09-17T13:29:01.840+0000] {processor.py:840} INFO - DAG(s) 'youtube_dwh_update' retrieved from /opt/airflow/dags/youtube_dwh_update.py
[2026-09-17T13:29:01.871+0000] {logging_mixin.py:188} INFO - [2026-09-17T13:29:01.870+0000] {dag.py:3096} INFO - Sync 1 DAGs
[2026-09-17T13:29:01.907+0000] {logging_mixin.py:188} INFO - [2026-09-17T13:29:01.907+0000] {dag.py:3954} INFO - Setting next_dagrun for youtube_dwh_update to 2026-09-17 00:00:00+00:00, run_after=2026-09-18 00:00:00+00:00
[2026-09-17T13:29:01.953+0000] {processor.py:183} INFO - Processing /opt/airflow/dags/youtube_dwh_update.py took 0.146 seconds
[2026-09-17T13:29:32.176+0000] {processor.py:161} INFO - Started process (PID=5435) to work on /opt/airflow/dags/youtube_dwh_update.py
[2026-09-17T13:29:32.178+0000] {processor.py:830} INFO - Processing file /opt/airflow/dags/youtube_dwh_update.py for tasks to queue
[2026-09-17T13:29:32.181+0000] {logging_mixin.py:188} INFO - [2026-09-17T13:29:32.181+0000] {dagbag.py:545} INFO - Filling up the DagBag from /opt/airflow/dags/youtube_dwh_update.py
[2026-09-17T13:29:32.201+0000] {processor.py:840} INFO - DAG(s) 'youtube_dwh_update' retrieved from /opt/airflow/dags/youtube_dwh_update.py
[2026-09-17T13:29:32.231+0000] {logging_mixin.py:188} INFO - [2026-09-17T13:29:32.231+0000] {dag.py:3096} INFO - Sync 1 DAGs
[2026-09-17T13:29:32.261+0000] {logging_mixin.py:188} INFO - [2026-09-17T13:29:32.261+0000] {dag.py:3954} INFO - Setting next_dagrun for youtube_dwh_update to 2026-09-17 00:00:00+00:00, run_after=2026-09-18 00:00:00+00:00
[2026-09-17T13:29:32.294+0000] {processor.py:183} INFO - Processing /opt/airflow/dags/youtube_dwh_update.py took 0.125 seconds
[2026-09-17T13:30:02.503+0000] {processor.py:161} INFO - Started process (PID=5451) to work on /opt/airflow/dags/youtube_dwh_update.py
[2026-09-17T13:30:02.505+0000] {processor.py:830} INFO - Processing file /opt/airflow/dags/youtube_dwh_update.py for tasks to queue
[2026-09-17T13:30:02.509+0000] {logging_mixin.py:188} INFO - [2026-09-17T13:30:02.509+0000] {dagbag.py:545} INFO - Filling up the DagBag from /opt/airflow/dags/youtube_dwh_update.py
[2026-09-17T13:30:02.533+0000] {processor.py:840} INFO - DAG(s) 'youtube_dwh_update' retrieved from /opt/airflow/dags/youtube_dwh_update.py
[2026-09-17T13:30:02.565+0000] {logging_mixin.py:188} INFO - [2026-09-17T13:30:02.565+0000] {dag.py:3096} INFO - Sync 1 DAGs
[2026-09-17T13:30:02.597+0000] {logging_mixin.py:188} INFO - [2026-09-17T13:30:02.596+0000] {dag.py:3954} INFO - Setting next_dagrun for youtube_dwh_update to 2026-09-17 00:00:00+00:00, run_after=2026-09-18 00:00:00+00:00
[2026-09-17T13:30:02.646+0000] {processor.py:183} INFO - Processing /opt/airflow/dags/youtube_dwh_update.py took 0.152 seconds
[2026-09-17T13:30:32.860+0000] {processor.py:161} INFO - Started process (PID=5467) to work on /opt/airflow/dags/youtube_dwh_update.py
[2026-09-17T13:30:32.863+0000] {processor.py:830} INFO - Processing file /opt/airflow/dags/youtube_dwh_update.py for tasks to queue
[2026-09-17T13:30:32.866+0000] {logging_mixin.py:188} INFO - [2026-09-17T13:30:32.865+0000] {dagbag.py:545} INFO - Filling up the DagBag from /opt/airflow/dags/youtube_dwh_update.py
[2026-09-17T13:30:32.891+0000] {processor.py:840} INFO - DAG(s) 'youtube_dwh_update' retrieved from /opt/airflow/dags/youtube_dwh_update.py
[2026-09-17T13:30:32.924+0000] {logging_mixin.py:188} INFO - [2026-09-17T13:30:32.924+0000] {dag.py:3096} INFO - Sync 1 DAGs
[2026-09-17T13:30:32.965+0000] {logging_mixin.py:188} INFO - [2026-09-17T13:30:32.964+0000] {dag.py:3954} INFO - Setting next_dagrun for youtube_dwh_update to 2026-09-17 00:00:00+00:00, run_after=2026-09-18 00:00:00+00:00
[2026-09-17T13:30:33.006+0000] {processor.py:183} INFO - Processing /opt/airflow/dags/youtube_dwh_update.py took 0.157 seconds
[2026-09-17T13:31:03.228+0000] {processor.py:161} INFO - Started process (PID=5483) to work on /opt/airflow/dags/youtube_dwh_update.py
[2026-09-17T13:31:03.232+0000] {processor.py:830} INFO - Processing file /opt/airflow/dags/youtube_dwh_update.py for tasks to queue
[2026-09-17T13:31:03.236+0000] {logging_mixin.py:188} INFO - [2026-09-17T13:31:03.235+0000] {dagbag.py:545} INFO - Filling up the DagBag from /opt/airflow/dags/youtube_dwh_update.py
[2026-09-17T13:31:03.259+0000] {processor.py:840} INFO - DAG(s) 'youtube_dwh_update' retrieved from /opt/airflow/dags/youtube_dwh_update.py
[2026-09-17T13:31:03.289+0000] {logging_mixin.py:188} INFO - [2026-09-17T13:31:03.288+0000] {dag.py:3096} INFO - Sync 1 DAGs
[2026-09-17T13:31:03.317+0000] {logging_mixin.py:188} INFO - [2026-09-17T13:31:03.317+0000] {dag.py:3954} INFO - Setting next_dagrun for youtube_dwh_update to 2026-09-17 00:00:00+00:00, run_after=2026-09-18 00:00:00+00:00
[2026-09-17T13:31:03.341+0000] {processor.py:183} INFO - Processing /opt/airflow/dags/youtube_dwh_update.py took 0.122 seconds
[2026-09-17T13:31:33.568+0000] {processor.py:161} INFO - Started process (PID=5499) to work on /opt/airflow/dags/youtube_dwh_update.py
[2026-09-17T13:31:33.571+0000] {processor.py:830} INFO - Processing file /opt/airflow/dags/youtube_dwh_update.py for tasks to queue
[2026-09-17T13:31:33.575+0000] {logging_mixin.py:188} INFO - [2026-09-17T13:31:33.574+0000] {dagbag.py:545} INFO - Filling up the DagBag from /opt/airflow/dags/youtube_dwh_update.py
[2026-09-17T13:31:33.603+0000] {processor.py:840} INFO - DAG(s) 'youtube_dwh_update' retrieved from /opt/airflow/dags/youtube_dwh_update.py
[2026-09-17T13:31:33.644+0000] {logging_mixin.py:188} INFO - [2026-09-17T13:31:33.644+0000] {dag.py:3096} INFO - Sync 1 DAGs
[2026-09-17T13:31:33.685+0000] {logging_mixin.py:188} INFO - [2026-09-17T13:31:33.684+0000] {dag.py:3954} INFO - Setting next_dagrun for youtube_dwh_update to 2026-09-17 00:00:00+00:00, run_after=2026-09-18 00:00:00+00:00
[2026-09-17T13:31:33.727+0000] {processor.py:183} INFO - Processing /opt/airflow/dags/youtube_dwh_update.py took 0.172 seconds
[2026-09-17T13:32:03.930+0000] {processor.py:161} INFO - Started process (PID=5515) to work on /opt/airflow/dags/youtube_dwh_update.py
[2026-09-17T13:32:03.935+0000] {processor.py:830} INFO - Processing file /opt/airflow/dags/youtube_dwh_update.py for tasks to queue
[2026-09-17T13:32:03.938+0000] {logging_mixin.py:188} INFO - [2026-09-17T13:32:03.937+0000] {dagbag.py:545} INFO - Filling up the DagBag from /opt/airflow/dags/youtube_dwh_update.py
[2026-09-17T13:32:03.958+0000] {processor.py:840} INFO - DAG(s) 'youtube_dwh_update' retrieved from /opt/airflow/dags/youtube_dwh_update.py
[2026-09-17T13:32:03.989+0000] {logging_mixin.py:188} INFO - [2026-09-17T13:32:03.989+0000] {dag.py:3096} INFO - Sync 1 DAGs
[2026-09-17T13:32:04.022+0000] {logging_mixin.py:188} INFO - [2026-09-17T13:32:04.021+0000] {dag.py:3954} INFO - Setting next_dagrun for youtube_dwh_update to 2026-09-17 00:00:00+00:00, run_after=2026-09-18 00:00:00+00:00
[2026-09-17T13:32:04.047+0000] {processor.py:183} INFO - Processing /opt/airflow/dags/youtube_dwh_update.py took 0.124 seconds
[2026-09-17T13:32:34.254+0000] {processor.py:161} INFO - Started process (PID=5531) to work on /opt/airflow/dags/youtube_dwh_update.py
[2026-09-17T13:32:34.257+0000] {processor.py:830} INFO - Processing file /opt/airflow/dags/youtube_dwh_update.py for tasks to queue
[2026-09-17T13:32:34.260+0000] {logging_mixin.py:188} INFO - [2026-09-17T13:32:34.260+0000] {dagbag.py:545} INFO - Filling up the DagBag from /opt/airflow/dags/youtube_dwh_update.py
[2026-09-17T13:32:34.281+0000] {processor.py:840} INFO - DAG(s) 'youtube_dwh_update' retrieved from /opt/airflow/dags/youtube_dwh_update.py
[2026-09-17T13:32:34.312+0000] {logging_mixin.py:188} INFO - [2026-09-17T13:32:34.312+0000] {dag.py:3096} INFO - Sync 1 DAGs
[2026-09-17T13:32:34.347+0000] {logging_mixin.py:188} INFO - [2026-09-17T13:32:34.347+0000] {dag.py:3954} INFO - Setting next_dagrun for youtube_dwh_update to 2026-09-17 00:00:00+00:00, run_after=2026-09-18 00:00:00+00:00
[2026-09-17T13:32:34.387+0000] {processor.py:183} INFO - Processing /opt/airflow/dags/youtube_dwh_update.py took 0.140 seconds
[2026-09-17T13:33:04.584+0000] {processor.py:161} INFO - Started process (PID=5547) to work on /opt/airflow/dags/youtube_dwh_update.py
[2026-09-17T13:33:04.587+0000] {processor.py:830} INFO - Processing file /opt/airflow/dags/youtube_dwh_update.py for tasks to queue
[2026-09-17T13:33:04.591+0000] {logging_mixin.py:188} INFO - [2026-09-17T13:33:04.590+0000] {dagbag.py:545} INFO - Filling up the DagBag from /opt/airflow/dags/youtube_dwh_update.py
[2026-09-17T13:33:04.609+0000] {processor.py:840} INFO - DAG(s) 'youtube_dwh_update' retrieved from /opt/airflow/dags/youtube_dwh_update.py
[2026-09-17T13:33:04.635+0000] {logging_mixin.py:188} INFO - [2026-09-17T13:33:04.635+0000] {dag.py:3096} INFO - Sync 1 DAGs
[2026-09-17T13:33:04.665+0000] {logging_mixin.py:188} INFO - [2026-09-17T13:33:04.665+0000] {dag.py:3954} INFO - Setting next_dagrun for youtube_dwh_update to 2026-09-17 00:00:00+00:00, run_after=2026-09-18 00:00:00+00:00
[2026-09-17T13:33:04.700+0000] {processor.py:183} INFO - Processing /opt/airflow/dags/youtube_dwh_update.py took 0.124 seconds
[2026-09-17T13:33:34.904+0000] {processor.py:161} INFO - Started process (PID=5563) to work on /opt/airflow/dags/youtube_dwh_update.py
[2026-09-17T13:33:34.906+0000] {processor.py:830} INFO - Processing file /opt/airflow/dags/youtube_dwh_update.py for tasks to queue
[2026-09-17T13:33:34.909+0000] {logging_mixin.py:188} INFO - [2026-09-17T13:33:34.909+0000] {dagbag.py:545} INFO - Filling up the DagBag from /opt/airflow/dags/youtube_dwh_update.py
[2026-09-17T13:33:34.928+0000] {processor.py:840} INFO - DAG(s) 'youtube_dwh_update' retrieved from /opt/airflow/dags/youtube_dwh_update.py
[2026-09-17T13:33:34.954+0000] {logging_mixin.py:188} INFO - [2026-09-17T13:33:34.954+0000] {dag.py:3096} INFO - Sync 1 DAGs
[2026-09-17T13:33:34.984+0000] {logging_mixin.py:188} INFO - [2026-09-17T13:33:34.984+0000] {dag.py:3954} INFO - Setting next_dagrun for youtube_dwh_update to 2026-09-17 00:00:00+00:00, run_after=2026-09-18 00:00:00+00:00
[2026-09-17T13:33:35.021+0000] {processor.py:183} INFO - Processing /opt/airflow/dags/youtube_dwh_update.py took 0.126 seconds
[2026-09-17T13:34:05.231+0000] {processor.py:161} INFO - Started process (PID=5579) to work on /opt/airflow/dags/youtube_dwh_update.py
[2026-09-17T13:34:05.234+0000] {processor.py:830} INFO - Processing file /opt/airflow/dags/youtube_dwh_update.py for tasks to queue
[2026-09-17T13:34:05.237+0000] {logging_mixin.py:188} INFO - [2026-09-17T13:34:05.237+0000] {dagbag.py:545} INFO - Filling up the DagBag from /opt/airflow/dags/youtube_dwh_update.py
[2026-09-17T13:34:05.259+0000] {processor.py:840} INFO - DAG(s) 'youtube_dwh_update' retrieved from /opt/airflow/dags/youtube_dwh_update.py
[2026-09-17T13:34:05.286+0000] {logging_mixin.py:188} INFO - [2026-09-17T13:34:05.285+0000] {dag.py:3096} INFO - Sync 1 DAGs
[2026-09-17T13:34:05.315+0000] {logging_mixin.py:188} INFO - [2026-09-17T13:34:05.315+0000] {dag.py:3954} INFO - Setting next_dagrun for youtube_dwh_update to 2026-09-17 00:00:00+00:00, run_after=2026-09-18 00:00:00+00:00
[2026-09-17T13:34:05.355+0000] {processor.py:183} INFO - Processing /opt/airflow/dags/youtube_dwh_update.py took 0.132 seconds
[2026-09-17T13:34:35.568+0000] {processor.py:161} INFO - Started process (PID=5595) to work on /opt/airflow/dags/youtube_dwh_update.py
[2026-09-17T13:34:35.570+0000] {processor.py:830} INFO - Processing file /opt/airflow/dags/youtube_dwh_update.py for tasks to queue
[2026-09-17T13:34:35.574+0000] {logging_mixin.py:188} INFO - [2026-09-17T13:34:35.573+0000] {dagbag.py:545} INFO - Filling up the DagBag from /opt/airflow/dags/youtube_dwh_update.py
[2026-09-17T13:34:35.593+0000] {processor.py:840} INFO - DAG(s) 'youtube_dwh_update' retrieved from /opt/airflow/dags/youtube_dwh_update.py
[2026-09-17T13:34:35.620+0000] {logging_mixin.py:188} INFO - [2026-09-17T13:34:35.620+0000] {dag.py:3096} INFO - Sync 1 DAGs
[2026-09-17T13:34:35.648+0000] {logging_mixin.py:188} INFO - [2026-09-17T13:34:35.647+0000] {dag.py:3954} INFO - Setting next_dagrun for youtube_dwh_update to 2026-09-17 00:00:00+00:00, run_after=2026-09-18 00:00:00+00:00
[2026-09-17T13:34:35.680+0000] {processor.py:183} INFO - Processing /opt/airflow/dags/youtube_dwh_update.py took 0.120 seconds
[2026-09-17T13:35:05.889+0000] {processor.py:161} INFO - Started process (PID=5611) to work on /opt/airflow/dags/youtube_dwh_update.py
[2026-09-17T13:35:05.892+0000] {processor.py:830} INFO - Processing file /opt/airflow/dags/youtube_dwh_update.py for tasks to queue
[2026-09-17T13:35:05.895+0000] {logging_mixin.py:188} INFO - [2026-09-17T13:35:05.894+0000] {dagbag.py:545} INFO - Filling up the DagBag from /opt/airflow/dags/youtube_dwh_update.py
[2026-09-17T13:35:05.914+0000] {processor.py:840} INFO - DAG(s) 'youtube_dwh_update' retrieved from /opt/airflow/dags/youtube_dwh_update.py
[2026-09-17T13:35:05.946+0000] {logging_mixin.py:188} INFO - [2026-09-17T13:35:05.946+0000] {dag.py:3096} INFO - Sync 1 DAGs
[2026-09-17T13:35:05.978+0000] {logging_mixin.py:188} INFO - [2026-09-17T13:35:05.978+0000] {dag.py:3954} INFO - Setting next_dagrun for youtube_dwh_update to 2026-09-17 00:00:00+00:00, run_after=2026-09-18 00:00:00+00:00
[2026-09-17T13:35:06.007+0000] {processor.py:183} INFO - Processing /opt/airflow/dags/youtube_dwh_update.py took 0.127 seconds
[2026-09-17T13:35:36.224+0000] {processor.py:161} INFO - Started process (PID=5627) to work on /opt/airflow/dags/youtube_dwh_update.py
[2026-09-17T13:35:36.226+0000] {processor.py:830} INFO - Processing file /opt/airflow/dags/youtube_dwh_update.py for tasks to queue
[2026-09-17T13:35:36.229+0000] {logging_mixin.py:188} INFO - [2026-09-17T13:35:36.229+0000] {dagbag.py:545} INFO - Filling up the DagBag from /opt/airflow/dags/youtube_dwh_update.py
[2026-09-17T13:35:36.249+0000] {processor.py:840} INFO - DAG(s) 'youtube_dwh_update' retrieved from /opt/airflow/dags/youtube_dwh_update.py
[2026-09-17T13:35:36.286+0000] {logging_mixin.py:188} INFO - [2026-09-17T13:35:36.285+0000] {dag.py:3096} INFO - Sync 1 DAGs
[2026-09-17T13:35:36.333+0000] {logging_mixin.py:188} INFO - [2026-09-17T13:35:36.333+0000] {dag.py:3954} INFO - Setting next_dagrun for youtube_dwh_update to 2026-09-17 00:00:00+00:00, run_after=2026-09-18 00:00:00+00:00
[2026-09-17T13:35:36.374+0000] {processor.py:183} INFO - Processing /opt/airflow/dags/youtube_dwh_update.py took 0.160 seconds
[2026-09-17T13:36:06.625+0000] {processor.py:161} INFO - Started process (PID=5643) to work on /opt/airflow/dags/youtube_dwh_update.py
[2026-09-17T13:36:06.627+0000] {processor.py:830} INFO - Processing file /opt/airflow/dags/youtube_dwh_update.py for tasks to queue
[2026-09-17T13:36:06.631+0000] {logging_mixin.py:188} INFO - [2026-09-17T13:36:06.631+0000] {dagbag.py:545} INFO - Filling up the DagBag from /opt/airflow/dags/youtube_dwh_update.py
[2026-09-17T13:36:06.659+0000] {processor.py:840} INFO - DAG(s) 'youtube_dwh_update' retrieved from /opt/airflow/dags/youtube_dwh_update.py
[2026-09-17T13:36:06.688+0000] {logging_mixin.py:188} INFO - [2026-09-17T13:36:06.687+0000] {dag.py:3096} INFO - Sync 1 DAGs
[2026-09-17T13:36:06.719+0000] {logging_mixin.py:188} INFO - [2026-09-17T13:36:06.719+0000] {dag.py:3954} INFO - Setting next_dagrun for youtube_dwh_update to 2026-09-17 00:00:00+00:00, run_after=2026-09-18 00:00:00+00:00
[2026-09-17T13:36:06.755+0000] {processor.py:183} INFO - Processing /opt/airflow/dags/youtube_dwh_update.py took 0.139 seconds
[2026-09-17T13:36:36.999+0000] {processor.py:161} INFO - Started process (PID=5659) to work on /opt/airflow/dags/youtube_dwh_update.py
[2026-09-17T13:36:37.002+0000] {processor.py:830} INFO - Processing file /opt/airflow/dags/youtube_dwh_update.py for tasks to queue
[2026-09-17T13:36:37.010+0000] {logging_mixin.py:188} INFO - [2026-09-17T13:36:37.009+0000] {dagbag.py:545} INFO - Filling up the DagBag from /opt/airflow/dags/youtube_dwh_update.py
[2026-09-17T13:36:37.042+0000] {processor.py:840} INFO - DAG(s) 'youtube_dwh_update' retrieved from /opt/airflow/dags/youtube_dwh_update.py
[2026-09-17T13:36:37.071+0000] {logging_mixin.py:188} INFO - [2026-09-17T13:36:37.070+0000] {dag.py:3096} INFO - Sync 1 DAGs
[2026-09-17T13:36:37.105+0000] {logging_mixin.py:188} INFO - [2026-09-17T13:36:37.105+0000] {dag.py:3954} INFO - Setting next_dagrun for youtube_dwh_update to 2026-09-17 00:00:00+00:00, run_after=2026-09-18 00:00:00+00:00
[2026-09-17T13:36:37.140+0000] {processor.py:183} INFO - Processing /opt/airflow/dags/youtube_dwh_update.py took 0.152 seconds
