[2026-09-15T14:57:06.332+0000] {manager.py:470} INFO - Processing files using up to 2 processes at a time 
[2026-09-15T14:57:06.335+0000] {manager.py:471} INFO - Process each file at most once every 30 seconds
[2026-09-15T14:57:06.339+0000] {manager.py:472} INFO - Checking for new files in /opt/airflow/dags every 300 seconds
[2026-09-15T14:57:06.341+0000] {manager.py:737} INFO - Searching for files in /opt/airflow/dags
[2026-09-15T14:57:06.346+0000] {manager.py:740} INFO - There are 0 files in /opt/airflow/dags
[2026-09-15T15:02:07.027+0000] {manager.py:737} INFO - Searching for files in /opt/airflow/dags
[2026-09-15T15:02:07.040+0000] {manager.py:740} INFO - There are 0 files in /opt/airflow/dags
[2026-09-15T15:07:07.896+0000] {manager.py:737} INFO - Searching for files in /opt/airflow/dags
[2026-09-15T15:07:07.902+0000] {manager.py:740} INFO - There are 0 files in /opt/airflow/dags
[2026-09-15T15:12:08.737+0000] {manager.py:737} INFO - Searching for files in /opt/airflow/dags
[2026-09-15T15:12:08.742+0000] {manager.py:740} INFO - There are 0 files in /opt/airflow/dags
[2026-09-15T15:17:09.492+0000] {manager.py:737} INFO - Searching for files in /opt/airflow/dags
[2026-09-15T15:17:09.516+0000] {manager.py:740} INFO - There are 0 files in /opt/airflow/dags
[2026-09-15T15:22:10.192+0000] {manager.py:737} INFO - Searching for files in /opt/airflow/dags
[2026-09-15T15:22:10.197+0000] {manager.py:740} INFO - There are 0 files in /opt/airflow/dags
[2026-09-15T15:27:10.850+0000] {manager.py:737} INFO - Searching for files in /opt/airflow/dags
[2026-09-15T15:27:10.856+0000] {manager.py:740} INFO - There are 0 files in /opt/airflow/dags
[2026-09-15T15:32:11.699+0000] {manager.py:737} INFO - Searching for files in /opt/airflow/dags
[2026-09-15T15:32:11.705+0000] {manager.py:740} INFO - There are 0 files in /opt/airflow/dags
[2026-09-15T15:37:12.533+0000] {manager.py:737} INFO - Searching for files in /opt/airflow/dags
[2026-09-15T15:37:12.540+0000] {manager.py:740} INFO - There are 0 files in /opt/airflow/dags
[2026-09-15T15:42:13.333+0000] {manager.py:737} INFO - Searching for files in /opt/airflow/dags
[2026-09-15T15:42:13.340+0000] {manager.py:740} INFO - There are 0 files in /opt/airflow/dags
[2026-09-15T15:47:14.001+0000] {manager.py:737} INFO - Searching for files in /opt/airflow/dags
[2026-09-15T15:47:14.006+0000] {manager.py:740} INFO - There are 0 files in /opt/airflow/dags
[2026-09-15T15:52:14.878+0000] {manager.py:737} INFO - Searching for files in /opt/airflow/dags
[2026-09-15T15:52:14.888+0000] {manager.py:740} INFO - There are 0 files in /opt/airflow/dags
[2026-09-15T15:57:15.697+0000] {manager.py:737} INFO - Searching for files in /opt/airflow/dags
[2026-09-15T15:57:15.711+0000] {manager.py:740} INFO - There are 0 files in /opt/airflow/dags
[2026-09-15T16:02:16.425+0000] {manager.py:737} INFO - Searching for files in /opt/airflow/dags
[2026-09-15T16:02:16.430+0000] {manager.py:740} INFO - There are 0 files in /opt/airflow/dags
[2026-09-15T16:07:17.117+0000] {manager.py:737} INFO - Searching for files in /opt/airflow/dags
[2026-09-15T16:07:17.122+0000] {manager.py:740} INFO - There are 0 files in /opt/airflow/dags
[2026-09-15T16:12:17.814+0000] {manager.py:737} INFO - Searching for files in /opt/airflow/dags
[2026-09-15T16:12:17.821+0000] {manager.py:740} INFO - There are 0 files in /opt/airflow/dags
[2026-09-15T16:17:18.501+0000] {manager.py:737} INFO - Searching for files in /opt/airflow/dags
[2026-09-15T16:17:18.507+0000] {manager.py:740} INFO - There are 0 files in /opt/airflow/dags
[2026-09-15T16:22:19.223+0000] {manager.py:737} INFO - Searching for files in /opt/airflow/dags
[2026-09-15T16:22:19.227+0000] {manager.py:740} INFO - There are 0 files in /opt/airflow/dags
[2026-09-16T08:37:09.927+0000] {manager.py:470} INFO - Processing files using up to 2 processes at a time 
[2026-09-16T08:37:09.946+0000] {manager.py:471} INFO - Process each file at most once every 30 seconds
[2026-09-16T08:37:09.955+0000] {manager.py:472} INFO - Checking for new files in /opt/airflow/dags every 300 seconds
[2026-09-16T08:37:09.968+0000] {manager.py:737} INFO - Searching for files in /opt/airflow/dags
[2026-09-16T08:37:10.016+0000] {manager.py:740} INFO - There are 1 files in /opt/airflow/dags
[2026-09-16T08:37:11.056+0000] {manager.py:878} INFO - 
================================================================================
DAG File Processing Stats

File Path                                  PID  Runtime      # DAGs    # Errors  Last Runtime    Last Run
---------------------------------------  -----  ---------  --------  ----------  --------------  ----------
/opt/airflow/dags/youtube_extraction.py    194  0.18s             0           0
================================================================================
[2026-09-16T08:37:41.293+0000] {manager.py:878} INFO - 
================================================================================
DAG File Processing Stats

File Path                                PID    Runtime      # DAGs    # Errors  Last Runtime    Last Run
---------------------------------------  -----  ---------  --------  ----------  --------------  -------------------
/opt/airflow/dags/youtube_extraction.py                           1           0  2.64s           2026-09-16T08:37:13
================================================================================
[2026-09-16T08:38:11.864+0000] {manager.py:878} INFO - 
================================================================================
DAG File Processing Stats

File Path                                PID    Runtime      # DAGs    # Errors  Last Runtime    Last Run
---------------------------------------  -----  ---------  --------  ----------  --------------  -------------------
/opt/airflow/dags/youtube_extraction.py                           1           0  0.27s           2026-09-16T08:37:43
================================================================================
[2026-09-16T08:38:42.308+0000] {manager.py:878} INFO - 
================================================================================
DAG File Processing Stats

File Path                                PID    Runtime      # DAGs    # Errors  Last Runtime    Last Run
---------------------------------------  -----  ---------  --------  ----------  --------------  -------------------
/opt/airflow/dags/youtube_extraction.py                           1           0  0.15s           2026-09-16T08:38:14
================================================================================
[2026-09-16T08:39:12.621+0000] {manager.py:878} INFO - 
================================================================================
DAG File Processing Stats

File Path                                PID    Runtime      # DAGs    # Errors  Last Runtime    Last Run
---------------------------------------  -----  ---------  --------  ----------  --------------  -------------------
/opt/airflow/dags/youtube_extraction.py                           1           0  0.30s           2026-09-16T08:38:44
================================================================================
[2026-09-16T08:39:42.970+0000] {manager.py:878} INFO - 
================================================================================
DAG File Processing Stats

File Path                                PID    Runtime      # DAGs    # Errors  Last Runtime    Last Run
---------------------------------------  -----  ---------  --------  ----------  --------------  -------------------
/opt/airflow/dags/youtube_extraction.py                           1           0  0.18s           2026-09-16T08:39:14
================================================================================
[2026-09-16T08:40:13.169+0000] {manager.py:878} INFO - 
================================================================================
DAG File Processing Stats

File Path                                PID    Runtime      # DAGs    # Errors  Last Runtime    Last Run
---------------------------------------  -----  ---------  --------  ----------  --------------  -------------------
/opt/airflow/dags/youtube_extraction.py                           1           0  0.15s           2026-09-16T08:39:45
================================================================================
[2026-09-16T08:40:43.440+0000] {manager.py:878} INFO - 
================================================================================
DAG File Processing Stats

File Path                                PID    Runtime      # DAGs    # Errors  Last Runtime    Last Run
---------------------------------------  -----  ---------  --------  ----------  --------------  -------------------
/opt/airflow/dags/youtube_extraction.py                           1           0  0.15s           2026-09-16T08:40:15
================================================================================
[2026-09-16T08:41:13.631+0000] {manager.py:878} INFO - 
================================================================================
DAG File Processing Stats

File Path                                PID    Runtime      # DAGs    # Errors  Last Runtime    Last Run
---------------------------------------  -----  ---------  --------  ----------  --------------  -------------------
/opt/airflow/dags/youtube_extraction.py                           1           0  0.25s           2026-09-16T08:40:45
================================================================================
[2026-09-16T08:41:44.027+0000] {manager.py:878} INFO - 
================================================================================
DAG File Processing Stats

File Path                                PID    Runtime      # DAGs    # Errors  Last Runtime    Last Run
---------------------------------------  -----  ---------  --------  ----------  --------------  -------------------
/opt/airflow/dags/youtube_extraction.py                           1           0  0.16s           2026-09-16T08:41:16
================================================================================
[2026-09-16T08:42:10.303+0000] {manager.py:737} INFO - Searching for files in /opt/airflow/dags
[2026-09-16T08:42:10.323+0000] {manager.py:740} INFO - There are 1 files in /opt/airflow/dags
[2026-09-16T08:42:14.359+0000] {manager.py:878} INFO - 
================================================================================
DAG File Processing Stats

File Path                                PID    Runtime      # DAGs    # Errors  Last Runtime    Last Run
---------------------------------------  -----  ---------  --------  ----------  --------------  -------------------
/opt/airflow/dags/youtube_extraction.py                           1           0  0.15s           2026-09-16T08:41:46
================================================================================
[2026-09-16T08:42:44.571+0000] {manager.py:878} INFO - 
================================================================================
DAG File Processing Stats

File Path                                PID    Runtime      # DAGs    # Errors  Last Runtime    Last Run
---------------------------------------  -----  ---------  --------  ----------  --------------  -------------------
/opt/airflow/dags/youtube_extraction.py                           1           0  0.20s           2026-09-16T08:42:16
================================================================================
[2026-09-16T08:43:14.894+0000] {manager.py:878} INFO - 
================================================================================
DAG File Processing Stats

File Path                                PID    Runtime      # DAGs    # Errors  Last Runtime    Last Run
---------------------------------------  -----  ---------  --------  ----------  --------------  -------------------
/opt/airflow/dags/youtube_extraction.py                           1           0  0.19s           2026-09-16T08:42:46
================================================================================
[2026-09-16T08:43:45.262+0000] {manager.py:878} INFO - 
================================================================================
DAG File Processing Stats

File Path                                PID    Runtime      # DAGs    # Errors  Last Runtime    Last Run
---------------------------------------  -----  ---------  --------  ----------  --------------  -------------------
/opt/airflow/dags/youtube_extraction.py                           1           0  0.14s           2026-09-16T08:43:17
================================================================================
[2026-09-16T08:44:15.547+0000] {manager.py:878} INFO - 
================================================================================
DAG File Processing Stats

File Path                                PID    Runtime      # DAGs    # Errors  Last Runtime    Last Run
---------------------------------------  -----  ---------  --------  ----------  --------------  -------------------
/opt/airflow/dags/youtube_extraction.py                           1           0  0.16s           2026-09-16T08:43:47
================================================================================
[2026-09-16T08:44:45.747+0000] {manager.py:878} INFO - 
================================================================================
DAG File Processing Stats

File Path                                PID    Runtime      # DAGs    # Errors  Last Runtime    Last Run
---------------------------------------  -----  ---------  --------  ----------  --------------  -------------------
/opt/airflow/dags/youtube_extraction.py                           1           0  0.15s           2026-09-16T08:44:17
================================================================================
[2026-09-16T08:45:16.025+0000] {manager.py:878} INFO - 
================================================================================
DAG File Processing Stats

File Path                                PID    Runtime      # DAGs    # Errors  Last Runtime    Last Run
---------------------------------------  -----  ---------  --------  ----------  --------------  -------------------
/opt/airflow/dags/youtube_extraction.py                           1           0  0.15s           2026-09-16T08:44:47
================================================================================
[2026-09-16T08:45:46.229+0000] {manager.py:878} INFO - 
================================================================================
DAG File Processing Stats

File Path                                PID    Runtime      # DAGs    # Errors  Last Runtime    Last Run
---------------------------------------  -----  ---------  --------  ----------  --------------  -------------------
/opt/airflow/dags/youtube_extraction.py                           1           0  0.22s           2026-09-16T08:45:18
================================================================================
[2026-09-16T08:46:16.597+0000] {manager.py:878} INFO - 
================================================================================
DAG File Processing Stats

File Path                                PID    Runtime      # DAGs    # Errors  Last Runtime    Last Run
---------------------------------------  -----  ---------  --------  ----------  --------------  -------------------
/opt/airflow/dags/youtube_extraction.py                           1           0  0.14s           2026-09-16T08:45:48
================================================================================
[2026-09-16T08:46:46.863+0000] {manager.py:878} INFO - 
================================================================================
DAG File Processing Stats

File Path                                PID    Runtime      # DAGs    # Errors  Last Runtime    Last Run
---------------------------------------  -----  ---------  --------  ----------  --------------  -------------------
/opt/airflow/dags/youtube_extraction.py                           1           0  0.16s           2026-09-16T08:46:18
================================================================================
[2026-09-16T08:47:11.076+0000] {manager.py:737} INFO - Searching for files in /opt/airflow/dags
[2026-09-16T08:47:11.088+0000] {manager.py:740} INFO - There are 1 files in /opt/airflow/dags
[2026-09-16T08:47:17.138+0000] {manager.py:878} INFO - 
================================================================================
DAG File Processing Stats

File Path                                PID    Runtime      # DAGs    # Errors  Last Runtime    Last Run
---------------------------------------  -----  ---------  --------  ----------  --------------  -------------------
/opt/airflow/dags/youtube_extraction.py                           1           0  0.15s           2026-09-16T08:46:49
================================================================================
[2026-09-16T08:47:47.313+0000] {manager.py:878} INFO - 
================================================================================
DAG File Processing Stats

File Path                                PID    Runtime      # DAGs    # Errors  Last Runtime    Last Run
---------------------------------------  -----  ---------  --------  ----------  --------------  -------------------
/opt/airflow/dags/youtube_extraction.py                           1           0  0.14s           2026-09-16T08:47:19
================================================================================
[2026-09-16T08:48:17.590+0000] {manager.py:878} INFO - 
================================================================================
DAG File Processing Stats

File Path                                PID    Runtime      # DAGs    # Errors  Last Runtime    Last Run
---------------------------------------  -----  ---------  --------  ----------  --------------  -------------------
/opt/airflow/dags/youtube_extraction.py                           1           0  0.15s           2026-09-16T08:47:49
================================================================================
[2026-09-16T08:48:47.776+0000] {manager.py:878} INFO - 
================================================================================
DAG File Processing Stats

File Path                                PID    Runtime      # DAGs    # Errors  Last Runtime    Last Run
---------------------------------------  -----  ---------  --------  ----------  --------------  -------------------
/opt/airflow/dags/youtube_extraction.py                           1           0  0.16s           2026-09-16T08:48:19
================================================================================
[2026-09-16T08:49:18.088+0000] {manager.py:878} INFO - 
================================================================================
DAG File Processing Stats

File Path                                PID    Runtime      # DAGs    # Errors  Last Runtime    Last Run
---------------------------------------  -----  ---------  --------  ----------  --------------  -------------------
/opt/airflow/dags/youtube_extraction.py                           1           0  0.19s           2026-09-16T08:48:49
================================================================================
[2026-09-16T08:49:48.313+0000] {manager.py:878} INFO - 
================================================================================
DAG File Processing Stats

File Path                                PID    Runtime      # DAGs    # Errors  Last Runtime    Last Run
---------------------------------------  -----  ---------  --------  ----------  --------------  -------------------
/opt/airflow/dags/youtube_extraction.py                           1           0  0.28s           2026-09-16T08:49:20
================================================================================
[2026-09-16T08:50:18.742+0000] {manager.py:878} INFO - 
================================================================================
DAG File Processing Stats

File Path                                PID    Runtime      # DAGs    # Errors  Last Runtime    Last Run
---------------------------------------  -----  ---------  --------  ----------  --------------  -------------------
/opt/airflow/dags/youtube_extraction.py                           1           0  0.17s           2026-09-16T08:49:50
================================================================================
[2026-09-16T08:50:49.077+0000] {manager.py:878} INFO - 
================================================================================
DAG File Processing Stats

File Path                                PID    Runtime      # DAGs    # Errors  Last Runtime    Last Run
---------------------------------------  -----  ---------  --------  ----------  --------------  -------------------
/opt/airflow/dags/youtube_extraction.py                           1           0  0.14s           2026-09-16T08:50:20
================================================================================
[2026-09-16T08:51:19.289+0000] {manager.py:878} INFO - 
================================================================================
DAG File Processing Stats

File Path                                PID    Runtime      # DAGs    # Errors  Last Runtime    Last Run
---------------------------------------  -----  ---------  --------  ----------  --------------  -------------------
/opt/airflow/dags/youtube_extraction.py                           1           0  0.39s           2026-09-16T08:50:51
================================================================================
[2026-09-16T08:51:49.830+0000] {manager.py:878} INFO - 
================================================================================
DAG File Processing Stats

File Path                                PID    Runtime      # DAGs    # Errors  Last Runtime    Last Run
---------------------------------------  -----  ---------  --------  ----------  --------------  -------------------
/opt/airflow/dags/youtube_extraction.py                           1           0  0.30s           2026-09-16T08:51:21
================================================================================
[2026-09-16T08:52:11.260+0000] {manager.py:737} INFO - Searching for files in /opt/airflow/dags
[2026-09-16T08:52:11.273+0000] {manager.py:740} INFO - There are 1 files in /opt/airflow/dags
[2026-09-16T08:52:20.333+0000] {manager.py:878} INFO - 
================================================================================
DAG File Processing Stats

File Path                                PID    Runtime      # DAGs    # Errors  Last Runtime    Last Run
---------------------------------------  -----  ---------  --------  ----------  --------------  -------------------
/opt/airflow/dags/youtube_extraction.py                           1           0  0.17s           2026-09-16T08:51:52
================================================================================
[2026-09-16T08:52:50.616+0000] {manager.py:878} INFO - 
================================================================================
DAG File Processing Stats

File Path                                PID    Runtime      # DAGs    # Errors  Last Runtime    Last Run
---------------------------------------  -----  ---------  --------  ----------  --------------  -------------------
/opt/airflow/dags/youtube_extraction.py                           1           0  0.14s           2026-09-16T08:52:22
================================================================================
[2026-09-16T08:53:20.808+0000] {manager.py:878} INFO - 
================================================================================
DAG File Processing Stats

File Path                                PID    Runtime      # DAGs    # Errors  Last Runtime    Last Run
---------------------------------------  -----  ---------  --------  ----------  --------------  -------------------
/opt/airflow/dags/youtube_extraction.py                           1           0  0.18s           2026-09-16T08:52:52
================================================================================
[2026-09-16T08:53:51.124+0000] {manager.py:878} INFO - 
================================================================================
DAG File Processing Stats

File Path                                PID    Runtime      # DAGs    # Errors  Last Runtime    Last Run
---------------------------------------  -----  ---------  --------  ----------  --------------  -------------------
/opt/airflow/dags/youtube_extraction.py                           1           0  0.22s           2026-09-16T08:53:23
================================================================================
[2026-09-16T08:54:21.340+0000] {manager.py:878} INFO - 
================================================================================
DAG File Processing Stats

File Path                                PID    Runtime      # DAGs    # Errors  Last Runtime    Last Run
---------------------------------------  -----  ---------  --------  ----------  --------------  -------------------
/opt/airflow/dags/youtube_extraction.py                           1           0  0.15s           2026-09-16T08:53:53
================================================================================
[2026-09-16T08:54:51.577+0000] {manager.py:878} INFO - 
================================================================================
DAG File Processing Stats

File Path                                PID    Runtime      # DAGs    # Errors  Last Runtime    Last Run
---------------------------------------  -----  ---------  --------  ----------  --------------  -------------------
/opt/airflow/dags/youtube_extraction.py                           1           0  0.30s           2026-09-16T08:54:23
================================================================================
[2026-09-16T08:55:21.986+0000] {manager.py:878} INFO - 
================================================================================
DAG File Processing Stats

File Path                                PID    Runtime      # DAGs    # Errors  Last Runtime    Last Run
---------------------------------------  -----  ---------  --------  ----------  --------------  -------------------
/opt/airflow/dags/youtube_extraction.py                           1           0  0.15s           2026-09-16T08:54:53
================================================================================
[2026-09-16T08:55:52.298+0000] {manager.py:878} INFO - 
================================================================================
DAG File Processing Stats

File Path                                PID    Runtime      # DAGs    # Errors  Last Runtime    Last Run
---------------------------------------  -----  ---------  --------  ----------  --------------  -------------------
/opt/airflow/dags/youtube_extraction.py                           1           0  0.27s           2026-09-16T08:55:24
================================================================================
[2026-09-16T08:56:22.682+0000] {manager.py:878} INFO - 
================================================================================
DAG File Processing Stats

File Path                                PID    Runtime      # DAGs    # Errors  Last Runtime    Last Run
---------------------------------------  -----  ---------  --------  ----------  --------------  -------------------
/opt/airflow/dags/youtube_extraction.py                           1           0  0.18s           2026-09-16T08:55:54
================================================================================
[2026-09-16T08:56:52.890+0000] {manager.py:878} INFO - 
================================================================================
DAG File Processing Stats

File Path                                PID    Runtime      # DAGs    # Errors  Last Runtime    Last Run
---------------------------------------  -----  ---------  --------  ----------  --------------  -------------------
/opt/airflow/dags/youtube_extraction.py                           1           0  0.23s           2026-09-16T08:56:24
================================================================================
[2026-09-16T08:57:11.435+0000] {manager.py:737} INFO - Searching for files in /opt/airflow/dags
[2026-09-16T08:57:11.449+0000] {manager.py:740} INFO - There are 1 files in /opt/airflow/dags
[2026-09-16T08:57:23.269+0000] {manager.py:878} INFO - 
================================================================================
DAG File Processing Stats

File Path                                PID    Runtime      # DAGs    # Errors  Last Runtime    Last Run
---------------------------------------  -----  ---------  --------  ----------  --------------  -------------------
/opt/airflow/dags/youtube_extraction.py                           1           0  0.25s           2026-09-16T08:56:55
================================================================================
[2026-09-16T08:57:53.695+0000] {manager.py:878} INFO - 
================================================================================
DAG File Processing Stats

File Path                                PID    Runtime      # DAGs    # Errors  Last Runtime    Last Run
---------------------------------------  -----  ---------  --------  ----------  --------------  -------------------
/opt/airflow/dags/youtube_extraction.py                           1           0  0.18s           2026-09-16T08:57:25
================================================================================
[2026-09-16T08:58:24.029+0000] {manager.py:878} INFO - 
================================================================================
DAG File Processing Stats

File Path                                PID    Runtime      # DAGs    # Errors  Last Runtime    Last Run
---------------------------------------  -----  ---------  --------  ----------  --------------  -------------------
/opt/airflow/dags/youtube_extraction.py                           1           0  0.16s           2026-09-16T08:57:56
================================================================================
[2026-09-16T08:58:54.315+0000] {manager.py:878} INFO - 
================================================================================
DAG File Processing Stats

File Path                                PID    Runtime      # DAGs    # Errors  Last Runtime    Last Run
---------------------------------------  -----  ---------  --------  ----------  --------------  -------------------
/opt/airflow/dags/youtube_extraction.py                           1           0  0.16s           2026-09-16T08:58:26
================================================================================
[2026-09-16T08:59:24.505+0000] {manager.py:878} INFO - 
================================================================================
DAG File Processing Stats

File Path                                PID    Runtime      # DAGs    # Errors  Last Runtime    Last Run
---------------------------------------  -----  ---------  --------  ----------  --------------  -------------------
/opt/airflow/dags/youtube_extraction.py                           1           0  0.16s           2026-09-16T08:58:56
================================================================================
[2026-09-16T08:59:54.776+0000] {manager.py:878} INFO - 
================================================================================
DAG File Processing Stats

File Path                                PID    Runtime      # DAGs    # Errors  Last Runtime    Last Run
---------------------------------------  -----  ---------  --------  ----------  --------------  -------------------
/opt/airflow/dags/youtube_extraction.py                           1           0  0.16s           2026-09-16T08:59:26
================================================================================
[2026-09-16T09:00:24.977+0000] {manager.py:878} INFO - 
================================================================================
DAG File Processing Stats

File Path                                PID    Runtime      # DAGs    # Errors  Last Runtime    Last Run
---------------------------------------  -----  ---------  --------  ----------  --------------  -------------------
/opt/airflow/dags/youtube_extraction.py                           1           0  0.15s           2026-09-16T08:59:56
================================================================================
[2026-09-16T09:00:55.245+0000] {manager.py:878} INFO - 
================================================================================
DAG File Processing Stats

File Path                                PID    Runtime      # DAGs    # Errors  Last Runtime    Last Run
---------------------------------------  -----  ---------  --------  ----------  --------------  -------------------
/opt/airflow/dags/youtube_extraction.py                           1           0  0.15s           2026-09-16T09:00:27
================================================================================
[2026-09-16T09:01:25.444+0000] {manager.py:878} INFO - 
================================================================================
DAG File Processing Stats

File Path                                PID    Runtime      # DAGs    # Errors  Last Runtime    Last Run
---------------------------------------  -----  ---------  --------  ----------  --------------  -------------------
/opt/airflow/dags/youtube_extraction.py                           1           0  0.17s           2026-09-16T09:00:57
================================================================================
[2026-09-16T09:01:55.731+0000] {manager.py:878} INFO - 
================================================================================
DAG File Processing Stats

File Path                                PID    Runtime      # DAGs    # Errors  Last Runtime    Last Run
---------------------------------------  -----  ---------  --------  ----------  --------------  -------------------
/opt/airflow/dags/youtube_extraction.py                           1           0  0.14s           2026-09-16T09:01:27
================================================================================
[2026-09-16T09:02:11.853+0000] {manager.py:737} INFO - Searching for files in /opt/airflow/dags
[2026-09-16T09:02:11.869+0000] {manager.py:740} INFO - There are 1 files in /opt/airflow/dags
[2026-09-16T09:02:25.969+0000] {manager.py:878} INFO - 
================================================================================
DAG File Processing Stats

File Path                                PID    Runtime      # DAGs    # Errors  Last Runtime    Last Run
---------------------------------------  -----  ---------  --------  ----------  --------------  -------------------
/opt/airflow/dags/youtube_extraction.py                           1           0  0.16s           2026-09-16T09:01:57
================================================================================
[2026-09-16T09:02:56.227+0000] {manager.py:878} INFO - 
================================================================================
DAG File Processing Stats

File Path                                PID    Runtime      # DAGs    # Errors  Last Runtime    Last Run
---------------------------------------  -----  ---------  --------  ----------  --------------  -------------------
/opt/airflow/dags/youtube_extraction.py                           1           0  0.16s           2026-09-16T09:02:28
================================================================================
[2026-09-16T09:03:26.467+0000] {manager.py:878} INFO - 
================================================================================
DAG File Processing Stats

File Path                                PID    Runtime      # DAGs    # Errors  Last Runtime    Last Run
---------------------------------------  -----  ---------  --------  ----------  --------------  -------------------
/opt/airflow/dags/youtube_extraction.py                           1           0  0.19s           2026-09-16T09:02:58
================================================================================
[2026-09-16T09:03:56.737+0000] {manager.py:878} INFO - 
================================================================================
DAG File Processing Stats

File Path                                PID    Runtime      # DAGs    # Errors  Last Runtime    Last Run
---------------------------------------  -----  ---------  --------  ----------  --------------  -------------------
/opt/airflow/dags/youtube_extraction.py                           1           0  0.19s           2026-09-16T09:03:28
================================================================================
[2026-09-16T09:04:26.973+0000] {manager.py:878} INFO - 
================================================================================
DAG File Processing Stats

File Path                                PID    Runtime      # DAGs    # Errors  Last Runtime    Last Run
---------------------------------------  -----  ---------  --------  ----------  --------------  -------------------
/opt/airflow/dags/youtube_extraction.py                           1           0  0.18s           2026-09-16T09:03:58
================================================================================
[2026-09-16T09:04:57.235+0000] {manager.py:878} INFO - 
================================================================================
DAG File Processing Stats

File Path                                PID    Runtime      # DAGs    # Errors  Last Runtime    Last Run
---------------------------------------  -----  ---------  --------  ----------  --------------  -------------------
/opt/airflow/dags/youtube_extraction.py                           1           0  0.29s           2026-09-16T09:04:29
================================================================================
[2026-09-16T09:05:27.590+0000] {manager.py:878} INFO - 
================================================================================
DAG File Processing Stats

File Path                                PID    Runtime      # DAGs    # Errors  Last Runtime    Last Run
---------------------------------------  -----  ---------  --------  ----------  --------------  -------------------
/opt/airflow/dags/youtube_extraction.py                           1           0  0.18s           2026-09-16T09:04:59
================================================================================
[2026-09-16T09:05:57.923+0000] {manager.py:878} INFO - 
================================================================================
DAG File Processing Stats

File Path                                PID    Runtime      # DAGs    # Errors  Last Runtime    Last Run
---------------------------------------  -----  ---------  --------  ----------  --------------  -------------------
/opt/airflow/dags/youtube_extraction.py                           1           0  0.15s           2026-09-16T09:05:29
================================================================================
[2026-09-16T09:06:28.222+0000] {manager.py:878} INFO - 
================================================================================
DAG File Processing Stats

File Path                                PID    Runtime      # DAGs    # Errors  Last Runtime    Last Run
---------------------------------------  -----  ---------  --------  ----------  --------------  -------------------
/opt/airflow/dags/youtube_extraction.py                           1           0  0.17s           2026-09-16T09:06:00
================================================================================
[2026-09-16T09:06:58.424+0000] {manager.py:878} INFO - 
================================================================================
DAG File Processing Stats

File Path                                PID    Runtime      # DAGs    # Errors  Last Runtime    Last Run
---------------------------------------  -----  ---------  --------  ----------  --------------  -------------------
/opt/airflow/dags/youtube_extraction.py                           1           0  0.16s           2026-09-16T09:06:30
================================================================================
[2026-09-16T09:07:12.608+0000] {manager.py:737} INFO - Searching for files in /opt/airflow/dags
[2026-09-16T09:07:12.631+0000] {manager.py:740} INFO - There are 1 files in /opt/airflow/dags
[2026-09-16T09:07:28.742+0000] {manager.py:878} INFO - 
================================================================================
DAG File Processing Stats

File Path                                PID    Runtime      # DAGs    # Errors  Last Runtime    Last Run
---------------------------------------  -----  ---------  --------  ----------  --------------  -------------------
/opt/airflow/dags/youtube_extraction.py                           1           0  0.18s           2026-09-16T09:07:00
================================================================================
[2026-09-16T09:07:58.941+0000] {manager.py:878} INFO - 
================================================================================
DAG File Processing Stats

File Path                                PID    Runtime      # DAGs    # Errors  Last Runtime    Last Run
---------------------------------------  -----  ---------  --------  ----------  --------------  -------------------
/opt/airflow/dags/youtube_extraction.py                           1           0  0.18s           2026-09-16T09:07:30
================================================================================
[2026-09-16T09:08:29.261+0000] {manager.py:878} INFO - 
================================================================================
DAG File Processing Stats

File Path                                PID    Runtime      # DAGs    # Errors  Last Runtime    Last Run
---------------------------------------  -----  ---------  --------  ----------  --------------  -------------------
/opt/airflow/dags/youtube_extraction.py                           1           0  0.23s           2026-09-16T09:08:01
================================================================================
[2026-09-16T09:08:59.499+0000] {manager.py:878} INFO - 
================================================================================
DAG File Processing Stats

File Path                                PID    Runtime      # DAGs    # Errors  Last Runtime    Last Run
---------------------------------------  -----  ---------  --------  ----------  --------------  -------------------
/opt/airflow/dags/youtube_extraction.py                           1           0  0.18s           2026-09-16T09:08:31
================================================================================
[2026-09-16T09:09:29.779+0000] {manager.py:878} INFO - 
================================================================================
DAG File Processing Stats

File Path                                PID    Runtime      # DAGs    # Errors  Last Runtime    Last Run
---------------------------------------  -----  ---------  --------  ----------  --------------  -------------------
/opt/airflow/dags/youtube_extraction.py                           1           0  0.16s           2026-09-16T09:09:01
================================================================================
[2026-09-16T09:09:59.982+0000] {manager.py:878} INFO - 
================================================================================
DAG File Processing Stats

File Path                                PID    Runtime      # DAGs    # Errors  Last Runtime    Last Run
---------------------------------------  -----  ---------  --------  ----------  --------------  -------------------
/opt/airflow/dags/youtube_extraction.py                           1           0  0.18s           2026-09-16T09:09:31
================================================================================
[2026-09-16T09:10:30.289+0000] {manager.py:878} INFO - 
================================================================================
DAG File Processing Stats

File Path                                PID    Runtime      # DAGs    # Errors  Last Runtime    Last Run
---------------------------------------  -----  ---------  --------  ----------  --------------  -------------------
/opt/airflow/dags/youtube_extraction.py                           1           0  0.16s           2026-09-16T09:10:02
================================================================================
[2026-09-16T09:11:00.469+0000] {manager.py:878} INFO - 
================================================================================
DAG File Processing Stats

File Path                                PID    Runtime      # DAGs    # Errors  Last Runtime    Last Run
---------------------------------------  -----  ---------  --------  ----------  --------------  -------------------
/opt/airflow/dags/youtube_extraction.py                           1           0  0.14s           2026-09-16T09:10:32
================================================================================
[2026-09-16T09:11:30.762+0000] {manager.py:878} INFO - 
================================================================================
DAG File Processing Stats

File Path                                PID    Runtime      # DAGs    # Errors  Last Runtime    Last Run
---------------------------------------  -----  ---------  --------  ----------  --------------  -------------------
/opt/airflow/dags/youtube_extraction.py                           1           0  0.15s           2026-09-16T09:11:02
================================================================================
[2026-09-16T09:12:00.949+0000] {manager.py:878} INFO - 
================================================================================
DAG File Processing Stats

File Path                                PID    Runtime      # DAGs    # Errors  Last Runtime    Last Run
---------------------------------------  -----  ---------  --------  ----------  --------------  -------------------
/opt/airflow/dags/youtube_extraction.py                           1           0  0.15s           2026-09-16T09:11:32
================================================================================
[2026-09-16T09:12:13.143+0000] {manager.py:737} INFO - Searching for files in /opt/airflow/dags
[2026-09-16T09:12:13.156+0000] {manager.py:740} INFO - There are 1 files in /opt/airflow/dags
[2026-09-16T09:12:31.275+0000] {manager.py:878} INFO - 
================================================================================
DAG File Processing Stats

File Path                                PID    Runtime      # DAGs    # Errors  Last Runtime    Last Run
---------------------------------------  -----  ---------  --------  ----------  --------------  -------------------
/opt/airflow/dags/youtube_extraction.py                           1           0  0.16s           2026-09-16T09:12:03
================================================================================
[2026-09-16T09:13:01.460+0000] {manager.py:878} INFO - 
================================================================================
DAG File Processing Stats

File Path                                PID    Runtime      # DAGs    # Errors  Last Runtime    Last Run
---------------------------------------  -----  ---------  --------  ----------  --------------  -------------------
/opt/airflow/dags/youtube_extraction.py                           1           0  0.16s           2026-09-16T09:12:33
================================================================================
[2026-09-16T09:13:31.764+0000] {manager.py:878} INFO - 
================================================================================
DAG File Processing Stats

File Path                                PID    Runtime      # DAGs    # Errors  Last Runtime    Last Run
---------------------------------------  -----  ---------  --------  ----------  --------------  -------------------
/opt/airflow/dags/youtube_extraction.py                           1           0  0.16s           2026-09-16T09:13:03
================================================================================
[2026-09-16T09:14:01.944+0000] {manager.py:878} INFO - 
================================================================================
DAG File Processing Stats

File Path                                PID    Runtime      # DAGs    # Errors  Last Runtime    Last Run
---------------------------------------  -----  ---------  --------  ----------  --------------  -------------------
/opt/airflow/dags/youtube_extraction.py                           1           0  0.16s           2026-09-16T09:13:33
================================================================================
[2026-09-16T09:14:32.240+0000] {manager.py:878} INFO - 
================================================================================
DAG File Processing Stats

File Path                                PID    Runtime      # DAGs    # Errors  Last Runtime    Last Run
---------------------------------------  -----  ---------  --------  ----------  --------------  -------------------
/opt/airflow/dags/youtube_extraction.py                           1           0  0.15s           2026-09-16T09:14:04
================================================================================
[2026-09-16T09:15:02.420+0000] {manager.py:878} INFO - 
================================================================================
DAG File Processing Stats

File Path                                PID    Runtime      # DAGs    # Errors  Last Runtime    Last Run
---------------------------------------  -----  ---------  --------  ----------  --------------  -------------------
/opt/airflow/dags/youtube_extraction.py                           1           0  0.14s           2026-09-16T09:14:34
================================================================================
[2026-09-16T09:15:32.701+0000] {manager.py:878} INFO - 
================================================================================
DAG File Processing Stats

File Path                                PID    Runtime      # DAGs    # Errors  Last Runtime    Last Run
---------------------------------------  -----  ---------  --------  ----------  --------------  -------------------
/opt/airflow/dags/youtube_extraction.py                           1           0  0.17s           2026-09-16T09:15:04
================================================================================
[2026-09-16T09:16:02.912+0000] {manager.py:878} INFO - 
================================================================================
DAG File Processing Stats

File Path                                PID    Runtime      # DAGs    # Errors  Last Runtime    Last Run
---------------------------------------  -----  ---------  --------  ----------  --------------  -------------------
/opt/airflow/dags/youtube_extraction.py                           1           0  0.16s           2026-09-16T09:15:34
================================================================================
[2026-09-16T09:16:33.170+0000] {manager.py:878} INFO - 
================================================================================
DAG File Processing Stats

File Path                                PID    Runtime      # DAGs    # Errors  Last Runtime    Last Run
---------------------------------------  -----  ---------  --------  ----------  --------------  -------------------
/opt/airflow/dags/youtube_extraction.py                           1           0  0.15s           2026-09-16T09:16:05
================================================================================
[2026-09-16T09:17:03.370+0000] {manager.py:878} INFO - 
================================================================================
DAG File Processing Stats

File Path                                PID    Runtime      # DAGs    # Errors  Last Runtime    Last Run
---------------------------------------  -----  ---------  --------  ----------  --------------  -------------------
/opt/airflow/dags/youtube_extraction.py                           1           0  0.16s           2026-09-16T09:16:35
================================================================================
[2026-09-16T09:17:13.525+0000] {manager.py:737} INFO - Searching for files in /opt/airflow/dags
[2026-09-16T09:17:13.537+0000] {manager.py:740} INFO - There are 1 files in /opt/airflow/dags
[2026-09-16T09:17:33.659+0000] {manager.py:878} INFO - 
================================================================================
DAG File Processing Stats

File Path                                PID    Runtime      # DAGs    # Errors  Last Runtime    Last Run
---------------------------------------  -----  ---------  --------  ----------  --------------  -------------------
/opt/airflow/dags/youtube_extraction.py                           1           0  0.15s           2026-09-16T09:17:05
================================================================================
[2026-09-16T09:18:03.855+0000] {manager.py:878} INFO - 
================================================================================
DAG File Processing Stats

File Path                                PID    Runtime      # DAGs    # Errors  Last Runtime    Last Run
---------------------------------------  -----  ---------  --------  ----------  --------------  -------------------
/opt/airflow/dags/youtube_extraction.py                           1           0  0.15s           2026-09-16T09:17:35
================================================================================
[2026-09-16T09:18:34.154+0000] {manager.py:878} INFO - 
================================================================================
DAG File Processing Stats

File Path                                PID    Runtime      # DAGs    # Errors  Last Runtime    Last Run
---------------------------------------  -----  ---------  --------  ----------  --------------  -------------------
/opt/airflow/dags/youtube_extraction.py                           1           0  0.18s           2026-09-16T09:18:06
================================================================================
[2026-09-16T09:19:04.379+0000] {manager.py:878} INFO - 
================================================================================
DAG File Processing Stats

File Path                                PID    Runtime      # DAGs    # Errors  Last Runtime    Last Run
---------------------------------------  -----  ---------  --------  ----------  --------------  -------------------
/opt/airflow/dags/youtube_extraction.py                           1           0  0.21s           2026-09-16T09:18:36
================================================================================
[2026-09-16T09:19:34.698+0000] {manager.py:878} INFO - 
================================================================================
DAG File Processing Stats

File Path                                PID    Runtime      # DAGs    # Errors  Last Runtime    Last Run
---------------------------------------  -----  ---------  --------  ----------  --------------  -------------------
/opt/airflow/dags/youtube_extraction.py                           1           0  0.18s           2026-09-16T09:19:06
================================================================================
[2026-09-16T09:20:04.877+0000] {manager.py:878} INFO - 
================================================================================
DAG File Processing Stats

File Path                                PID    Runtime      # DAGs    # Errors  Last Runtime    Last Run
---------------------------------------  -----  ---------  --------  ----------  --------------  -------------------
/opt/airflow/dags/youtube_extraction.py                           1           0  0.14s           2026-09-16T09:19:36
================================================================================
[2026-09-16T09:20:35.169+0000] {manager.py:878} INFO - 
================================================================================
DAG File Processing Stats

File Path                                PID    Runtime      # DAGs    # Errors  Last Runtime    Last Run
---------------------------------------  -----  ---------  --------  ----------  --------------  -------------------
/opt/airflow/dags/youtube_extraction.py                           1           0  0.15s           2026-09-16T09:20:07
================================================================================
[2026-09-16T09:21:05.366+0000] {manager.py:878} INFO - 
================================================================================
DAG File Processing Stats

File Path                                PID    Runtime      # DAGs    # Errors  Last Runtime    Last Run
---------------------------------------  -----  ---------  --------  ----------  --------------  -------------------
/opt/airflow/dags/youtube_extraction.py                           1           0  0.15s           2026-09-16T09:20:37
================================================================================
[2026-09-16T09:21:35.679+0000] {manager.py:878} INFO - 
================================================================================
DAG File Processing Stats

File Path                                PID    Runtime      # DAGs    # Errors  Last Runtime    Last Run
---------------------------------------  -----  ---------  --------  ----------  --------------  -------------------
/opt/airflow/dags/youtube_extraction.py                           1           0  0.20s           2026-09-16T09:21:07
================================================================================
[2026-09-16T09:22:05.918+0000] {manager.py:878} INFO - 
================================================================================
DAG File Processing Stats

File Path                                PID    Runtime      # DAGs    # Errors  Last Runtime    Last Run
---------------------------------------  -----  ---------  --------  ----------  --------------  -------------------
/opt/airflow/dags/youtube_extraction.py                           1           0  0.21s           2026-09-16T09:21:37
================================================================================
[2026-09-16T09:22:14.115+0000] {manager.py:737} INFO - Searching for files in /opt/airflow/dags
[2026-09-16T09:22:14.129+0000] {manager.py:740} INFO - There are 1 files in /opt/airflow/dags
[2026-09-16T09:22:36.289+0000] {manager.py:878} INFO - 
================================================================================
DAG File Processing Stats

File Path                                PID    Runtime      # DAGs    # Errors  Last Runtime    Last Run
---------------------------------------  -----  ---------  --------  ----------  --------------  -------------------
/opt/airflow/dags/youtube_extraction.py                           1           0  0.18s           2026-09-16T09:22:08
================================================================================
[2026-09-16T09:23:06.481+0000] {manager.py:878} INFO - 
================================================================================
DAG File Processing Stats

File Path                                PID    Runtime      # DAGs    # Errors  Last Runtime    Last Run
---------------------------------------  -----  ---------  --------  ----------  --------------  -------------------
/opt/airflow/dags/youtube_extraction.py                           1           0  0.18s           2026-09-16T09:22:38
================================================================================
[2026-09-16T09:23:36.804+0000] {manager.py:878} INFO - 
================================================================================
DAG File Processing Stats

File Path                                PID    Runtime      # DAGs    # Errors  Last Runtime    Last Run
---------------------------------------  -----  ---------  --------  ----------  --------------  -------------------
/opt/airflow/dags/youtube_extraction.py                           1           0  0.17s           2026-09-16T09:23:08
================================================================================
[2026-09-16T09:24:06.993+0000] {manager.py:878} INFO - 
================================================================================
DAG File Processing Stats

File Path                                PID    Runtime      # DAGs    # Errors  Last Runtime    Last Run
---------------------------------------  -----  ---------  --------  ----------  --------------  -------------------
/opt/airflow/dags/youtube_extraction.py                           1           0  0.14s           2026-09-16T09:23:38
================================================================================
[2026-09-16T09:24:37.273+0000] {manager.py:878} INFO - 
================================================================================
DAG File Processing Stats

File Path                                PID    Runtime      # DAGs    # Errors  Last Runtime    Last Run
---------------------------------------  -----  ---------  --------  ----------  --------------  -------------------
/opt/airflow/dags/youtube_extraction.py                           1           0  0.22s           2026-09-16T09:24:09
================================================================================
[2026-09-16T09:25:07.542+0000] {manager.py:878} INFO - 
================================================================================
DAG File Processing Stats

File Path                                PID    Runtime      # DAGs    # Errors  Last Runtime    Last Run
---------------------------------------  -----  ---------  --------  ----------  --------------  -------------------
/opt/airflow/dags/youtube_extraction.py                           1           0  0.15s           2026-09-16T09:24:39
================================================================================
[2026-09-16T09:25:37.753+0000] {manager.py:878} INFO - 
================================================================================
DAG File Processing Stats

File Path                                PID    Runtime      # DAGs    # Errors  Last Runtime    Last Run
---------------------------------------  -----  ---------  --------  ----------  --------------  -------------------
/opt/airflow/dags/youtube_extraction.py                           1           0  0.18s           2026-09-16T09:25:09
================================================================================
[2026-09-16T09:26:08.042+0000] {manager.py:878} INFO - 
================================================================================
DAG File Processing Stats

File Path                                PID    Runtime      # DAGs    # Errors  Last Runtime    Last Run
---------------------------------------  -----  ---------  --------  ----------  --------------  -------------------
/opt/airflow/dags/youtube_extraction.py                           1           0  0.14s           2026-09-16T09:25:39
================================================================================
[2026-09-16T09:26:38.238+0000] {manager.py:878} INFO - 
================================================================================
DAG File Processing Stats

File Path                                PID    Runtime      # DAGs    # Errors  Last Runtime    Last Run
---------------------------------------  -----  ---------  --------  ----------  --------------  -------------------
/opt/airflow/dags/youtube_extraction.py                           1           0  0.15s           2026-09-16T09:26:10
================================================================================
[2026-09-16T09:27:08.519+0000] {manager.py:878} INFO - 
================================================================================
DAG File Processing Stats

File Path                                PID    Runtime      # DAGs    # Errors  Last Runtime    Last Run
---------------------------------------  -----  ---------  --------  ----------  --------------  -------------------
/opt/airflow/dags/youtube_extraction.py                           1           0  0.14s           2026-09-16T09:26:40
================================================================================
[2026-09-16T09:27:14.570+0000] {manager.py:737} INFO - Searching for files in /opt/airflow/dags
[2026-09-16T09:27:14.582+0000] {manager.py:740} INFO - There are 1 files in /opt/airflow/dags
[2026-09-16T09:27:38.726+0000] {manager.py:878} INFO - 
================================================================================
DAG File Processing Stats

File Path                                PID    Runtime      # DAGs    # Errors  Last Runtime    Last Run
---------------------------------------  -----  ---------  --------  ----------  --------------  -------------------
/opt/airflow/dags/youtube_extraction.py                           1           0  0.14s           2026-09-16T09:27:10
================================================================================
[2026-09-16T09:28:08.966+0000] {manager.py:878} INFO - 
================================================================================
DAG File Processing Stats

File Path                                PID    Runtime      # DAGs    # Errors  Last Runtime    Last Run
---------------------------------------  -----  ---------  --------  ----------  --------------  -------------------
/opt/airflow/dags/youtube_extraction.py                           1           0  0.14s           2026-09-16T09:27:40
================================================================================
[2026-09-16T09:28:39.175+0000] {manager.py:878} INFO - 
================================================================================
DAG File Processing Stats

File Path                                PID    Runtime      # DAGs    # Errors  Last Runtime    Last Run
---------------------------------------  -----  ---------  --------  ----------  --------------  -------------------
/opt/airflow/dags/youtube_extraction.py                           1           0  0.15s           2026-09-16T09:28:11
================================================================================
[2026-09-16T09:29:09.427+0000] {manager.py:878} INFO - 
================================================================================
DAG File Processing Stats

File Path                                PID    Runtime      # DAGs    # Errors  Last Runtime    Last Run
---------------------------------------  -----  ---------  --------  ----------  --------------  -------------------
/opt/airflow/dags/youtube_extraction.py                           1           0  0.17s           2026-09-16T09:28:41
================================================================================
[2026-09-16T09:29:39.652+0000] {manager.py:878} INFO - 
================================================================================
DAG File Processing Stats

File Path                                PID    Runtime      # DAGs    # Errors  Last Runtime    Last Run
---------------------------------------  -----  ---------  --------  ----------  --------------  -------------------
/opt/airflow/dags/youtube_extraction.py                           1           0  0.15s           2026-09-16T09:29:11
================================================================================
[2026-09-16T09:30:09.877+0000] {manager.py:878} INFO - 
================================================================================
DAG File Processing Stats

File Path                                PID    Runtime      # DAGs    # Errors  Last Runtime    Last Run
---------------------------------------  -----  ---------  --------  ----------  --------------  -------------------
/opt/airflow/dags/youtube_extraction.py                           1           0  0.14s           2026-09-16T09:29:41
================================================================================
[2026-09-16T09:30:40.102+0000] {manager.py:878} INFO - 
================================================================================
DAG File Processing Stats

File Path                                PID    Runtime      # DAGs    # Errors  Last Runtime    Last Run
---------------------------------------  -----  ---------  --------  ----------  --------------  -------------------
/opt/airflow/dags/youtube_extraction.py                           1           0  0.15s           2026-09-16T09:30:12
================================================================================
[2026-09-16T09:31:10.331+0000] {manager.py:878} INFO - 
================================================================================
DAG File Processing Stats

File Path                                PID    Runtime      # DAGs    # Errors  Last Runtime    Last Run
---------------------------------------  -----  ---------  --------  ----------  --------------  -------------------
/opt/airflow/dags/youtube_extraction.py                           1           0  0.14s           2026-09-16T09:30:42
================================================================================
[2026-09-16T09:31:40.558+0000] {manager.py:878} INFO - 
================================================================================
DAG File Processing Stats

File Path                                PID    Runtime      # DAGs    # Errors  Last Runtime    Last Run
---------------------------------------  -----  ---------  --------  ----------  --------------  -------------------
/opt/airflow/dags/youtube_extraction.py                           1           0  0.15s           2026-09-16T09:31:12
================================================================================
[2026-09-16T09:32:10.782+0000] {manager.py:878} INFO - 
================================================================================
DAG File Processing Stats

File Path                                PID    Runtime      # DAGs    # Errors  Last Runtime    Last Run
---------------------------------------  -----  ---------  --------  ----------  --------------  -------------------
/opt/airflow/dags/youtube_extraction.py                           1           0  0.14s           2026-09-16T09:31:42
================================================================================
[2026-09-16T09:32:14.870+0000] {manager.py:737} INFO - Searching for files in /opt/airflow/dags
[2026-09-16T09:32:14.883+0000] {manager.py:740} INFO - There are 1 files in /opt/airflow/dags
[2026-09-16T09:32:41.035+0000] {manager.py:878} INFO - 
================================================================================
DAG File Processing Stats

File Path                                PID    Runtime      # DAGs    # Errors  Last Runtime    Last Run
---------------------------------------  -----  ---------  --------  ----------  --------------  -------------------
/opt/airflow/dags/youtube_extraction.py                           1           0  0.15s           2026-09-16T09:32:12
================================================================================
[2026-09-16T09:33:11.234+0000] {manager.py:878} INFO - 
================================================================================
DAG File Processing Stats

File Path                                PID    Runtime      # DAGs    # Errors  Last Runtime    Last Run
---------------------------------------  -----  ---------  --------  ----------  --------------  -------------------
/opt/airflow/dags/youtube_extraction.py                           1           0  0.17s           2026-09-16T09:32:43
================================================================================
[2026-09-16T09:33:41.506+0000] {manager.py:878} INFO - 
================================================================================
DAG File Processing Stats

File Path                                PID    Runtime      # DAGs    # Errors  Last Runtime    Last Run
---------------------------------------  -----  ---------  --------  ----------  --------------  -------------------
/opt/airflow/dags/youtube_extraction.py                           1           0  0.16s           2026-09-16T09:33:13
================================================================================
[2026-09-16T09:34:11.699+0000] {manager.py:878} INFO - 
================================================================================
DAG File Processing Stats

File Path                                PID    Runtime      # DAGs    # Errors  Last Runtime    Last Run
---------------------------------------  -----  ---------  --------  ----------  --------------  -------------------
/opt/airflow/dags/youtube_extraction.py                           1           0  0.14s           2026-09-16T09:33:43
================================================================================
[2026-09-16T09:34:41.953+0000] {manager.py:878} INFO - 
================================================================================
DAG File Processing Stats

File Path                                PID    Runtime      # DAGs    # Errors  Last Runtime    Last Run
---------------------------------------  -----  ---------  --------  ----------  --------------  -------------------
/opt/airflow/dags/youtube_extraction.py                           1           0  0.15s           2026-09-16T09:34:13
================================================================================
[2026-09-16T09:35:12.161+0000] {manager.py:878} INFO - 
================================================================================
DAG File Processing Stats

File Path                                PID    Runtime      # DAGs    # Errors  Last Runtime    Last Run
---------------------------------------  -----  ---------  --------  ----------  --------------  -------------------
/opt/airflow/dags/youtube_extraction.py                           1           0  0.14s           2026-09-16T09:34:44
================================================================================
[2026-09-16T09:35:42.406+0000] {manager.py:878} INFO - 
================================================================================
DAG File Processing Stats

File Path                                PID    Runtime      # DAGs    # Errors  Last Runtime    Last Run
---------------------------------------  -----  ---------  --------  ----------  --------------  -------------------
/opt/airflow/dags/youtube_extraction.py                           1           0  0.15s           2026-09-16T09:35:14
================================================================================
[2026-09-16T09:36:12.615+0000] {manager.py:878} INFO - 
================================================================================
DAG File Processing Stats

File Path                                PID    Runtime      # DAGs    # Errors  Last Runtime    Last Run
---------------------------------------  -----  ---------  --------  ----------  --------------  -------------------
/opt/airflow/dags/youtube_extraction.py                           1           0  0.15s           2026-09-16T09:35:44
================================================================================
[2026-09-16T09:36:42.865+0000] {manager.py:878} INFO - 
================================================================================
DAG File Processing Stats

File Path                                PID    Runtime      # DAGs    # Errors  Last Runtime    Last Run
---------------------------------------  -----  ---------  --------  ----------  --------------  -------------------
/opt/airflow/dags/youtube_extraction.py                           1           0  0.15s           2026-09-16T09:36:14
================================================================================
[2026-09-16T09:37:13.068+0000] {manager.py:878} INFO - 
================================================================================
DAG File Processing Stats

File Path                                PID    Runtime      # DAGs    # Errors  Last Runtime    Last Run
---------------------------------------  -----  ---------  --------  ----------  --------------  -------------------
/opt/airflow/dags/youtube_extraction.py                           1           0  0.16s           2026-09-16T09:36:45
================================================================================
[2026-09-16T09:37:15.083+0000] {manager.py:737} INFO - Searching for files in /opt/airflow/dags
[2026-09-16T09:37:15.098+0000] {manager.py:740} INFO - There are 1 files in /opt/airflow/dags
[2026-09-16T09:37:43.336+0000] {manager.py:878} INFO - 
================================================================================
DAG File Processing Stats

File Path                                PID    Runtime      # DAGs    # Errors  Last Runtime    Last Run
---------------------------------------  -----  ---------  --------  ----------  --------------  -------------------
/opt/airflow/dags/youtube_extraction.py                           1           0  0.15s           2026-09-16T09:37:15
================================================================================
[2026-09-16T09:38:13.555+0000] {manager.py:878} INFO - 
================================================================================
DAG File Processing Stats

File Path                                PID    Runtime      # DAGs    # Errors  Last Runtime    Last Run
---------------------------------------  -----  ---------  --------  ----------  --------------  -------------------
/opt/airflow/dags/youtube_extraction.py                           1           0  0.14s           2026-09-16T09:37:45
================================================================================
[2026-09-16T09:38:43.804+0000] {manager.py:878} INFO - 
================================================================================
DAG File Processing Stats

File Path                                PID    Runtime      # DAGs    # Errors  Last Runtime    Last Run
---------------------------------------  -----  ---------  --------  ----------  --------------  -------------------
/opt/airflow/dags/youtube_extraction.py                           1           0  0.17s           2026-09-16T09:38:15
================================================================================
[2026-09-16T09:39:14.038+0000] {manager.py:878} INFO - 
================================================================================
DAG File Processing Stats

File Path                                PID    Runtime      # DAGs    # Errors  Last Runtime    Last Run
---------------------------------------  -----  ---------  --------  ----------  --------------  -------------------
/opt/airflow/dags/youtube_extraction.py                           1           0  0.15s           2026-09-16T09:38:45
================================================================================
[2026-09-16T09:39:44.254+0000] {manager.py:878} INFO - 
================================================================================
DAG File Processing Stats

File Path                                PID    Runtime      # DAGs    # Errors  Last Runtime    Last Run
---------------------------------------  -----  ---------  --------  ----------  --------------  -------------------
/opt/airflow/dags/youtube_extraction.py                           1           0  0.15s           2026-09-16T09:39:16
================================================================================
[2026-09-16T09:40:14.490+0000] {manager.py:878} INFO - 
================================================================================
DAG File Processing Stats

File Path                                PID    Runtime      # DAGs    # Errors  Last Runtime    Last Run
---------------------------------------  -----  ---------  --------  ----------  --------------  -------------------
/opt/airflow/dags/youtube_extraction.py                           1           0  0.14s           2026-09-16T09:39:46
================================================================================
[2026-09-16T09:40:44.714+0000] {manager.py:878} INFO - 
================================================================================
DAG File Processing Stats

File Path                                PID    Runtime      # DAGs    # Errors  Last Runtime    Last Run
---------------------------------------  -----  ---------  --------  ----------  --------------  -------------------
/opt/airflow/dags/youtube_extraction.py                           1           0  0.14s           2026-09-16T09:40:16
================================================================================
[2026-09-16T09:41:14.938+0000] {manager.py:878} INFO - 
================================================================================
DAG File Processing Stats

File Path                                PID    Runtime      # DAGs    # Errors  Last Runtime    Last Run
---------------------------------------  -----  ---------  --------  ----------  --------------  -------------------
/opt/airflow/dags/youtube_extraction.py                           1           0  0.14s           2026-09-16T09:40:46
================================================================================
[2026-09-16T09:41:45.168+0000] {manager.py:878} INFO - 
================================================================================
DAG File Processing Stats

File Path                                PID    Runtime      # DAGs    # Errors  Last Runtime    Last Run
---------------------------------------  -----  ---------  --------  ----------  --------------  -------------------
/opt/airflow/dags/youtube_extraction.py                           1           0  0.14s           2026-09-16T09:41:17
================================================================================
[2026-09-16T09:42:15.381+0000] {manager.py:737} INFO - Searching for files in /opt/airflow/dags
[2026-09-16T09:42:15.393+0000] {manager.py:740} INFO - There are 1 files in /opt/airflow/dags
[2026-09-16T09:42:15.406+0000] {manager.py:878} INFO - 
================================================================================
DAG File Processing Stats

File Path                                PID    Runtime      # DAGs    # Errors  Last Runtime    Last Run
---------------------------------------  -----  ---------  --------  ----------  --------------  -------------------
/opt/airflow/dags/youtube_extraction.py                           1           0  0.14s           2026-09-16T09:41:47
================================================================================
[2026-09-16T09:42:45.620+0000] {manager.py:878} INFO - 
================================================================================
DAG File Processing Stats

File Path                                PID    Runtime      # DAGs    # Errors  Last Runtime    Last Run
---------------------------------------  -----  ---------  --------  ----------  --------------  -------------------
/opt/airflow/dags/youtube_extraction.py                           1           0  0.15s           2026-09-16T09:42:17
================================================================================
[2026-09-16T09:43:15.864+0000] {manager.py:878} INFO - 
================================================================================
DAG File Processing Stats

File Path                                PID    Runtime      # DAGs    # Errors  Last Runtime    Last Run
---------------------------------------  -----  ---------  --------  ----------  --------------  -------------------
/opt/airflow/dags/youtube_extraction.py                           1           0  0.15s           2026-09-16T09:42:47
================================================================================
[2026-09-16T09:43:46.081+0000] {manager.py:878} INFO - 
================================================================================
DAG File Processing Stats

File Path                                PID    Runtime      # DAGs    # Errors  Last Runtime    Last Run
---------------------------------------  -----  ---------  --------  ----------  --------------  -------------------
/opt/airflow/dags/youtube_extraction.py                           1           0  0.15s           2026-09-16T09:43:18
================================================================================
[2026-09-16T09:44:16.314+0000] {manager.py:878} INFO - 
================================================================================
DAG File Processing Stats

File Path                                PID    Runtime      # DAGs    # Errors  Last Runtime    Last Run
---------------------------------------  -----  ---------  --------  ----------  --------------  -------------------
/opt/airflow/dags/youtube_extraction.py                           1           0  0.14s           2026-09-16T09:43:48
================================================================================
[2026-09-16T09:44:46.529+0000] {manager.py:878} INFO - 
================================================================================
DAG File Processing Stats

File Path                                PID    Runtime      # DAGs    # Errors  Last Runtime    Last Run
---------------------------------------  -----  ---------  --------  ----------  --------------  -------------------
/opt/airflow/dags/youtube_extraction.py                           1           0  0.15s           2026-09-16T09:44:18
================================================================================
[2026-09-16T09:45:16.764+0000] {manager.py:878} INFO - 
================================================================================
DAG File Processing Stats

File Path                                PID    Runtime      # DAGs    # Errors  Last Runtime    Last Run
---------------------------------------  -----  ---------  --------  ----------  --------------  -------------------
/opt/airflow/dags/youtube_extraction.py                           1           0  0.13s           2026-09-16T09:44:48
================================================================================
[2026-09-16T09:45:46.974+0000] {manager.py:878} INFO - 
================================================================================
DAG File Processing Stats

File Path                                PID    Runtime      # DAGs    # Errors  Last Runtime    Last Run
---------------------------------------  -----  ---------  --------  ----------  --------------  -------------------
/opt/airflow/dags/youtube_extraction.py                           1           0  0.14s           2026-09-16T09:45:18
================================================================================
[2026-09-16T09:46:17.211+0000] {manager.py:878} INFO - 
================================================================================
DAG File Processing Stats

File Path                                PID    Runtime      # DAGs    # Errors  Last Runtime    Last Run
---------------------------------------  -----  ---------  --------  ----------  --------------  -------------------
/opt/airflow/dags/youtube_extraction.py                           1           0  0.16s           2026-09-16T09:45:49
================================================================================
[2026-09-16T09:46:47.443+0000] {manager.py:878} INFO - 
================================================================================
DAG File Processing Stats

File Path                                PID    Runtime      # DAGs    # Errors  Last Runtime    Last Run
---------------------------------------  -----  ---------  --------  ----------  --------------  -------------------
/opt/airflow/dags/youtube_extraction.py                           1           0  0.15s           2026-09-16T09:46:19
================================================================================
[2026-09-16T09:47:15.661+0000] {manager.py:737} INFO - Searching for files in /opt/airflow/dags
[2026-09-16T09:47:15.673+0000] {manager.py:740} INFO - There are 1 files in /opt/airflow/dags
[2026-09-16T09:47:17.697+0000] {manager.py:878} INFO - 
================================================================================
DAG File Processing Stats

File Path                                PID    Runtime      # DAGs    # Errors  Last Runtime    Last Run
---------------------------------------  -----  ---------  --------  ----------  --------------  -------------------
/opt/airflow/dags/youtube_extraction.py                           1           0  0.14s           2026-09-16T09:46:49
================================================================================
[2026-09-16T09:47:47.893+0000] {manager.py:878} INFO - 
================================================================================
DAG File Processing Stats

File Path                                PID    Runtime      # DAGs    # Errors  Last Runtime    Last Run
---------------------------------------  -----  ---------  --------  ----------  --------------  -------------------
/opt/airflow/dags/youtube_extraction.py                           1           0  0.14s           2026-09-16T09:47:19
================================================================================
[2026-09-16T09:48:18.151+0000] {manager.py:878} INFO - 
================================================================================
DAG File Processing Stats

File Path                                PID    Runtime      # DAGs    # Errors  Last Runtime    Last Run
---------------------------------------  -----  ---------  --------  ----------  --------------  -------------------
/opt/airflow/dags/youtube_extraction.py                           1           0  0.14s           2026-09-16T09:47:50
================================================================================
[2026-09-16T09:48:48.361+0000] {manager.py:878} INFO - 
================================================================================
DAG File Processing Stats

File Path                                PID    Runtime      # DAGs    # Errors  Last Runtime    Last Run
---------------------------------------  -----  ---------  --------  ----------  --------------  -------------------
/opt/airflow/dags/youtube_extraction.py                           1           0  0.16s           2026-09-16T09:48:20
================================================================================
[2026-09-16T09:49:18.632+0000] {manager.py:878} INFO - 
================================================================================
DAG File Processing Stats

File Path                                PID    Runtime      # DAGs    # Errors  Last Runtime    Last Run
---------------------------------------  -----  ---------  --------  ----------  --------------  -------------------
/opt/airflow/dags/youtube_extraction.py                           1           0  0.15s           2026-09-16T09:48:50
================================================================================
[2026-09-16T09:49:48.829+0000] {manager.py:878} INFO - 
================================================================================
DAG File Processing Stats

File Path                                PID    Runtime      # DAGs    # Errors  Last Runtime    Last Run
---------------------------------------  -----  ---------  --------  ----------  --------------  -------------------
/opt/airflow/dags/youtube_extraction.py                           1           0  0.15s           2026-09-16T09:49:20
================================================================================
[2026-09-16T09:50:19.088+0000] {manager.py:878} INFO - 
================================================================================
DAG File Processing Stats

File Path                                PID    Runtime      # DAGs    # Errors  Last Runtime    Last Run
---------------------------------------  -----  ---------  --------  ----------  --------------  -------------------
/opt/airflow/dags/youtube_extraction.py                           1           0  0.14s           2026-09-16T09:49:50
================================================================================
[2026-09-16T09:50:49.278+0000] {manager.py:878} INFO - 
================================================================================
DAG File Processing Stats

File Path                                PID    Runtime      # DAGs    # Errors  Last Runtime    Last Run
---------------------------------------  -----  ---------  --------  ----------  --------------  -------------------
/opt/airflow/dags/youtube_extraction.py                           1           0  0.15s           2026-09-16T09:50:21
================================================================================
[2026-09-16T09:51:19.554+0000] {manager.py:878} INFO - 
================================================================================
DAG File Processing Stats

File Path                                PID    Runtime      # DAGs    # Errors  Last Runtime    Last Run
---------------------------------------  -----  ---------  --------  ----------  --------------  -------------------
/opt/airflow/dags/youtube_extraction.py                           1           0  0.16s           2026-09-16T09:50:51
================================================================================
[2026-09-16T09:51:49.789+0000] {manager.py:878} INFO - 
================================================================================
DAG File Processing Stats

File Path                                PID    Runtime      # DAGs    # Errors  Last Runtime    Last Run
---------------------------------------  -----  ---------  --------  ----------  --------------  -------------------
/opt/airflow/dags/youtube_extraction.py                           1           0  0.15s           2026-09-16T09:51:21
================================================================================
[2026-09-16T09:52:16.031+0000] {manager.py:737} INFO - Searching for files in /opt/airflow/dags
[2026-09-16T09:52:16.045+0000] {manager.py:740} INFO - There are 1 files in /opt/airflow/dags
[2026-09-16T09:52:20.081+0000] {manager.py:878} INFO - 
================================================================================
DAG File Processing Stats

File Path                                PID    Runtime      # DAGs    # Errors  Last Runtime    Last Run
---------------------------------------  -----  ---------  --------  ----------  --------------  -------------------
/opt/airflow/dags/youtube_extraction.py                           1           0  0.20s           2026-09-16T09:51:52
================================================================================
[2026-09-16T09:52:50.340+0000] {manager.py:878} INFO - 
================================================================================
DAG File Processing Stats

File Path                                PID    Runtime      # DAGs    # Errors  Last Runtime    Last Run
---------------------------------------  -----  ---------  --------  ----------  --------------  -------------------
/opt/airflow/dags/youtube_extraction.py                           1           0  0.15s           2026-09-16T09:52:22
================================================================================
[2026-09-16T09:53:20.552+0000] {manager.py:878} INFO - 
================================================================================
DAG File Processing Stats

File Path                                PID    Runtime      # DAGs    # Errors  Last Runtime    Last Run
---------------------------------------  -----  ---------  --------  ----------  --------------  -------------------
/opt/airflow/dags/youtube_extraction.py                           1           0  0.14s           2026-09-16T09:52:52
================================================================================
[2026-09-16T09:53:50.801+0000] {manager.py:878} INFO - 
================================================================================
DAG File Processing Stats

File Path                                PID    Runtime      # DAGs    # Errors  Last Runtime    Last Run
---------------------------------------  -----  ---------  --------  ----------  --------------  -------------------
/opt/airflow/dags/youtube_extraction.py                           1           0  0.18s           2026-09-16T09:53:22
================================================================================
[2026-09-16T09:54:21.044+0000] {manager.py:878} INFO - 
================================================================================
DAG File Processing Stats

File Path                                PID    Runtime      # DAGs    # Errors  Last Runtime    Last Run
---------------------------------------  -----  ---------  --------  ----------  --------------  -------------------
/opt/airflow/dags/youtube_extraction.py                           1           0  0.14s           2026-09-16T09:53:52
================================================================================
[2026-09-16T09:54:51.265+0000] {manager.py:878} INFO - 
================================================================================
DAG File Processing Stats

File Path                                PID    Runtime      # DAGs    # Errors  Last Runtime    Last Run
---------------------------------------  -----  ---------  --------  ----------  --------------  -------------------
/opt/airflow/dags/youtube_extraction.py                           1           0  0.15s           2026-09-16T09:54:23
================================================================================
[2026-09-16T09:55:21.534+0000] {manager.py:878} INFO - 
================================================================================
DAG File Processing Stats

File Path                                PID    Runtime      # DAGs    # Errors  Last Runtime    Last Run
---------------------------------------  -----  ---------  --------  ----------  --------------  -------------------
/opt/airflow/dags/youtube_extraction.py                           1           0  0.15s           2026-09-16T09:54:53
================================================================================
[2026-09-16T09:55:51.731+0000] {manager.py:878} INFO - 
================================================================================
DAG File Processing Stats

File Path                                PID    Runtime      # DAGs    # Errors  Last Runtime    Last Run
---------------------------------------  -----  ---------  --------  ----------  --------------  -------------------
/opt/airflow/dags/youtube_extraction.py                           1           0  0.14s           2026-09-16T09:55:23
================================================================================
[2026-09-16T09:56:22.004+0000] {manager.py:878} INFO - 
================================================================================
DAG File Processing Stats

File Path                                PID    Runtime      # DAGs    # Errors  Last Runtime    Last Run
---------------------------------------  -----  ---------  --------  ----------  --------------  -------------------
/opt/airflow/dags/youtube_extraction.py                           1           0  0.21s           2026-09-16T09:55:53
================================================================================
[2026-09-16T09:56:52.274+0000] {manager.py:878} INFO - 
================================================================================
DAG File Processing Stats

File Path                                PID    Runtime      # DAGs    # Errors  Last Runtime    Last Run
---------------------------------------  -----  ---------  --------  ----------  --------------  -------------------
/opt/airflow/dags/youtube_extraction.py                           1           0  0.15s           2026-09-16T09:56:24
================================================================================
[2026-09-16T09:57:16.457+0000] {manager.py:737} INFO - Searching for files in /opt/airflow/dags
[2026-09-16T09:57:16.477+0000] {manager.py:740} INFO - There are 1 files in /opt/airflow/dags
[2026-09-16T09:57:22.541+0000] {manager.py:878} INFO - 
================================================================================
DAG File Processing Stats

File Path                                PID    Runtime      # DAGs    # Errors  Last Runtime    Last Run
---------------------------------------  -----  ---------  --------  ----------  --------------  -------------------
/opt/airflow/dags/youtube_extraction.py                           1           0  0.20s           2026-09-16T09:56:54
================================================================================
[2026-09-16T09:57:52.801+0000] {manager.py:878} INFO - 
================================================================================
DAG File Processing Stats

File Path                                PID    Runtime      # DAGs    # Errors  Last Runtime    Last Run
---------------------------------------  -----  ---------  --------  ----------  --------------  -------------------
/opt/airflow/dags/youtube_extraction.py                           1           0  0.16s           2026-09-16T09:57:24
================================================================================
[2026-09-16T09:58:23.041+0000] {manager.py:878} INFO - 
================================================================================
DAG File Processing Stats

File Path                                PID    Runtime      # DAGs    # Errors  Last Runtime    Last Run
---------------------------------------  -----  ---------  --------  ----------  --------------  -------------------
/opt/airflow/dags/youtube_extraction.py                           1           0  0.18s           2026-09-16T09:57:55
================================================================================
[2026-09-16T09:58:53.343+0000] {manager.py:878} INFO - 
================================================================================
DAG File Processing Stats

File Path                                PID    Runtime      # DAGs    # Errors  Last Runtime    Last Run
---------------------------------------  -----  ---------  --------  ----------  --------------  -------------------
/opt/airflow/dags/youtube_extraction.py                           1           0  0.17s           2026-09-16T09:58:25
================================================================================
[2026-09-16T09:59:23.560+0000] {manager.py:878} INFO - 
================================================================================
DAG File Processing Stats

File Path                                PID    Runtime      # DAGs    # Errors  Last Runtime    Last Run
---------------------------------------  -----  ---------  --------  ----------  --------------  -------------------
/opt/airflow/dags/youtube_extraction.py                           1           0  0.16s           2026-09-16T09:58:55
================================================================================
[2026-09-16T09:59:53.840+0000] {manager.py:878} INFO - 
================================================================================
DAG File Processing Stats

File Path                                PID    Runtime      # DAGs    # Errors  Last Runtime    Last Run
---------------------------------------  -----  ---------  --------  ----------  --------------  -------------------
/opt/airflow/dags/youtube_extraction.py                           1           0  0.24s           2026-09-16T09:59:25
================================================================================
[2026-09-16T10:00:24.138+0000] {manager.py:878} INFO - 
================================================================================
DAG File Processing Stats

File Path                                PID    Runtime      # DAGs    # Errors  Last Runtime    Last Run
---------------------------------------  -----  ---------  --------  ----------  --------------  -------------------
/opt/airflow/dags/youtube_extraction.py                           1           0  0.18s           2026-09-16T09:59:56
================================================================================
[2026-09-16T10:00:54.347+0000] {manager.py:878} INFO - 
================================================================================
DAG File Processing Stats

File Path                                PID    Runtime      # DAGs    # Errors  Last Runtime    Last Run
---------------------------------------  -----  ---------  --------  ----------  --------------  -------------------
/opt/airflow/dags/youtube_extraction.py                           1           0  0.17s           2026-09-16T10:00:26
================================================================================
[2026-09-16T10:01:24.635+0000] {manager.py:878} INFO - 
================================================================================
DAG File Processing Stats

File Path                                PID    Runtime      # DAGs    # Errors  Last Runtime    Last Run
---------------------------------------  -----  ---------  --------  ----------  --------------  -------------------
/opt/airflow/dags/youtube_extraction.py                           1           0  0.15s           2026-09-16T10:00:56
================================================================================
[2026-09-16T10:01:54.819+0000] {manager.py:878} INFO - 
================================================================================
DAG File Processing Stats

File Path                                PID    Runtime      # DAGs    # Errors  Last Runtime    Last Run
---------------------------------------  -----  ---------  --------  ----------  --------------  -------------------
/opt/airflow/dags/youtube_extraction.py                           1           0  0.15s           2026-09-16T10:01:26
================================================================================
[2026-09-16T10:02:17.065+0000] {manager.py:737} INFO - Searching for files in /opt/airflow/dags
[2026-09-16T10:02:17.077+0000] {manager.py:740} INFO - There are 1 files in /opt/airflow/dags
[2026-09-16T10:02:25.148+0000] {manager.py:878} INFO - 
================================================================================
DAG File Processing Stats

File Path                                PID    Runtime      # DAGs    # Errors  Last Runtime    Last Run
---------------------------------------  -----  ---------  --------  ----------  --------------  -------------------
/opt/airflow/dags/youtube_extraction.py                           1           0  0.15s           2026-09-16T10:01:56
================================================================================
[2026-09-16T10:02:55.375+0000] {manager.py:878} INFO - 
================================================================================
DAG File Processing Stats

File Path                                PID    Runtime      # DAGs    # Errors  Last Runtime    Last Run
---------------------------------------  -----  ---------  --------  ----------  --------------  -------------------
/opt/airflow/dags/youtube_extraction.py                           1           0  0.21s           2026-09-16T10:02:27
================================================================================
[2026-09-16T10:03:25.734+0000] {manager.py:878} INFO - 
================================================================================
DAG File Processing Stats

File Path                                PID    Runtime      # DAGs    # Errors  Last Runtime    Last Run
---------------------------------------  -----  ---------  --------  ----------  --------------  -------------------
/opt/airflow/dags/youtube_extraction.py                           1           0  0.29s           2026-09-16T10:02:57
================================================================================
[2026-09-16T10:03:56.017+0000] {manager.py:878} INFO - 
================================================================================
DAG File Processing Stats

File Path                                PID    Runtime      # DAGs    # Errors  Last Runtime    Last Run
---------------------------------------  -----  ---------  --------  ----------  --------------  -------------------
/opt/airflow/dags/youtube_extraction.py                           1           0  0.17s           2026-09-16T10:03:27
================================================================================
[2026-09-16T10:04:26.217+0000] {manager.py:878} INFO - 
================================================================================
DAG File Processing Stats

File Path                                PID    Runtime      # DAGs    # Errors  Last Runtime    Last Run
---------------------------------------  -----  ---------  --------  ----------  --------------  -------------------
/opt/airflow/dags/youtube_extraction.py                           1           0  0.14s           2026-09-16T10:03:58
================================================================================
[2026-09-16T10:04:56.479+0000] {manager.py:878} INFO - 
================================================================================
DAG File Processing Stats

File Path                                PID    Runtime      # DAGs    # Errors  Last Runtime    Last Run
---------------------------------------  -----  ---------  --------  ----------  --------------  -------------------
/opt/airflow/dags/youtube_extraction.py                           1           0  0.16s           2026-09-16T10:04:28
================================================================================
[2026-09-16T10:05:26.683+0000] {manager.py:878} INFO - 
================================================================================
DAG File Processing Stats

File Path                                PID    Runtime      # DAGs    # Errors  Last Runtime    Last Run
---------------------------------------  -----  ---------  --------  ----------  --------------  -------------------
/opt/airflow/dags/youtube_extraction.py                           1           0  0.14s           2026-09-16T10:04:58
================================================================================
[2026-09-16T10:05:56.975+0000] {manager.py:878} INFO - 
================================================================================
DAG File Processing Stats

File Path                                PID    Runtime      # DAGs    # Errors  Last Runtime    Last Run
---------------------------------------  -----  ---------  --------  ----------  --------------  -------------------
/opt/airflow/dags/youtube_extraction.py                           1           0  0.15s           2026-09-16T10:05:28
================================================================================
[2026-09-16T10:06:27.205+0000] {manager.py:878} INFO - 
================================================================================
DAG File Processing Stats

File Path                                PID    Runtime      # DAGs    # Errors  Last Runtime    Last Run
---------------------------------------  -----  ---------  --------  ----------  --------------  -------------------
/opt/airflow/dags/youtube_extraction.py                           1           0  0.16s           2026-09-16T10:05:59
================================================================================
[2026-09-16T10:06:57.494+0000] {manager.py:878} INFO - 
================================================================================
DAG File Processing Stats

File Path                                PID    Runtime      # DAGs    # Errors  Last Runtime    Last Run
---------------------------------------  -----  ---------  --------  ----------  --------------  -------------------
/opt/airflow/dags/youtube_extraction.py                           1           0  0.20s           2026-09-16T10:06:29
================================================================================
[2026-09-16T10:07:17.682+0000] {manager.py:737} INFO - Searching for files in /opt/airflow/dags
[2026-09-16T10:07:17.698+0000] {manager.py:740} INFO - There are 1 files in /opt/airflow/dags
[2026-09-16T10:07:27.765+0000] {manager.py:878} INFO - 
================================================================================
DAG File Processing Stats

File Path                                PID    Runtime      # DAGs    # Errors  Last Runtime    Last Run
---------------------------------------  -----  ---------  --------  ----------  --------------  -------------------
/opt/airflow/dags/youtube_extraction.py                           1           0  0.18s           2026-09-16T10:06:59
================================================================================
[2026-09-16T10:07:57.984+0000] {manager.py:878} INFO - 
================================================================================
DAG File Processing Stats

File Path                                PID    Runtime      # DAGs    # Errors  Last Runtime    Last Run
---------------------------------------  -----  ---------  --------  ----------  --------------  -------------------
/opt/airflow/dags/youtube_extraction.py                           1           0  0.15s           2026-09-16T10:07:29
================================================================================
[2026-09-16T10:08:28.271+0000] {manager.py:878} INFO - 
================================================================================
DAG File Processing Stats

File Path                                PID    Runtime      # DAGs    # Errors  Last Runtime    Last Run
---------------------------------------  -----  ---------  --------  ----------  --------------  -------------------
/opt/airflow/dags/youtube_extraction.py                           1           0  0.15s           2026-09-16T10:08:00
================================================================================
[2026-09-16T10:08:58.556+0000] {manager.py:878} INFO - 
================================================================================
DAG File Processing Stats

File Path                                PID    Runtime      # DAGs    # Errors  Last Runtime    Last Run
---------------------------------------  -----  ---------  --------  ----------  --------------  -------------------
/opt/airflow/dags/youtube_extraction.py                           1           0  0.15s           2026-09-16T10:08:30
================================================================================
[2026-09-16T10:09:28.740+0000] {manager.py:878} INFO - 
================================================================================
DAG File Processing Stats

File Path                                PID    Runtime      # DAGs    # Errors  Last Runtime    Last Run
---------------------------------------  -----  ---------  --------  ----------  --------------  -------------------
/opt/airflow/dags/youtube_extraction.py                           1           0  0.15s           2026-09-16T10:09:00
================================================================================
[2026-09-16T10:09:59.005+0000] {manager.py:878} INFO - 
================================================================================
DAG File Processing Stats

File Path                                PID    Runtime      # DAGs    # Errors  Last Runtime    Last Run
---------------------------------------  -----  ---------  --------  ----------  --------------  -------------------
/opt/airflow/dags/youtube_extraction.py                           1           0  0.14s           2026-09-16T10:09:30
================================================================================
[2026-09-16T10:10:29.185+0000] {manager.py:878} INFO - 
================================================================================
DAG File Processing Stats

File Path                                PID    Runtime      # DAGs    # Errors  Last Runtime    Last Run
---------------------------------------  -----  ---------  --------  ----------  --------------  -------------------
/opt/airflow/dags/youtube_extraction.py                           1           0  0.15s           2026-09-16T10:10:01
================================================================================
[2026-09-16T10:10:59.471+0000] {manager.py:878} INFO - 
================================================================================
DAG File Processing Stats

File Path                                PID    Runtime      # DAGs    # Errors  Last Runtime    Last Run
---------------------------------------  -----  ---------  --------  ----------  --------------  -------------------
/opt/airflow/dags/youtube_extraction.py                           1           0  0.15s           2026-09-16T10:10:31
================================================================================
[2026-09-16T10:11:29.666+0000] {manager.py:878} INFO - 
================================================================================
DAG File Processing Stats

File Path                                PID    Runtime      # DAGs    # Errors  Last Runtime    Last Run
---------------------------------------  -----  ---------  --------  ----------  --------------  -------------------
/opt/airflow/dags/youtube_extraction.py                           1           0  0.14s           2026-09-16T10:11:01
================================================================================
[2026-09-16T10:11:59.937+0000] {manager.py:878} INFO - 
================================================================================
DAG File Processing Stats

File Path                                PID    Runtime      # DAGs    # Errors  Last Runtime    Last Run
---------------------------------------  -----  ---------  --------  ----------  --------------  -------------------
/opt/airflow/dags/youtube_extraction.py                           1           0  0.17s           2026-09-16T10:11:31
================================================================================
[2026-09-16T10:12:18.093+0000] {manager.py:737} INFO - Searching for files in /opt/airflow/dags
[2026-09-16T10:12:18.114+0000] {manager.py:740} INFO - There are 1 files in /opt/airflow/dags
[2026-09-16T10:12:30.206+0000] {manager.py:878} INFO - 
================================================================================
DAG File Processing Stats

File Path                                PID    Runtime      # DAGs    # Errors  Last Runtime    Last Run
---------------------------------------  -----  ---------  --------  ----------  --------------  -------------------
/opt/airflow/dags/youtube_extraction.py                           1           0  0.15s           2026-09-16T10:12:02
================================================================================
[2026-09-16T10:13:00.410+0000] {manager.py:878} INFO - 
================================================================================
DAG File Processing Stats

File Path                                PID    Runtime      # DAGs    # Errors  Last Runtime    Last Run
---------------------------------------  -----  ---------  --------  ----------  --------------  -------------------
/opt/airflow/dags/youtube_extraction.py                           1           0  0.14s           2026-09-16T10:12:32
================================================================================
[2026-09-16T10:13:30.658+0000] {manager.py:878} INFO - 
================================================================================
DAG File Processing Stats

File Path                                PID    Runtime      # DAGs    # Errors  Last Runtime    Last Run
---------------------------------------  -----  ---------  --------  ----------  --------------  -------------------
/opt/airflow/dags/youtube_extraction.py                           1           0  0.15s           2026-09-16T10:13:02
================================================================================
[2026-09-16T10:14:00.876+0000] {manager.py:878} INFO - 
================================================================================
DAG File Processing Stats

File Path                                PID    Runtime      # DAGs    # Errors  Last Runtime    Last Run
---------------------------------------  -----  ---------  --------  ----------  --------------  -------------------
/opt/airflow/dags/youtube_extraction.py                           1           0  0.16s           2026-09-16T10:13:32
================================================================================
[2026-09-16T10:14:31.122+0000] {manager.py:878} INFO - 
================================================================================
DAG File Processing Stats

File Path                                PID    Runtime      # DAGs    # Errors  Last Runtime    Last Run
---------------------------------------  -----  ---------  --------  ----------  --------------  -------------------
/opt/airflow/dags/youtube_extraction.py                           1           0  0.14s           2026-09-16T10:14:03
================================================================================
[2026-09-16T10:15:01.333+0000] {manager.py:878} INFO - 
================================================================================
DAG File Processing Stats

File Path                                PID    Runtime      # DAGs    # Errors  Last Runtime    Last Run
---------------------------------------  -----  ---------  --------  ----------  --------------  -------------------
/opt/airflow/dags/youtube_extraction.py                           1           0  0.15s           2026-09-16T10:14:33
================================================================================
[2026-09-16T10:15:31.585+0000] {manager.py:878} INFO - 
================================================================================
DAG File Processing Stats

File Path                                PID    Runtime      # DAGs    # Errors  Last Runtime    Last Run
---------------------------------------  -----  ---------  --------  ----------  --------------  -------------------
/opt/airflow/dags/youtube_extraction.py                           1           0  0.15s           2026-09-16T10:15:03
================================================================================
[2026-09-16T10:16:01.818+0000] {manager.py:878} INFO - 
================================================================================
DAG File Processing Stats

File Path                                PID    Runtime      # DAGs    # Errors  Last Runtime    Last Run
---------------------------------------  -----  ---------  --------  ----------  --------------  -------------------
/opt/airflow/dags/youtube_extraction.py                           1           0  0.15s           2026-09-16T10:15:33
================================================================================
[2026-09-16T10:16:32.038+0000] {manager.py:878} INFO - 
================================================================================
DAG File Processing Stats

File Path                                PID    Runtime      # DAGs    # Errors  Last Runtime    Last Run
---------------------------------------  -----  ---------  --------  ----------  --------------  -------------------
/opt/airflow/dags/youtube_extraction.py                           1           0  0.15s           2026-09-16T10:16:03
================================================================================
[2026-09-16T10:17:02.290+0000] {manager.py:878} INFO - 
================================================================================
DAG File Processing Stats

File Path                                PID    Runtime      # DAGs    # Errors  Last Runtime    Last Run
---------------------------------------  -----  ---------  --------  ----------  --------------  -------------------
/opt/airflow/dags/youtube_extraction.py                           1           0  0.15s           2026-09-16T10:16:34
================================================================================
[2026-09-16T10:17:18.433+0000] {manager.py:737} INFO - Searching for files in /opt/airflow/dags
[2026-09-16T10:17:18.458+0000] {manager.py:740} INFO - There are 1 files in /opt/airflow/dags
[2026-09-16T10:17:32.559+0000] {manager.py:878} INFO - 
================================================================================
DAG File Processing Stats

File Path                                PID    Runtime      # DAGs    # Errors  Last Runtime    Last Run
---------------------------------------  -----  ---------  --------  ----------  --------------  -------------------
/opt/airflow/dags/youtube_extraction.py                           1           0  0.15s           2026-09-16T10:17:04
================================================================================
[2026-09-16T10:18:02.759+0000] {manager.py:878} INFO - 
================================================================================
DAG File Processing Stats

File Path                                PID    Runtime      # DAGs    # Errors  Last Runtime    Last Run
---------------------------------------  -----  ---------  --------  ----------  --------------  -------------------
/opt/airflow/dags/youtube_extraction.py                           1           0  0.14s           2026-09-16T10:17:34
================================================================================
[2026-09-16T10:18:33.008+0000] {manager.py:878} INFO - 
================================================================================
DAG File Processing Stats

File Path                                PID    Runtime      # DAGs    # Errors  Last Runtime    Last Run
---------------------------------------  -----  ---------  --------  ----------  --------------  -------------------
/opt/airflow/dags/youtube_extraction.py                           1           0  0.20s           2026-09-16T10:18:04
================================================================================
[2026-09-16T10:19:03.283+0000] {manager.py:878} INFO - 
================================================================================
DAG File Processing Stats

File Path                                PID    Runtime      # DAGs    # Errors  Last Runtime    Last Run
---------------------------------------  -----  ---------  --------  ----------  --------------  -------------------
/opt/airflow/dags/youtube_extraction.py                           1           0  0.15s           2026-09-16T10:18:35
================================================================================
[2026-09-16T10:19:33.477+0000] {manager.py:878} INFO - 
================================================================================
DAG File Processing Stats

File Path                                PID    Runtime      # DAGs    # Errors  Last Runtime    Last Run
---------------------------------------  -----  ---------  --------  ----------  --------------  -------------------
/opt/airflow/dags/youtube_extraction.py                           1           0  0.14s           2026-09-16T10:19:05
================================================================================
[2026-09-16T10:20:03.769+0000] {manager.py:878} INFO - 
================================================================================
DAG File Processing Stats

File Path                                PID    Runtime      # DAGs    # Errors  Last Runtime    Last Run
---------------------------------------  -----  ---------  --------  ----------  --------------  -------------------
/opt/airflow/dags/youtube_extraction.py                           1           0  0.15s           2026-09-16T10:19:35
================================================================================
[2026-09-16T10:20:33.981+0000] {manager.py:878} INFO - 
================================================================================
DAG File Processing Stats

File Path                                PID    Runtime      # DAGs    # Errors  Last Runtime    Last Run
---------------------------------------  -----  ---------  --------  ----------  --------------  -------------------
/opt/airflow/dags/youtube_extraction.py                           1           0  0.21s           2026-09-16T10:20:05
================================================================================
[2026-09-16T10:21:04.306+0000] {manager.py:878} INFO - 
================================================================================
DAG File Processing Stats

File Path                                PID    Runtime      # DAGs    # Errors  Last Runtime    Last Run
---------------------------------------  -----  ---------  --------  ----------  --------------  -------------------
/opt/airflow/dags/youtube_extraction.py                           1           0  0.16s           2026-09-16T10:20:36
================================================================================
[2026-09-16T10:21:34.614+0000] {manager.py:878} INFO - 
================================================================================
DAG File Processing Stats

File Path                                PID    Runtime      # DAGs    # Errors  Last Runtime    Last Run
---------------------------------------  -----  ---------  --------  ----------  --------------  -------------------
/opt/airflow/dags/youtube_extraction.py                           1           0  0.27s           2026-09-16T10:21:06
================================================================================
[2026-09-16T10:22:04.901+0000] {manager.py:878} INFO - 
================================================================================
DAG File Processing Stats

File Path                                PID    Runtime      # DAGs    # Errors  Last Runtime    Last Run
---------------------------------------  -----  ---------  --------  ----------  --------------  -------------------
/opt/airflow/dags/youtube_extraction.py                           1           0  0.17s           2026-09-16T10:21:36
================================================================================
[2026-09-16T10:22:19.025+0000] {manager.py:737} INFO - Searching for files in /opt/airflow/dags
[2026-09-16T10:22:19.038+0000] {manager.py:740} INFO - There are 1 files in /opt/airflow/dags
[2026-09-16T10:22:35.134+0000] {manager.py:878} INFO - 
================================================================================
DAG File Processing Stats

File Path                                PID    Runtime      # DAGs    # Errors  Last Runtime    Last Run
---------------------------------------  -----  ---------  --------  ----------  --------------  -------------------
/opt/airflow/dags/youtube_extraction.py                           1           0  0.15s           2026-09-16T10:22:07
================================================================================
[2026-09-16T10:23:05.377+0000] {manager.py:878} INFO - 
================================================================================
DAG File Processing Stats

File Path                                PID    Runtime      # DAGs    # Errors  Last Runtime    Last Run
---------------------------------------  -----  ---------  --------  ----------  --------------  -------------------
/opt/airflow/dags/youtube_extraction.py                           1           0  0.15s           2026-09-16T10:22:37
================================================================================
[2026-09-16T10:23:35.597+0000] {manager.py:878} INFO - 
================================================================================
DAG File Processing Stats

File Path                                PID    Runtime      # DAGs    # Errors  Last Runtime    Last Run
---------------------------------------  -----  ---------  --------  ----------  --------------  -------------------
/opt/airflow/dags/youtube_extraction.py                           1           0  0.14s           2026-09-16T10:23:07
================================================================================
[2026-09-16T10:24:05.842+0000] {manager.py:878} INFO - 
================================================================================
DAG File Processing Stats

File Path                                PID    Runtime      # DAGs    # Errors  Last Runtime    Last Run
---------------------------------------  -----  ---------  --------  ----------  --------------  -------------------
/opt/airflow/dags/youtube_extraction.py                           1           0  0.16s           2026-09-16T10:23:37
================================================================================
[2026-09-16T10:24:36.074+0000] {manager.py:878} INFO - 
================================================================================
DAG File Processing Stats

File Path                                PID    Runtime      # DAGs    # Errors  Last Runtime    Last Run
---------------------------------------  -----  ---------  --------  ----------  --------------  -------------------
/opt/airflow/dags/youtube_extraction.py                           1           0  0.16s           2026-09-16T10:24:08
================================================================================
[2026-09-16T10:25:06.336+0000] {manager.py:878} INFO - 
================================================================================
DAG File Processing Stats

File Path                                PID    Runtime      # DAGs    # Errors  Last Runtime    Last Run
---------------------------------------  -----  ---------  --------  ----------  --------------  -------------------
/opt/airflow/dags/youtube_extraction.py                           1           0  0.17s           2026-09-16T10:24:38
================================================================================
[2026-09-16T10:25:36.563+0000] {manager.py:878} INFO - 
================================================================================
DAG File Processing Stats

File Path                                PID    Runtime      # DAGs    # Errors  Last Runtime    Last Run
---------------------------------------  -----  ---------  --------  ----------  --------------  -------------------
/opt/airflow/dags/youtube_extraction.py                           1           0  0.14s           2026-09-16T10:25:08
================================================================================
[2026-09-16T10:26:06.795+0000] {manager.py:878} INFO - 
================================================================================
DAG File Processing Stats

File Path                                PID    Runtime      # DAGs    # Errors  Last Runtime    Last Run
---------------------------------------  -----  ---------  --------  ----------  --------------  -------------------
/opt/airflow/dags/youtube_extraction.py                           1           0  0.15s           2026-09-16T10:25:38
================================================================================
[2026-09-16T10:26:37.030+0000] {manager.py:878} INFO - 
================================================================================
DAG File Processing Stats

File Path                                PID    Runtime      # DAGs    # Errors  Last Runtime    Last Run
---------------------------------------  -----  ---------  --------  ----------  --------------  -------------------
/opt/airflow/dags/youtube_extraction.py                           1           0  0.17s           2026-09-16T10:26:08
================================================================================
[2026-09-16T10:27:07.292+0000] {manager.py:878} INFO - 
================================================================================
DAG File Processing Stats

File Path                                PID    Runtime      # DAGs    # Errors  Last Runtime    Last Run
---------------------------------------  -----  ---------  --------  ----------  --------------  -------------------
/opt/airflow/dags/youtube_extraction.py                           1           0  0.16s           2026-09-16T10:26:39
================================================================================
[2026-09-16T10:27:19.401+0000] {manager.py:737} INFO - Searching for files in /opt/airflow/dags
[2026-09-16T10:27:19.416+0000] {manager.py:740} INFO - There are 1 files in /opt/airflow/dags
[2026-09-16T10:27:37.536+0000] {manager.py:878} INFO - 
================================================================================
DAG File Processing Stats

File Path                                PID    Runtime      # DAGs    # Errors  Last Runtime    Last Run
---------------------------------------  -----  ---------  --------  ----------  --------------  -------------------
/opt/airflow/dags/youtube_extraction.py                           1           0  0.17s           2026-09-16T10:27:09
================================================================================
[2026-09-16T10:28:07.785+0000] {manager.py:878} INFO - 
================================================================================
DAG File Processing Stats

File Path                                PID    Runtime      # DAGs    # Errors  Last Runtime    Last Run
---------------------------------------  -----  ---------  --------  ----------  --------------  -------------------
/opt/airflow/dags/youtube_extraction.py                           1           0  0.15s           2026-09-16T10:27:39
================================================================================
[2026-09-16T10:28:37.990+0000] {manager.py:878} INFO - 
================================================================================
DAG File Processing Stats

File Path                                PID    Runtime      # DAGs    # Errors  Last Runtime    Last Run
---------------------------------------  -----  ---------  --------  ----------  --------------  -------------------
/opt/airflow/dags/youtube_extraction.py                           1           0  0.14s           2026-09-16T10:28:09
================================================================================
[2026-09-16T10:29:08.243+0000] {manager.py:878} INFO - 
================================================================================
DAG File Processing Stats

File Path                                PID    Runtime      # DAGs    # Errors  Last Runtime    Last Run
---------------------------------------  -----  ---------  --------  ----------  --------------  -------------------
/opt/airflow/dags/youtube_extraction.py                           1           0  0.15s           2026-09-16T10:28:40
================================================================================
[2026-09-16T10:29:38.456+0000] {manager.py:878} INFO - 
================================================================================
DAG File Processing Stats

File Path                                PID    Runtime      # DAGs    # Errors  Last Runtime    Last Run
---------------------------------------  -----  ---------  --------  ----------  --------------  -------------------
/opt/airflow/dags/youtube_extraction.py                           1           0  0.13s           2026-09-16T10:29:10
================================================================================
[2026-09-16T10:30:08.695+0000] {manager.py:878} INFO - 
================================================================================
DAG File Processing Stats

File Path                                PID    Runtime      # DAGs    # Errors  Last Runtime    Last Run
---------------------------------------  -----  ---------  --------  ----------  --------------  -------------------
/opt/airflow/dags/youtube_extraction.py                           1           0  0.15s           2026-09-16T10:29:40
================================================================================
[2026-09-16T10:30:38.926+0000] {manager.py:878} INFO - 
================================================================================
DAG File Processing Stats

File Path                                PID    Runtime      # DAGs    # Errors  Last Runtime    Last Run
---------------------------------------  -----  ---------  --------  ----------  --------------  -------------------
/opt/airflow/dags/youtube_extraction.py                           1           0  0.14s           2026-09-16T10:30:10
================================================================================
[2026-09-16T10:31:09.156+0000] {manager.py:878} INFO - 
================================================================================
DAG File Processing Stats

File Path                                PID    Runtime      # DAGs    # Errors  Last Runtime    Last Run
---------------------------------------  -----  ---------  --------  ----------  --------------  -------------------
/opt/airflow/dags/youtube_extraction.py                           1           0  0.18s           2026-09-16T10:30:41
================================================================================
[2026-09-16T10:31:39.431+0000] {manager.py:878} INFO - 
================================================================================
DAG File Processing Stats

File Path                                PID    Runtime      # DAGs    # Errors  Last Runtime    Last Run
---------------------------------------  -----  ---------  --------  ----------  --------------  -------------------
/opt/airflow/dags/youtube_extraction.py                           1           0  0.14s           2026-09-16T10:31:11
================================================================================
[2026-09-16T10:32:09.614+0000] {manager.py:878} INFO - 
================================================================================
DAG File Processing Stats

File Path                                PID    Runtime      # DAGs    # Errors  Last Runtime    Last Run
---------------------------------------  -----  ---------  --------  ----------  --------------  -------------------
/opt/airflow/dags/youtube_extraction.py                           1           0  0.14s           2026-09-16T10:31:41
================================================================================
[2026-09-16T10:32:19.766+0000] {manager.py:737} INFO - Searching for files in /opt/airflow/dags
[2026-09-16T10:32:19.779+0000] {manager.py:740} INFO - There are 1 files in /opt/airflow/dags
[2026-09-16T10:32:39.898+0000] {manager.py:878} INFO - 
================================================================================
DAG File Processing Stats

File Path                                PID    Runtime      # DAGs    # Errors  Last Runtime    Last Run
---------------------------------------  -----  ---------  --------  ----------  --------------  -------------------
/opt/airflow/dags/youtube_extraction.py                           1           0  0.15s           2026-09-16T10:32:11
================================================================================
[2026-09-16T10:33:10.082+0000] {manager.py:878} INFO - 
================================================================================
DAG File Processing Stats

File Path                                PID    Runtime      # DAGs    # Errors  Last Runtime    Last Run
---------------------------------------  -----  ---------  --------  ----------  --------------  -------------------
/opt/airflow/dags/youtube_extraction.py                           1           0  0.15s           2026-09-16T10:32:42
================================================================================
[2026-09-16T10:33:40.349+0000] {manager.py:878} INFO - 
================================================================================
DAG File Processing Stats

File Path                                PID    Runtime      # DAGs    # Errors  Last Runtime    Last Run
---------------------------------------  -----  ---------  --------  ----------  --------------  -------------------
/opt/airflow/dags/youtube_extraction.py                           1           0  0.14s           2026-09-16T10:33:12
================================================================================
[2026-09-16T10:34:10.532+0000] {manager.py:878} INFO - 
================================================================================
DAG File Processing Stats

File Path                                PID    Runtime      # DAGs    # Errors  Last Runtime    Last Run
---------------------------------------  -----  ---------  --------  ----------  --------------  -------------------
/opt/airflow/dags/youtube_extraction.py                           1           0  0.14s           2026-09-16T10:33:42
================================================================================
[2026-09-16T10:34:40.800+0000] {manager.py:878} INFO - 
================================================================================
DAG File Processing Stats

File Path                                PID    Runtime      # DAGs    # Errors  Last Runtime    Last Run
---------------------------------------  -----  ---------  --------  ----------  --------------  -------------------
/opt/airflow/dags/youtube_extraction.py                           1           0  0.14s           2026-09-16T10:34:12
================================================================================
[2026-09-16T10:35:10.986+0000] {manager.py:878} INFO - 
================================================================================
DAG File Processing Stats

File Path                                PID    Runtime      # DAGs    # Errors  Last Runtime    Last Run
---------------------------------------  -----  ---------  --------  ----------  --------------  -------------------
/opt/airflow/dags/youtube_extraction.py                           1           0  0.14s           2026-09-16T10:34:42
================================================================================
[2026-09-16T10:35:41.250+0000] {manager.py:878} INFO - 
================================================================================
DAG File Processing Stats

File Path                                PID    Runtime      # DAGs    # Errors  Last Runtime    Last Run
---------------------------------------  -----  ---------  --------  ----------  --------------  -------------------
/opt/airflow/dags/youtube_extraction.py                           1           0  0.14s           2026-09-16T10:35:13
================================================================================
[2026-09-16T10:36:11.435+0000] {manager.py:878} INFO - 
================================================================================
DAG File Processing Stats

File Path                                PID    Runtime      # DAGs    # Errors  Last Runtime    Last Run
---------------------------------------  -----  ---------  --------  ----------  --------------  -------------------
/opt/airflow/dags/youtube_extraction.py                           1           0  0.15s           2026-09-16T10:35:43
================================================================================
[2026-09-16T10:36:41.718+0000] {manager.py:878} INFO - 
================================================================================
DAG File Processing Stats

File Path                                PID    Runtime      # DAGs    # Errors  Last Runtime    Last Run
---------------------------------------  -----  ---------  --------  ----------  --------------  -------------------
/opt/airflow/dags/youtube_extraction.py                           1           0  0.14s           2026-09-16T10:36:13
================================================================================
[2026-09-16T10:37:11.907+0000] {manager.py:878} INFO - 
================================================================================
DAG File Processing Stats

File Path                                PID    Runtime      # DAGs    # Errors  Last Runtime    Last Run
---------------------------------------  -----  ---------  --------  ----------  --------------  -------------------
/opt/airflow/dags/youtube_extraction.py                           1           0  0.15s           2026-09-16T10:36:43
================================================================================
[2026-09-16T10:37:20.058+0000] {manager.py:737} INFO - Searching for files in /opt/airflow/dags
[2026-09-16T10:37:20.075+0000] {manager.py:740} INFO - There are 1 files in /opt/airflow/dags
[2026-09-16T10:37:42.208+0000] {manager.py:878} INFO - 
================================================================================
DAG File Processing Stats

File Path                                PID    Runtime      # DAGs    # Errors  Last Runtime    Last Run
---------------------------------------  -----  ---------  --------  ----------  --------------  -------------------
/opt/airflow/dags/youtube_extraction.py                           1           0  0.14s           2026-09-16T10:37:14
================================================================================
[2026-09-16T10:38:12.386+0000] {manager.py:878} INFO - 
================================================================================
DAG File Processing Stats

File Path                                PID    Runtime      # DAGs    # Errors  Last Runtime    Last Run
---------------------------------------  -----  ---------  --------  ----------  --------------  -------------------
/opt/airflow/dags/youtube_extraction.py                           1           0  0.15s           2026-09-16T10:37:44
================================================================================
[2026-09-16T10:38:42.665+0000] {manager.py:878} INFO - 
================================================================================
DAG File Processing Stats

File Path                                PID    Runtime      # DAGs    # Errors  Last Runtime    Last Run
---------------------------------------  -----  ---------  --------  ----------  --------------  -------------------
/opt/airflow/dags/youtube_extraction.py                           1           0  0.15s           2026-09-16T10:38:14
================================================================================
[2026-09-16T10:39:12.843+0000] {manager.py:878} INFO - 
================================================================================
DAG File Processing Stats

File Path                                PID    Runtime      # DAGs    # Errors  Last Runtime    Last Run
---------------------------------------  -----  ---------  --------  ----------  --------------  -------------------
/opt/airflow/dags/youtube_extraction.py                           1           0  0.16s           2026-09-16T10:38:44
================================================================================
[2026-09-16T10:39:43.141+0000] {manager.py:878} INFO - 
================================================================================
DAG File Processing Stats

File Path                                PID    Runtime      # DAGs    # Errors  Last Runtime    Last Run
---------------------------------------  -----  ---------  --------  ----------  --------------  -------------------
/opt/airflow/dags/youtube_extraction.py                           1           0  0.14s           2026-09-16T10:39:15
================================================================================
[2026-09-16T10:40:13.325+0000] {manager.py:878} INFO - 
================================================================================
DAG File Processing Stats

File Path                                PID    Runtime      # DAGs    # Errors  Last Runtime    Last Run
---------------------------------------  -----  ---------  --------  ----------  --------------  -------------------
/opt/airflow/dags/youtube_extraction.py                           1           0  0.14s           2026-09-16T10:39:45
================================================================================
[2026-09-16T10:40:43.579+0000] {manager.py:878} INFO - 
================================================================================
DAG File Processing Stats

File Path                                PID    Runtime      # DAGs    # Errors  Last Runtime    Last Run
---------------------------------------  -----  ---------  --------  ----------  --------------  -------------------
/opt/airflow/dags/youtube_extraction.py                           1           0  0.15s           2026-09-16T10:40:15
================================================================================
[2026-09-16T10:41:13.782+0000] {manager.py:878} INFO - 
================================================================================
DAG File Processing Stats

File Path                                PID    Runtime      # DAGs    # Errors  Last Runtime    Last Run
---------------------------------------  -----  ---------  --------  ----------  --------------  -------------------
/opt/airflow/dags/youtube_extraction.py                           1           0  0.14s           2026-09-16T10:40:45
================================================================================
[2026-09-16T10:41:44.035+0000] {manager.py:878} INFO - 
================================================================================
DAG File Processing Stats

File Path                                PID    Runtime      # DAGs    # Errors  Last Runtime    Last Run
---------------------------------------  -----  ---------  --------  ----------  --------------  -------------------
/opt/airflow/dags/youtube_extraction.py                           1           0  0.16s           2026-09-16T10:41:15
================================================================================
[2026-09-16T10:42:14.259+0000] {manager.py:878} INFO - 
================================================================================
DAG File Processing Stats

File Path                                PID    Runtime      # DAGs    # Errors  Last Runtime    Last Run
---------------------------------------  -----  ---------  --------  ----------  --------------  -------------------
/opt/airflow/dags/youtube_extraction.py                           1           0  0.15s           2026-09-16T10:41:46
================================================================================
[2026-09-16T10:42:20.366+0000] {manager.py:737} INFO - Searching for files in /opt/airflow/dags
[2026-09-16T10:42:20.378+0000] {manager.py:740} INFO - There are 1 files in /opt/airflow/dags
[2026-09-16T10:42:44.526+0000] {manager.py:878} INFO - 
================================================================================
DAG File Processing Stats

File Path                                PID    Runtime      # DAGs    # Errors  Last Runtime    Last Run
---------------------------------------  -----  ---------  --------  ----------  --------------  -------------------
/opt/airflow/dags/youtube_extraction.py                           1           0  0.14s           2026-09-16T10:42:16
================================================================================
[2026-09-16T10:43:14.711+0000] {manager.py:878} INFO - 
================================================================================
DAG File Processing Stats

File Path                                PID    Runtime      # DAGs    # Errors  Last Runtime    Last Run
---------------------------------------  -----  ---------  --------  ----------  --------------  -------------------
/opt/airflow/dags/youtube_extraction.py                           1           0  0.15s           2026-09-16T10:42:46
================================================================================
[2026-09-16T10:43:44.981+0000] {manager.py:878} INFO - 
================================================================================
DAG File Processing Stats

File Path                                PID    Runtime      # DAGs    # Errors  Last Runtime    Last Run
---------------------------------------  -----  ---------  --------  ----------  --------------  -------------------
/opt/airflow/dags/youtube_extraction.py                           1           0  0.14s           2026-09-16T10:43:16
================================================================================
[2026-09-16T10:44:15.166+0000] {manager.py:878} INFO - 
================================================================================
DAG File Processing Stats

File Path                                PID    Runtime      # DAGs    # Errors  Last Runtime    Last Run
---------------------------------------  -----  ---------  --------  ----------  --------------  -------------------
/opt/airflow/dags/youtube_extraction.py                           1           0  0.14s           2026-09-16T10:43:47
================================================================================
[2026-09-16T10:44:45.437+0000] {manager.py:878} INFO - 
================================================================================
DAG File Processing Stats

File Path                                PID    Runtime      # DAGs    # Errors  Last Runtime    Last Run
---------------------------------------  -----  ---------  --------  ----------  --------------  -------------------
/opt/airflow/dags/youtube_extraction.py                           1           0  0.15s           2026-09-16T10:44:17
================================================================================
[2026-09-16T10:45:15.623+0000] {manager.py:878} INFO - 
================================================================================
DAG File Processing Stats

File Path                                PID    Runtime      # DAGs    # Errors  Last Runtime    Last Run
---------------------------------------  -----  ---------  --------  ----------  --------------  -------------------
/opt/airflow/dags/youtube_extraction.py                           1           0  0.15s           2026-09-16T10:44:47
================================================================================
[2026-09-16T10:45:45.899+0000] {manager.py:878} INFO - 
================================================================================
DAG File Processing Stats

File Path                                PID    Runtime      # DAGs    # Errors  Last Runtime    Last Run
---------------------------------------  -----  ---------  --------  ----------  --------------  -------------------
/opt/airflow/dags/youtube_extraction.py                           1           0  0.15s           2026-09-16T10:45:17
================================================================================
[2026-09-16T10:46:16.081+0000] {manager.py:878} INFO - 
================================================================================
DAG File Processing Stats

File Path                                PID    Runtime      # DAGs    # Errors  Last Runtime    Last Run
---------------------------------------  -----  ---------  --------  ----------  --------------  -------------------
/opt/airflow/dags/youtube_extraction.py                           1           0  0.14s           2026-09-16T10:45:48
================================================================================
[2026-09-16T10:46:46.350+0000] {manager.py:878} INFO - 
================================================================================
DAG File Processing Stats

File Path                                PID    Runtime      # DAGs    # Errors  Last Runtime    Last Run
---------------------------------------  -----  ---------  --------  ----------  --------------  -------------------
/opt/airflow/dags/youtube_extraction.py                           1           0  0.14s           2026-09-16T10:46:18
================================================================================
[2026-09-16T10:47:16.529+0000] {manager.py:878} INFO - 
================================================================================
DAG File Processing Stats

File Path                                PID    Runtime      # DAGs    # Errors  Last Runtime    Last Run
---------------------------------------  -----  ---------  --------  ----------  --------------  -------------------
/opt/airflow/dags/youtube_extraction.py                           1           0  0.14s           2026-09-16T10:46:48
================================================================================
[2026-09-16T10:47:20.658+0000] {manager.py:737} INFO - Searching for files in /opt/airflow/dags
[2026-09-16T10:47:20.672+0000] {manager.py:740} INFO - There are 1 files in /opt/airflow/dags
[2026-09-16T10:47:46.822+0000] {manager.py:878} INFO - 
================================================================================
DAG File Processing Stats

File Path                                PID    Runtime      # DAGs    # Errors  Last Runtime    Last Run
---------------------------------------  -----  ---------  --------  ----------  --------------  -------------------
/opt/airflow/dags/youtube_extraction.py                           1           0  0.14s           2026-09-16T10:47:18
================================================================================
[2026-09-16T10:48:17.004+0000] {manager.py:878} INFO - 
================================================================================
DAG File Processing Stats

File Path                                PID    Runtime      # DAGs    # Errors  Last Runtime    Last Run
---------------------------------------  -----  ---------  --------  ----------  --------------  -------------------
/opt/airflow/dags/youtube_extraction.py                           1           0  0.15s           2026-09-16T10:47:48
================================================================================
[2026-09-16T10:48:47.278+0000] {manager.py:878} INFO - 
================================================================================
DAG File Processing Stats

File Path                                PID    Runtime      # DAGs    # Errors  Last Runtime    Last Run
---------------------------------------  -----  ---------  --------  ----------  --------------  -------------------
/opt/airflow/dags/youtube_extraction.py                           1           0  0.14s           2026-09-16T10:48:19
================================================================================
[2026-09-16T10:49:17.459+0000] {manager.py:878} INFO - 
================================================================================
DAG File Processing Stats

File Path                                PID    Runtime      # DAGs    # Errors  Last Runtime    Last Run
---------------------------------------  -----  ---------  --------  ----------  --------------  -------------------
/opt/airflow/dags/youtube_extraction.py                           1           0  0.14s           2026-09-16T10:48:49
================================================================================
[2026-09-16T10:49:47.735+0000] {manager.py:878} INFO - 
================================================================================
DAG File Processing Stats

File Path                                PID    Runtime      # DAGs    # Errors  Last Runtime    Last Run
---------------------------------------  -----  ---------  --------  ----------  --------------  -------------------
/opt/airflow/dags/youtube_extraction.py                           1           0  0.16s           2026-09-16T10:49:19
================================================================================
[2026-09-16T10:50:17.926+0000] {manager.py:878} INFO - 
================================================================================
DAG File Processing Stats

File Path                                PID    Runtime      # DAGs    # Errors  Last Runtime    Last Run
---------------------------------------  -----  ---------  --------  ----------  --------------  -------------------
/opt/airflow/dags/youtube_extraction.py                           1           0  0.22s           2026-09-16T10:49:49
================================================================================
[2026-09-16T10:50:48.288+0000] {manager.py:878} INFO - 
================================================================================
DAG File Processing Stats

File Path                                PID    Runtime      # DAGs    # Errors  Last Runtime    Last Run
---------------------------------------  -----  ---------  --------  ----------  --------------  -------------------
/opt/airflow/dags/youtube_extraction.py                           1           0  0.16s           2026-09-16T10:50:20
================================================================================
[2026-09-16T10:51:18.590+0000] {manager.py:878} INFO - 
================================================================================
DAG File Processing Stats

File Path                                PID    Runtime      # DAGs    # Errors  Last Runtime    Last Run
---------------------------------------  -----  ---------  --------  ----------  --------------  -------------------
/opt/airflow/dags/youtube_extraction.py                           1           0  0.16s           2026-09-16T10:50:50
================================================================================
[2026-09-16T10:51:48.909+0000] {manager.py:878} INFO - 
================================================================================
DAG File Processing Stats

File Path                                PID    Runtime      # DAGs    # Errors  Last Runtime    Last Run
---------------------------------------  -----  ---------  --------  ----------  --------------  -------------------
/opt/airflow/dags/youtube_extraction.py                           1           0  0.17s           2026-09-16T10:51:20
================================================================================
[2026-09-16T10:52:19.196+0000] {manager.py:878} INFO - 
================================================================================
DAG File Processing Stats

File Path                                PID    Runtime      # DAGs    # Errors  Last Runtime    Last Run
---------------------------------------  -----  ---------  --------  ----------  --------------  -------------------
/opt/airflow/dags/youtube_extraction.py                           1           0  0.14s           2026-09-16T10:51:51
================================================================================
[2026-09-16T10:52:21.208+0000] {manager.py:737} INFO - Searching for files in /opt/airflow/dags
[2026-09-16T10:52:21.219+0000] {manager.py:740} INFO - There are 1 files in /opt/airflow/dags
[2026-09-16T10:52:49.400+0000] {manager.py:878} INFO - 
================================================================================
DAG File Processing Stats

File Path                                PID    Runtime      # DAGs    # Errors  Last Runtime    Last Run
---------------------------------------  -----  ---------  --------  ----------  --------------  -------------------
/opt/airflow/dags/youtube_extraction.py                           1           0  0.17s           2026-09-16T10:52:21
================================================================================
[2026-09-16T10:53:19.702+0000] {manager.py:878} INFO - 
================================================================================
DAG File Processing Stats

File Path                                PID    Runtime      # DAGs    # Errors  Last Runtime    Last Run
---------------------------------------  -----  ---------  --------  ----------  --------------  -------------------
/opt/airflow/dags/youtube_extraction.py                           1           0  0.15s           2026-09-16T10:52:51
================================================================================
[2026-09-16T10:53:49.879+0000] {manager.py:878} INFO - 
================================================================================
DAG File Processing Stats

File Path                                PID    Runtime      # DAGs    # Errors  Last Runtime    Last Run
---------------------------------------  -----  ---------  --------  ----------  --------------  -------------------
/opt/airflow/dags/youtube_extraction.py                           1           0  0.14s           2026-09-16T10:53:21
================================================================================
[2026-09-16T10:54:20.151+0000] {manager.py:878} INFO - 
================================================================================
DAG File Processing Stats

File Path                                PID    Runtime      # DAGs    # Errors  Last Runtime    Last Run
---------------------------------------  -----  ---------  --------  ----------  --------------  -------------------
/opt/airflow/dags/youtube_extraction.py                           1           0  0.16s           2026-09-16T10:53:52
================================================================================
[2026-09-16T10:54:50.344+0000] {manager.py:878} INFO - 
================================================================================
DAG File Processing Stats

File Path                                PID    Runtime      # DAGs    # Errors  Last Runtime    Last Run
---------------------------------------  -----  ---------  --------  ----------  --------------  -------------------
/opt/airflow/dags/youtube_extraction.py                           1           0  0.15s           2026-09-16T10:54:22
================================================================================
[2026-09-16T10:55:20.607+0000] {manager.py:878} INFO - 
================================================================================
DAG File Processing Stats

File Path                                PID    Runtime      # DAGs    # Errors  Last Runtime    Last Run
---------------------------------------  -----  ---------  --------  ----------  --------------  -------------------
/opt/airflow/dags/youtube_extraction.py                           1           0  0.14s           2026-09-16T10:54:52
================================================================================
[2026-09-16T10:55:50.790+0000] {manager.py:878} INFO - 
================================================================================
DAG File Processing Stats

File Path                                PID    Runtime      # DAGs    # Errors  Last Runtime    Last Run
---------------------------------------  -----  ---------  --------  ----------  --------------  -------------------
/opt/airflow/dags/youtube_extraction.py                           1           0  0.16s           2026-09-16T10:55:22
================================================================================
[2026-09-16T10:56:21.080+0000] {manager.py:878} INFO - 
================================================================================
DAG File Processing Stats

File Path                                PID    Runtime      # DAGs    # Errors  Last Runtime    Last Run
---------------------------------------  -----  ---------  --------  ----------  --------------  -------------------
/opt/airflow/dags/youtube_extraction.py                           1           0  0.17s           2026-09-16T10:55:52
================================================================================
[2026-09-16T10:56:51.272+0000] {manager.py:878} INFO - 
================================================================================
DAG File Processing Stats

File Path                                PID    Runtime      # DAGs    # Errors  Last Runtime    Last Run
---------------------------------------  -----  ---------  --------  ----------  --------------  -------------------
/opt/airflow/dags/youtube_extraction.py                           1           0  0.15s           2026-09-16T10:56:23
================================================================================
[2026-09-16T10:57:21.545+0000] {manager.py:737} INFO - Searching for files in /opt/airflow/dags
[2026-09-16T10:57:21.558+0000] {manager.py:740} INFO - There are 1 files in /opt/airflow/dags
[2026-09-16T10:57:21.579+0000] {manager.py:878} INFO - 
================================================================================
DAG File Processing Stats

File Path                                PID    Runtime      # DAGs    # Errors  Last Runtime    Last Run
---------------------------------------  -----  ---------  --------  ----------  --------------  -------------------
/opt/airflow/dags/youtube_extraction.py                           1           0  0.16s           2026-09-16T10:56:53
================================================================================
[2026-09-16T10:57:51.763+0000] {manager.py:878} INFO - 
================================================================================
DAG File Processing Stats

File Path                                PID    Runtime      # DAGs    # Errors  Last Runtime    Last Run
---------------------------------------  -----  ---------  --------  ----------  --------------  -------------------
/opt/airflow/dags/youtube_extraction.py                           1           0  0.14s           2026-09-16T10:57:23
================================================================================
[2026-09-16T10:58:22.027+0000] {manager.py:878} INFO - 
================================================================================
DAG File Processing Stats

File Path                                PID    Runtime      # DAGs    # Errors  Last Runtime    Last Run
---------------------------------------  -----  ---------  --------  ----------  --------------  -------------------
/opt/airflow/dags/youtube_extraction.py                           1           0  0.14s           2026-09-16T10:57:53
================================================================================
[2026-09-16T10:58:52.207+0000] {manager.py:878} INFO - 
================================================================================
DAG File Processing Stats

File Path                                PID    Runtime      # DAGs    # Errors  Last Runtime    Last Run
---------------------------------------  -----  ---------  --------  ----------  --------------  -------------------
/opt/airflow/dags/youtube_extraction.py                           1           0  0.14s           2026-09-16T10:58:24
================================================================================
[2026-09-16T10:59:22.467+0000] {manager.py:878} INFO - 
================================================================================
DAG File Processing Stats

File Path                                PID    Runtime      # DAGs    # Errors  Last Runtime    Last Run
---------------------------------------  -----  ---------  --------  ----------  --------------  -------------------
/opt/airflow/dags/youtube_extraction.py                           1           0  0.15s           2026-09-16T10:58:54
================================================================================
[2026-09-16T10:59:52.670+0000] {manager.py:878} INFO - 
================================================================================
DAG File Processing Stats

File Path                                PID    Runtime      # DAGs    # Errors  Last Runtime    Last Run
---------------------------------------  -----  ---------  --------  ----------  --------------  -------------------
/opt/airflow/dags/youtube_extraction.py                           1           0  0.14s           2026-09-16T10:59:24
================================================================================
[2026-09-16T11:00:22.920+0000] {manager.py:878} INFO - 
================================================================================
DAG File Processing Stats

File Path                                PID    Runtime      # DAGs    # Errors  Last Runtime    Last Run
---------------------------------------  -----  ---------  --------  ----------  --------------  -------------------
/opt/airflow/dags/youtube_extraction.py                           1           0  0.15s           2026-09-16T10:59:54
================================================================================
[2026-09-16T11:00:53.131+0000] {manager.py:878} INFO - 
================================================================================
DAG File Processing Stats

File Path                                PID    Runtime      # DAGs    # Errors  Last Runtime    Last Run
---------------------------------------  -----  ---------  --------  ----------  --------------  -------------------
/opt/airflow/dags/youtube_extraction.py                           1           0  0.15s           2026-09-16T11:00:25
================================================================================
[2026-09-16T11:01:23.373+0000] {manager.py:878} INFO - 
================================================================================
DAG File Processing Stats

File Path                                PID    Runtime      # DAGs    # Errors  Last Runtime    Last Run
---------------------------------------  -----  ---------  --------  ----------  --------------  -------------------
/opt/airflow/dags/youtube_extraction.py                           1           0  0.15s           2026-09-16T11:00:55
================================================================================
[2026-09-16T11:01:53.586+0000] {manager.py:878} INFO - 
================================================================================
DAG File Processing Stats

File Path                                PID    Runtime      # DAGs    # Errors  Last Runtime    Last Run
---------------------------------------  -----  ---------  --------  ----------  --------------  -------------------
/opt/airflow/dags/youtube_extraction.py                           1           0  0.14s           2026-09-16T11:01:25
================================================================================
[2026-09-16T11:02:21.797+0000] {manager.py:737} INFO - Searching for files in /opt/airflow/dags
[2026-09-16T11:02:21.809+0000] {manager.py:740} INFO - There are 1 files in /opt/airflow/dags
[2026-09-16T11:02:23.833+0000] {manager.py:878} INFO - 
================================================================================
DAG File Processing Stats

File Path                                PID    Runtime      # DAGs    # Errors  Last Runtime    Last Run
---------------------------------------  -----  ---------  --------  ----------  --------------  -------------------
/opt/airflow/dags/youtube_extraction.py                           1           0  0.15s           2026-09-16T11:01:55
================================================================================
[2026-09-16T11:02:54.032+0000] {manager.py:878} INFO - 
================================================================================
DAG File Processing Stats

File Path                                PID    Runtime      # DAGs    # Errors  Last Runtime    Last Run
---------------------------------------  -----  ---------  --------  ----------  --------------  -------------------
/opt/airflow/dags/youtube_extraction.py                           1           0  0.15s           2026-09-16T11:02:26
================================================================================
[2026-09-16T11:03:24.294+0000] {manager.py:878} INFO - 
================================================================================
DAG File Processing Stats

File Path                                PID    Runtime      # DAGs    # Errors  Last Runtime    Last Run
---------------------------------------  -----  ---------  --------  ----------  --------------  -------------------
/opt/airflow/dags/youtube_extraction.py                           1           0  0.15s           2026-09-16T11:02:56
================================================================================
[2026-09-16T11:03:54.484+0000] {manager.py:878} INFO - 
================================================================================
DAG File Processing Stats

File Path                                PID    Runtime      # DAGs    # Errors  Last Runtime    Last Run
---------------------------------------  -----  ---------  --------  ----------  --------------  -------------------
/opt/airflow/dags/youtube_extraction.py                           1           0  0.15s           2026-09-16T11:03:26
================================================================================
[2026-09-16T11:04:24.759+0000] {manager.py:878} INFO - 
================================================================================
DAG File Processing Stats

File Path                                PID    Runtime      # DAGs    # Errors  Last Runtime    Last Run
---------------------------------------  -----  ---------  --------  ----------  --------------  -------------------
/opt/airflow/dags/youtube_extraction.py                           1           0  0.15s           2026-09-16T11:03:56
================================================================================
[2026-09-16T11:04:54.949+0000] {manager.py:878} INFO - 
================================================================================
DAG File Processing Stats

File Path                                PID    Runtime      # DAGs    # Errors  Last Runtime    Last Run
---------------------------------------  -----  ---------  --------  ----------  --------------  -------------------
/opt/airflow/dags/youtube_extraction.py                           1           0  0.14s           2026-09-16T11:04:26
================================================================================
[2026-09-16T11:05:25.213+0000] {manager.py:878} INFO - 
================================================================================
DAG File Processing Stats

File Path                                PID    Runtime      # DAGs    # Errors  Last Runtime    Last Run
---------------------------------------  -----  ---------  --------  ----------  --------------  -------------------
/opt/airflow/dags/youtube_extraction.py                           1           0  0.15s           2026-09-16T11:04:57
================================================================================
[2026-09-16T11:05:55.407+0000] {manager.py:878} INFO - 
================================================================================
DAG File Processing Stats

File Path                                PID    Runtime      # DAGs    # Errors  Last Runtime    Last Run
---------------------------------------  -----  ---------  --------  ----------  --------------  -------------------
/opt/airflow/dags/youtube_extraction.py                           1           0  0.13s           2026-09-16T11:05:27
================================================================================
[2026-09-16T11:06:25.663+0000] {manager.py:878} INFO - 
================================================================================
DAG File Processing Stats

File Path                                PID    Runtime      # DAGs    # Errors  Last Runtime    Last Run
---------------------------------------  -----  ---------  --------  ----------  --------------  -------------------
/opt/airflow/dags/youtube_extraction.py                           1           0  0.15s           2026-09-16T11:05:57
================================================================================
[2026-09-16T11:06:55.874+0000] {manager.py:878} INFO - 
================================================================================
DAG File Processing Stats

File Path                                PID    Runtime      # DAGs    # Errors  Last Runtime    Last Run
---------------------------------------  -----  ---------  --------  ----------  --------------  -------------------
/opt/airflow/dags/youtube_extraction.py                           1           0  0.14s           2026-09-16T11:06:27
================================================================================
[2026-09-16T11:07:22.107+0000] {manager.py:737} INFO - Searching for files in /opt/airflow/dags
[2026-09-16T11:07:22.122+0000] {manager.py:740} INFO - There are 1 files in /opt/airflow/dags
[2026-09-16T11:07:26.166+0000] {manager.py:878} INFO - 
================================================================================
DAG File Processing Stats

File Path                                PID    Runtime      # DAGs    # Errors  Last Runtime    Last Run
---------------------------------------  -----  ---------  --------  ----------  --------------  -------------------
/opt/airflow/dags/youtube_extraction.py                           1           0  0.21s           2026-09-16T11:06:58
================================================================================
[2026-09-16T11:07:56.409+0000] {manager.py:878} INFO - 
================================================================================
DAG File Processing Stats

File Path                                PID    Runtime      # DAGs    # Errors  Last Runtime    Last Run
---------------------------------------  -----  ---------  --------  ----------  --------------  -------------------
/opt/airflow/dags/youtube_extraction.py                           1           0  0.16s           2026-09-16T11:07:28
================================================================================
[2026-09-16T11:08:26.641+0000] {manager.py:878} INFO - 
================================================================================
DAG File Processing Stats

File Path                                PID    Runtime      # DAGs    # Errors  Last Runtime    Last Run
---------------------------------------  -----  ---------  --------  ----------  --------------  -------------------
/opt/airflow/dags/youtube_extraction.py                           1           0  0.15s           2026-09-16T11:07:58
================================================================================
[2026-09-16T11:08:56.863+0000] {manager.py:878} INFO - 
================================================================================
DAG File Processing Stats

File Path                                PID    Runtime      # DAGs    # Errors  Last Runtime    Last Run
---------------------------------------  -----  ---------  --------  ----------  --------------  -------------------
/opt/airflow/dags/youtube_extraction.py                           1           0  0.15s           2026-09-16T11:08:28
================================================================================
[2026-09-16T11:09:27.106+0000] {manager.py:878} INFO - 
================================================================================
DAG File Processing Stats

File Path                                PID    Runtime      # DAGs    # Errors  Last Runtime    Last Run
---------------------------------------  -----  ---------  --------  ----------  --------------  -------------------
/opt/airflow/dags/youtube_extraction.py                           1           0  0.16s           2026-09-16T11:08:59
================================================================================
[2026-09-16T11:09:57.348+0000] {manager.py:878} INFO - 
================================================================================
DAG File Processing Stats

File Path                                PID    Runtime      # DAGs    # Errors  Last Runtime    Last Run
---------------------------------------  -----  ---------  --------  ----------  --------------  -------------------
/opt/airflow/dags/youtube_extraction.py                           1           0  0.14s           2026-09-16T11:09:29
================================================================================
[2026-09-16T11:10:27.572+0000] {manager.py:878} INFO - 
================================================================================
DAG File Processing Stats

File Path                                PID    Runtime      # DAGs    # Errors  Last Runtime    Last Run
---------------------------------------  -----  ---------  --------  ----------  --------------  -------------------
/opt/airflow/dags/youtube_extraction.py                           1           0  0.22s           2026-09-16T11:09:59
================================================================================
[2026-09-16T11:10:57.919+0000] {manager.py:878} INFO - 
================================================================================
DAG File Processing Stats

File Path                                PID    Runtime      # DAGs    # Errors  Last Runtime    Last Run
---------------------------------------  -----  ---------  --------  ----------  --------------  -------------------
/opt/airflow/dags/youtube_extraction.py                           1           0  0.17s           2026-09-16T11:10:29
================================================================================
[2026-09-16T11:11:28.255+0000] {manager.py:878} INFO - 
================================================================================
DAG File Processing Stats

File Path                                PID    Runtime      # DAGs    # Errors  Last Runtime    Last Run
---------------------------------------  -----  ---------  --------  ----------  --------------  -------------------
/opt/airflow/dags/youtube_extraction.py                           1           0  0.17s           2026-09-16T11:11:00
================================================================================
[2026-09-16T11:11:58.435+0000] {manager.py:878} INFO - 
================================================================================
DAG File Processing Stats

File Path                                PID    Runtime      # DAGs    # Errors  Last Runtime    Last Run
---------------------------------------  -----  ---------  --------  ----------  --------------  -------------------
/opt/airflow/dags/youtube_extraction.py                           1           0  0.15s           2026-09-16T11:11:30
================================================================================
[2026-09-16T11:12:22.714+0000] {manager.py:737} INFO - Searching for files in /opt/airflow/dags
[2026-09-16T11:12:22.748+0000] {manager.py:740} INFO - There are 1 files in /opt/airflow/dags
[2026-09-16T11:12:28.850+0000] {manager.py:878} INFO - 
================================================================================
DAG File Processing Stats

File Path                                PID    Runtime      # DAGs    # Errors  Last Runtime    Last Run
---------------------------------------  -----  ---------  --------  ----------  --------------  -------------------
/opt/airflow/dags/youtube_extraction.py                           1           0  0.27s           2026-09-16T11:12:00
================================================================================
[2026-09-16T11:12:59.038+0000] {manager.py:878} INFO - 
================================================================================
DAG File Processing Stats

File Path                                PID    Runtime      # DAGs    # Errors  Last Runtime    Last Run
---------------------------------------  -----  ---------  --------  ----------  --------------  -------------------
/opt/airflow/dags/youtube_extraction.py                           1           0  0.17s           2026-09-16T11:12:31
================================================================================
[2026-09-16T11:13:29.332+0000] {manager.py:878} INFO - 
================================================================================
DAG File Processing Stats

File Path                                PID    Runtime      # DAGs    # Errors  Last Runtime    Last Run
---------------------------------------  -----  ---------  --------  ----------  --------------  -------------------
/opt/airflow/dags/youtube_extraction.py                           1           0  0.14s           2026-09-16T11:13:01
================================================================================
[2026-09-16T11:13:59.514+0000] {manager.py:878} INFO - 
================================================================================
DAG File Processing Stats

File Path                                PID    Runtime      # DAGs    # Errors  Last Runtime    Last Run
---------------------------------------  -----  ---------  --------  ----------  --------------  -------------------
/opt/airflow/dags/youtube_extraction.py                           1           0  0.14s           2026-09-16T11:13:31
================================================================================
[2026-09-16T11:14:29.817+0000] {manager.py:878} INFO - 
================================================================================
DAG File Processing Stats

File Path                                PID    Runtime      # DAGs    # Errors  Last Runtime    Last Run
---------------------------------------  -----  ---------  --------  ----------  --------------  -------------------
/opt/airflow/dags/youtube_extraction.py                           1           0  0.15s           2026-09-16T11:14:01
================================================================================
[2026-09-16T11:15:00.034+0000] {manager.py:878} INFO - 
================================================================================
DAG File Processing Stats

File Path                                PID    Runtime      # DAGs    # Errors  Last Runtime    Last Run
---------------------------------------  -----  ---------  --------  ----------  --------------  -------------------
/opt/airflow/dags/youtube_extraction.py                           1           0  0.17s           2026-09-16T11:14:32
================================================================================
[2026-09-16T11:15:30.370+0000] {manager.py:878} INFO - 
================================================================================
DAG File Processing Stats

File Path                                PID    Runtime      # DAGs    # Errors  Last Runtime    Last Run
---------------------------------------  -----  ---------  --------  ----------  --------------  -------------------
/opt/airflow/dags/youtube_extraction.py                           1           0  0.31s           2026-09-16T11:15:02
================================================================================
[2026-09-16T11:16:00.747+0000] {manager.py:878} INFO - 
================================================================================
DAG File Processing Stats

File Path                                PID    Runtime      # DAGs    # Errors  Last Runtime    Last Run
---------------------------------------  -----  ---------  --------  ----------  --------------  -------------------
/opt/airflow/dags/youtube_extraction.py                           1           0  0.21s           2026-09-16T11:15:32
================================================================================
[2026-09-16T11:16:30.940+0000] {manager.py:878} INFO - 
================================================================================
DAG File Processing Stats

File Path                                PID    Runtime      # DAGs    # Errors  Last Runtime    Last Run
---------------------------------------  -----  ---------  --------  ----------  --------------  -------------------
/opt/airflow/dags/youtube_extraction.py                           1           0  0.17s           2026-09-16T11:16:02
================================================================================
[2026-09-16T11:17:01.258+0000] {manager.py:878} INFO - 
================================================================================
DAG File Processing Stats

File Path                                PID    Runtime      # DAGs    # Errors  Last Runtime    Last Run
---------------------------------------  -----  ---------  --------  ----------  --------------  -------------------
/opt/airflow/dags/youtube_extraction.py                           1           0  0.30s           2026-09-16T11:16:33
================================================================================
[2026-09-16T11:17:22.714+0000] {manager.py:737} INFO - Searching for files in /opt/airflow/dags
[2026-09-16T11:17:22.730+0000] {manager.py:740} INFO - There are 1 files in /opt/airflow/dags
[2026-09-16T11:17:31.596+0000] {manager.py:878} INFO - 
================================================================================
DAG File Processing Stats

File Path                                PID    Runtime      # DAGs    # Errors  Last Runtime    Last Run
---------------------------------------  -----  ---------  --------  ----------  --------------  -------------------
/opt/airflow/dags/youtube_extraction.py                           1           0  0.33s           2026-09-16T11:17:03
================================================================================
[2026-09-16T11:18:01.963+0000] {manager.py:878} INFO - 
================================================================================
DAG File Processing Stats

File Path                                PID    Runtime      # DAGs    # Errors  Last Runtime    Last Run
---------------------------------------  -----  ---------  --------  ----------  --------------  -------------------
/opt/airflow/dags/youtube_extraction.py                           1           0  0.16s           2026-09-16T11:17:33
================================================================================
[2026-09-16T11:18:32.271+0000] {manager.py:878} INFO - 
================================================================================
DAG File Processing Stats

File Path                                PID    Runtime      # DAGs    # Errors  Last Runtime    Last Run
---------------------------------------  -----  ---------  --------  ----------  --------------  -------------------
/opt/airflow/dags/youtube_extraction.py                           1           0  0.15s           2026-09-16T11:18:04
================================================================================
[2026-09-16T11:19:02.463+0000] {manager.py:878} INFO - 
================================================================================
DAG File Processing Stats

File Path                                PID    Runtime      # DAGs    # Errors  Last Runtime    Last Run
---------------------------------------  -----  ---------  --------  ----------  --------------  -------------------
/opt/airflow/dags/youtube_extraction.py                           1           0  0.17s           2026-09-16T11:18:34
================================================================================
[2026-09-16T11:19:32.776+0000] {manager.py:878} INFO - 
================================================================================
DAG File Processing Stats

File Path                                PID    Runtime      # DAGs    # Errors  Last Runtime    Last Run
---------------------------------------  -----  ---------  --------  ----------  --------------  -------------------
/opt/airflow/dags/youtube_extraction.py                           1           0  0.17s           2026-09-16T11:19:04
================================================================================
[2026-09-16T11:20:02.954+0000] {manager.py:878} INFO - 
================================================================================
DAG File Processing Stats

File Path                                PID    Runtime      # DAGs    # Errors  Last Runtime    Last Run
---------------------------------------  -----  ---------  --------  ----------  --------------  -------------------
/opt/airflow/dags/youtube_extraction.py                           1           0  0.14s           2026-09-16T11:19:34
================================================================================
[2026-09-16T11:20:33.225+0000] {manager.py:878} INFO - 
================================================================================
DAG File Processing Stats

File Path                                PID    Runtime      # DAGs    # Errors  Last Runtime    Last Run
---------------------------------------  -----  ---------  --------  ----------  --------------  -------------------
/opt/airflow/dags/youtube_extraction.py                           1           0  0.16s           2026-09-16T11:20:05
================================================================================
[2026-09-16T11:21:03.433+0000] {manager.py:878} INFO - 
================================================================================
DAG File Processing Stats

File Path                                PID    Runtime      # DAGs    # Errors  Last Runtime    Last Run
---------------------------------------  -----  ---------  --------  ----------  --------------  -------------------
/opt/airflow/dags/youtube_extraction.py                           1           0  0.14s           2026-09-16T11:20:35
================================================================================
[2026-09-16T11:21:33.692+0000] {manager.py:878} INFO - 
================================================================================
DAG File Processing Stats

File Path                                PID    Runtime      # DAGs    # Errors  Last Runtime    Last Run
---------------------------------------  -----  ---------  --------  ----------  --------------  -------------------
/opt/airflow/dags/youtube_extraction.py                           1           0  0.17s           2026-09-16T11:21:05
================================================================================
[2026-09-16T11:22:03.920+0000] {manager.py:878} INFO - 
================================================================================
DAG File Processing Stats

File Path                                PID    Runtime      # DAGs    # Errors  Last Runtime    Last Run
---------------------------------------  -----  ---------  --------  ----------  --------------  -------------------
/opt/airflow/dags/youtube_extraction.py                           1           0  0.19s           2026-09-16T11:21:35
================================================================================
[2026-09-16T11:22:23.152+0000] {manager.py:737} INFO - Searching for files in /opt/airflow/dags
[2026-09-16T11:22:23.180+0000] {manager.py:740} INFO - There are 1 files in /opt/airflow/dags
[2026-09-16T11:22:34.271+0000] {manager.py:878} INFO - 
================================================================================
DAG File Processing Stats

File Path                                PID    Runtime      # DAGs    # Errors  Last Runtime    Last Run
---------------------------------------  -----  ---------  --------  ----------  --------------  -------------------
/opt/airflow/dags/youtube_extraction.py                           1           0  0.16s           2026-09-16T11:22:06
================================================================================
[2026-09-16T11:23:04.472+0000] {manager.py:878} INFO - 
================================================================================
DAG File Processing Stats

File Path                                PID    Runtime      # DAGs    # Errors  Last Runtime    Last Run
---------------------------------------  -----  ---------  --------  ----------  --------------  -------------------
/opt/airflow/dags/youtube_extraction.py                           1           0  0.14s           2026-09-16T11:22:36
================================================================================
[2026-09-16T11:23:34.749+0000] {manager.py:878} INFO - 
================================================================================
DAG File Processing Stats

File Path                                PID    Runtime      # DAGs    # Errors  Last Runtime    Last Run
---------------------------------------  -----  ---------  --------  ----------  --------------  -------------------
/opt/airflow/dags/youtube_extraction.py                           1           0  0.21s           2026-09-16T11:23:06
================================================================================
[2026-09-16T11:24:04.998+0000] {manager.py:878} INFO - 
================================================================================
DAG File Processing Stats

File Path                                PID    Runtime      # DAGs    # Errors  Last Runtime    Last Run
---------------------------------------  -----  ---------  --------  ----------  --------------  -------------------
/opt/airflow/dags/youtube_extraction.py                           1           0  0.14s           2026-09-16T11:23:36
================================================================================
[2026-09-16T13:02:28.238+0000] {manager.py:737} INFO - Searching for files in /opt/airflow/dags
[2026-09-16T13:02:28.414+0000] {manager.py:740} INFO - There are 1 files in /opt/airflow/dags
[2026-09-16T13:02:41.592+0000] {manager.py:878} INFO - 
================================================================================
DAG File Processing Stats

File Path                                PID    Runtime      # DAGs    # Errors  Last Runtime    Last Run
---------------------------------------  -----  ---------  --------  ----------  --------------  -------------------
/opt/airflow/dags/youtube_extraction.py                           1           0  1.22s           2026-09-16T13:02:29
================================================================================
[2026-09-16T13:03:11.941+0000] {manager.py:878} INFO - 
================================================================================
DAG File Processing Stats

File Path                                PID    Runtime      # DAGs    # Errors  Last Runtime    Last Run
---------------------------------------  -----  ---------  --------  ----------  --------------  -------------------
/opt/airflow/dags/youtube_extraction.py                           1           0  0.36s           2026-09-16T13:03:00
================================================================================
[2026-09-16T13:03:42.457+0000] {manager.py:878} INFO - 
================================================================================
DAG File Processing Stats

File Path                                PID    Runtime      # DAGs    # Errors  Last Runtime    Last Run
---------------------------------------  -----  ---------  --------  ----------  --------------  -------------------
/opt/airflow/dags/youtube_extraction.py                           1           0  0.17s           2026-09-16T13:03:30
================================================================================
[2026-09-16T13:04:12.773+0000] {manager.py:878} INFO - 
================================================================================
DAG File Processing Stats

File Path                                PID    Runtime      # DAGs    # Errors  Last Runtime    Last Run
---------------------------------------  -----  ---------  --------  ----------  --------------  -------------------
/opt/airflow/dags/youtube_extraction.py                           1           0  0.47s           2026-09-16T13:04:01
================================================================================
[2026-09-16T13:04:43.289+0000] {manager.py:878} INFO - 
================================================================================
DAG File Processing Stats

File Path                                PID    Runtime      # DAGs    # Errors  Last Runtime    Last Run
---------------------------------------  -----  ---------  --------  ----------  --------------  -------------------
/opt/airflow/dags/youtube_extraction.py                           1           0  0.16s           2026-09-16T13:04:31
================================================================================
[2026-09-16T13:05:13.478+0000] {manager.py:878} INFO - 
================================================================================
DAG File Processing Stats

File Path                                PID    Runtime      # DAGs    # Errors  Last Runtime    Last Run
---------------------------------------  -----  ---------  --------  ----------  --------------  -------------------
/opt/airflow/dags/youtube_extraction.py                           1           0  0.14s           2026-09-16T13:05:01
================================================================================
[2026-09-16T13:05:43.742+0000] {manager.py:878} INFO - 
================================================================================
DAG File Processing Stats

File Path                                PID    Runtime      # DAGs    # Errors  Last Runtime    Last Run
---------------------------------------  -----  ---------  --------  ----------  --------------  -------------------
/opt/airflow/dags/youtube_extraction.py                           1           0  0.15s           2026-09-16T13:05:31
================================================================================
[2026-09-16T13:06:13.929+0000] {manager.py:878} INFO - 
================================================================================
DAG File Processing Stats

File Path                                PID    Runtime      # DAGs    # Errors  Last Runtime    Last Run
---------------------------------------  -----  ---------  --------  ----------  --------------  -------------------
/opt/airflow/dags/youtube_extraction.py                           1           0  0.13s           2026-09-16T13:06:01
================================================================================
[2026-09-16T13:06:44.191+0000] {manager.py:878} INFO - 
================================================================================
DAG File Processing Stats

File Path                                PID    Runtime      # DAGs    # Errors  Last Runtime    Last Run
---------------------------------------  -----  ---------  --------  ----------  --------------  -------------------
/opt/airflow/dags/youtube_extraction.py                           1           0  0.15s           2026-09-16T13:06:32
================================================================================
[2026-09-16T13:07:14.385+0000] {manager.py:878} INFO - 
================================================================================
DAG File Processing Stats

File Path                                PID    Runtime      # DAGs    # Errors  Last Runtime    Last Run
---------------------------------------  -----  ---------  --------  ----------  --------------  -------------------
/opt/airflow/dags/youtube_extraction.py                           1           0  0.14s           2026-09-16T13:07:02
================================================================================
[2026-09-16T13:07:28.463+0000] {manager.py:737} INFO - Searching for files in /opt/airflow/dags
[2026-09-16T13:07:28.475+0000] {manager.py:740} INFO - There are 1 files in /opt/airflow/dags
[2026-09-16T13:32:10.514+0000] {manager.py:737} INFO - Searching for files in /opt/airflow/dags
[2026-09-16T13:32:10.561+0000] {manager.py:740} INFO - There are 1 files in /opt/airflow/dags
[2026-09-16T13:32:21.695+0000] {manager.py:878} INFO - 
================================================================================
DAG File Processing Stats

File Path                                PID    Runtime      # DAGs    # Errors  Last Runtime    Last Run
---------------------------------------  -----  ---------  --------  ----------  --------------  -------------------
/opt/airflow/dags/youtube_extraction.py                           1           0  1477.91s        2026-09-16T13:32:10
================================================================================
[2026-09-16T13:32:51.921+0000] {manager.py:878} INFO - 
================================================================================
DAG File Processing Stats

File Path                                PID    Runtime      # DAGs    # Errors  Last Runtime    Last Run
---------------------------------------  -----  ---------  --------  ----------  --------------  -------------------
/opt/airflow/dags/youtube_extraction.py                           1           0  0.31s           2026-09-16T13:32:41
================================================================================
[2026-09-16T13:33:22.368+0000] {manager.py:878} INFO - 
================================================================================
DAG File Processing Stats

File Path                                PID    Runtime      # DAGs    # Errors  Last Runtime    Last Run
---------------------------------------  -----  ---------  --------  ----------  --------------  -------------------
/opt/airflow/dags/youtube_extraction.py                           1           0  0.17s           2026-09-16T13:33:11
================================================================================
[2026-09-16T13:33:52.687+0000] {manager.py:878} INFO - 
================================================================================
DAG File Processing Stats

File Path                                PID    Runtime      # DAGs    # Errors  Last Runtime    Last Run
---------------------------------------  -----  ---------  --------  ----------  --------------  -------------------
/opt/airflow/dags/youtube_extraction.py                           1           0  0.16s           2026-09-16T13:33:41
================================================================================
[2026-09-16T13:34:22.992+0000] {manager.py:878} INFO - 
================================================================================
DAG File Processing Stats

File Path                                PID    Runtime      # DAGs    # Errors  Last Runtime    Last Run
---------------------------------------  -----  ---------  --------  ----------  --------------  -------------------
/opt/airflow/dags/youtube_extraction.py                           1           0  0.15s           2026-09-16T13:34:11
================================================================================
[2026-09-16T13:34:53.172+0000] {manager.py:878} INFO - 
================================================================================
DAG File Processing Stats

File Path                                PID    Runtime      # DAGs    # Errors  Last Runtime    Last Run
---------------------------------------  -----  ---------  --------  ----------  --------------  -------------------
/opt/airflow/dags/youtube_extraction.py                           1           0  0.14s           2026-09-16T13:34:42
================================================================================
[2026-09-16T13:35:23.453+0000] {manager.py:878} INFO - 
================================================================================
DAG File Processing Stats

File Path                                PID    Runtime      # DAGs    # Errors  Last Runtime    Last Run
---------------------------------------  -----  ---------  --------  ----------  --------------  -------------------
/opt/airflow/dags/youtube_extraction.py                           1           0  0.17s           2026-09-16T13:35:12
================================================================================
[2026-09-16T13:35:53.660+0000] {manager.py:878} INFO - 
================================================================================
DAG File Processing Stats

File Path                                PID    Runtime      # DAGs    # Errors  Last Runtime    Last Run
---------------------------------------  -----  ---------  --------  ----------  --------------  -------------------
/opt/airflow/dags/youtube_extraction.py                           1           0  0.15s           2026-09-16T13:35:42
================================================================================
[2026-09-16T13:36:23.925+0000] {manager.py:878} INFO - 
================================================================================
DAG File Processing Stats

File Path                                PID    Runtime      # DAGs    # Errors  Last Runtime    Last Run
---------------------------------------  -----  ---------  --------  ----------  --------------  -------------------
/opt/airflow/dags/youtube_extraction.py                           1           0  0.23s           2026-09-16T13:36:12
================================================================================
[2026-09-16T13:36:54.223+0000] {manager.py:878} INFO - 
================================================================================
DAG File Processing Stats

File Path                                PID    Runtime      # DAGs    # Errors  Last Runtime    Last Run
---------------------------------------  -----  ---------  --------  ----------  --------------  -------------------
/opt/airflow/dags/youtube_extraction.py                           1           0  0.17s           2026-09-16T13:36:43
================================================================================
[2026-09-16T13:37:11.330+0000] {manager.py:737} INFO - Searching for files in /opt/airflow/dags
[2026-09-16T13:37:11.343+0000] {manager.py:740} INFO - There are 1 files in /opt/airflow/dags
[2026-09-16T13:37:24.460+0000] {manager.py:878} INFO - 
================================================================================
DAG File Processing Stats

File Path                                PID    Runtime      # DAGs    # Errors  Last Runtime    Last Run
---------------------------------------  -----  ---------  --------  ----------  --------------  -------------------
/opt/airflow/dags/youtube_extraction.py                           1           0  0.16s           2026-09-16T13:37:13
================================================================================
[2026-09-16T13:37:54.752+0000] {manager.py:878} INFO - 
================================================================================
DAG File Processing Stats

File Path                                PID    Runtime      # DAGs    # Errors  Last Runtime    Last Run
---------------------------------------  -----  ---------  --------  ----------  --------------  -------------------
/opt/airflow/dags/youtube_extraction.py                           1           0  0.15s           2026-09-16T13:37:43
================================================================================
[2026-09-16T13:38:24.993+0000] {manager.py:878} INFO - 
================================================================================
DAG File Processing Stats

File Path                                PID    Runtime      # DAGs    # Errors  Last Runtime    Last Run
---------------------------------------  -----  ---------  --------  ----------  --------------  -------------------
/opt/airflow/dags/youtube_extraction.py                           1           0  0.26s           2026-09-16T13:38:14
================================================================================
[2026-09-16T13:38:55.381+0000] {manager.py:878} INFO - 
================================================================================
DAG File Processing Stats

File Path                                PID    Runtime      # DAGs    # Errors  Last Runtime    Last Run
---------------------------------------  -----  ---------  --------  ----------  --------------  -------------------
/opt/airflow/dags/youtube_extraction.py                           1           0  0.20s           2026-09-16T13:38:44
================================================================================
[2026-09-16T13:39:25.728+0000] {manager.py:878} INFO - 
================================================================================
DAG File Processing Stats

File Path                                PID    Runtime      # DAGs    # Errors  Last Runtime    Last Run
---------------------------------------  -----  ---------  --------  ----------  --------------  -------------------
/opt/airflow/dags/youtube_extraction.py                           1           0  0.18s           2026-09-16T13:39:14
================================================================================
[2026-09-16T13:39:56.059+0000] {manager.py:878} INFO - 
================================================================================
DAG File Processing Stats

File Path                                PID    Runtime      # DAGs    # Errors  Last Runtime    Last Run
---------------------------------------  -----  ---------  --------  ----------  --------------  -------------------
/opt/airflow/dags/youtube_extraction.py                           1           0  0.15s           2026-09-16T13:39:45
================================================================================
[2026-09-16T13:40:26.346+0000] {manager.py:878} INFO - 
================================================================================
DAG File Processing Stats

File Path                                PID    Runtime      # DAGs    # Errors  Last Runtime    Last Run
---------------------------------------  -----  ---------  --------  ----------  --------------  -------------------
/opt/airflow/dags/youtube_extraction.py                           1           0  0.15s           2026-09-16T13:40:15
================================================================================
[2026-09-16T13:40:56.565+0000] {manager.py:878} INFO - 
================================================================================
DAG File Processing Stats

File Path                                PID    Runtime      # DAGs    # Errors  Last Runtime    Last Run
---------------------------------------  -----  ---------  --------  ----------  --------------  -------------------
/opt/airflow/dags/youtube_extraction.py                           1           0  0.16s           2026-09-16T13:40:45
================================================================================
[2026-09-16T13:41:26.926+0000] {manager.py:878} INFO - 
================================================================================
DAG File Processing Stats

File Path                                PID    Runtime      # DAGs    # Errors  Last Runtime    Last Run
---------------------------------------  -----  ---------  --------  ----------  --------------  -------------------
/opt/airflow/dags/youtube_extraction.py                           1           0  0.45s           2026-09-16T13:41:16
================================================================================
[2026-09-16T13:41:57.483+0000] {manager.py:878} INFO - 
================================================================================
DAG File Processing Stats

File Path                                PID    Runtime      # DAGs    # Errors  Last Runtime    Last Run
---------------------------------------  -----  ---------  --------  ----------  --------------  -------------------
/opt/airflow/dags/youtube_extraction.py                           1           0  0.31s           2026-09-16T13:41:46
================================================================================
[2026-09-16T13:42:11.580+0000] {manager.py:737} INFO - Searching for files in /opt/airflow/dags
[2026-09-16T13:42:11.596+0000] {manager.py:740} INFO - There are 1 files in /opt/airflow/dags
[2026-09-16T13:42:28.015+0000] {manager.py:878} INFO - 
================================================================================
DAG File Processing Stats

File Path                                PID    Runtime      # DAGs    # Errors  Last Runtime    Last Run
---------------------------------------  -----  ---------  --------  ----------  --------------  -------------------
/opt/airflow/dags/youtube_extraction.py                           1           0  0.25s           2026-09-16T13:42:17
================================================================================
[2026-09-16T13:42:58.464+0000] {manager.py:878} INFO - 
================================================================================
DAG File Processing Stats

File Path                                PID    Runtime      # DAGs    # Errors  Last Runtime    Last Run
---------------------------------------  -----  ---------  --------  ----------  --------------  -------------------
/opt/airflow/dags/youtube_extraction.py                           1           0  0.16s           2026-09-16T13:42:47
================================================================================
[2026-09-16T13:43:28.783+0000] {manager.py:878} INFO - 
================================================================================
DAG File Processing Stats

File Path                                PID    Runtime      # DAGs    # Errors  Last Runtime    Last Run
---------------------------------------  -----  ---------  --------  ----------  --------------  -------------------
/opt/airflow/dags/youtube_extraction.py                           1           0  0.24s           2026-09-16T13:43:17
================================================================================
[2026-09-16T13:43:59.052+0000] {manager.py:878} INFO - 
================================================================================
DAG File Processing Stats

File Path                                PID    Runtime      # DAGs    # Errors  Last Runtime    Last Run
---------------------------------------  -----  ---------  --------  ----------  --------------  -------------------
/opt/airflow/dags/youtube_extraction.py                           1           0  0.25s           2026-09-16T13:43:48
================================================================================
[2026-09-16T13:44:29.381+0000] {manager.py:878} INFO - 
================================================================================
DAG File Processing Stats

File Path                                PID    Runtime      # DAGs    # Errors  Last Runtime    Last Run
---------------------------------------  -----  ---------  --------  ----------  --------------  -------------------
/opt/airflow/dags/youtube_extraction.py                           1           0  0.31s           2026-09-16T13:44:18
================================================================================
[2026-09-16T13:44:59.748+0000] {manager.py:878} INFO - 
================================================================================
DAG File Processing Stats

File Path                                PID    Runtime      # DAGs    # Errors  Last Runtime    Last Run
---------------------------------------  -----  ---------  --------  ----------  --------------  -------------------
/opt/airflow/dags/youtube_extraction.py                           1           0  0.44s           2026-09-16T13:44:48
================================================================================
[2026-09-16T13:45:30.210+0000] {manager.py:878} INFO - 
================================================================================
DAG File Processing Stats

File Path                                PID    Runtime      # DAGs    # Errors  Last Runtime    Last Run
---------------------------------------  -----  ---------  --------  ----------  --------------  -------------------
/opt/airflow/dags/youtube_extraction.py                           1           0  0.19s           2026-09-16T13:45:19
================================================================================
[2026-09-16T13:46:00.556+0000] {manager.py:878} INFO - 
================================================================================
DAG File Processing Stats

File Path                                PID    Runtime      # DAGs    # Errors  Last Runtime    Last Run
---------------------------------------  -----  ---------  --------  ----------  --------------  -------------------
/opt/airflow/dags/youtube_extraction.py                           1           0  0.18s           2026-09-16T13:45:49
================================================================================
[2026-09-16T13:46:30.884+0000] {manager.py:878} INFO - 
================================================================================
DAG File Processing Stats

File Path                                PID    Runtime      # DAGs    # Errors  Last Runtime    Last Run
---------------------------------------  -----  ---------  --------  ----------  --------------  -------------------
/opt/airflow/dags/youtube_extraction.py                           1           0  0.22s           2026-09-16T13:46:19
================================================================================
[2026-09-16T13:47:01.137+0000] {manager.py:878} INFO - 
================================================================================
DAG File Processing Stats

File Path                                PID    Runtime      # DAGs    # Errors  Last Runtime    Last Run
---------------------------------------  -----  ---------  --------  ----------  --------------  -------------------
/opt/airflow/dags/youtube_extraction.py                           1           0  0.19s           2026-09-16T13:46:50
================================================================================
[2026-09-16T13:47:12.208+0000] {manager.py:737} INFO - Searching for files in /opt/airflow/dags
[2026-09-16T13:47:12.223+0000] {manager.py:740} INFO - There are 1 files in /opt/airflow/dags
[2026-09-16T13:47:31.423+0000] {manager.py:878} INFO - 
================================================================================
DAG File Processing Stats

File Path                                PID    Runtime      # DAGs    # Errors  Last Runtime    Last Run
---------------------------------------  -----  ---------  --------  ----------  --------------  -------------------
/opt/airflow/dags/youtube_extraction.py                           1           0  0.27s           2026-09-16T13:47:20
================================================================================
[2026-09-16T13:48:01.776+0000] {manager.py:878} INFO - 
================================================================================
DAG File Processing Stats

File Path                                PID    Runtime      # DAGs    # Errors  Last Runtime    Last Run
---------------------------------------  -----  ---------  --------  ----------  --------------  -------------------
/opt/airflow/dags/youtube_extraction.py                           1           0  0.17s           2026-09-16T13:47:50
================================================================================
[2026-09-16T13:48:32.095+0000] {manager.py:878} INFO - 
================================================================================
DAG File Processing Stats

File Path                                PID    Runtime      # DAGs    # Errors  Last Runtime    Last Run
---------------------------------------  -----  ---------  --------  ----------  --------------  -------------------
/opt/airflow/dags/youtube_extraction.py                           1           0  0.16s           2026-09-16T13:48:21
================================================================================
[2026-09-16T13:49:02.390+0000] {manager.py:878} INFO - 
================================================================================
DAG File Processing Stats

File Path                                PID    Runtime      # DAGs    # Errors  Last Runtime    Last Run
---------------------------------------  -----  ---------  --------  ----------  --------------  -------------------
/opt/airflow/dags/youtube_extraction.py                           1           0  0.16s           2026-09-16T13:48:51
================================================================================
[2026-09-16T13:49:32.578+0000] {manager.py:878} INFO - 
================================================================================
DAG File Processing Stats

File Path                                PID    Runtime      # DAGs    # Errors  Last Runtime    Last Run
---------------------------------------  -----  ---------  --------  ----------  --------------  -------------------
/opt/airflow/dags/youtube_extraction.py                           1           0  0.15s           2026-09-16T13:49:21
================================================================================
[2026-09-16T13:50:02.855+0000] {manager.py:878} INFO - 
================================================================================
DAG File Processing Stats

File Path                                PID    Runtime      # DAGs    # Errors  Last Runtime    Last Run
---------------------------------------  -----  ---------  --------  ----------  --------------  -------------------
/opt/airflow/dags/youtube_extraction.py                           1           0  0.14s           2026-09-16T13:49:51
================================================================================
[2026-09-16T13:50:33.036+0000] {manager.py:878} INFO - 
================================================================================
DAG File Processing Stats

File Path                                PID    Runtime      # DAGs    # Errors  Last Runtime    Last Run
---------------------------------------  -----  ---------  --------  ----------  --------------  -------------------
/opt/airflow/dags/youtube_extraction.py                           1           0  0.15s           2026-09-16T13:50:22
================================================================================
[2026-09-16T13:51:03.333+0000] {manager.py:878} INFO - 
================================================================================
DAG File Processing Stats

File Path                                PID    Runtime      # DAGs    # Errors  Last Runtime    Last Run
---------------------------------------  -----  ---------  --------  ----------  --------------  -------------------
/opt/airflow/dags/youtube_extraction.py                           1           0  0.15s           2026-09-16T13:50:52
================================================================================
[2026-09-16T13:52:02.006+0000] {manager.py:470} INFO - Processing files using up to 2 processes at a time 
[2026-09-16T13:52:02.008+0000] {manager.py:471} INFO - Process each file at most once every 30 seconds
[2026-09-16T13:52:02.011+0000] {manager.py:472} INFO - Checking for new files in /opt/airflow/dags every 300 seconds
[2026-09-16T13:52:02.014+0000] {manager.py:737} INFO - Searching for files in /opt/airflow/dags
[2026-09-16T13:52:02.050+0000] {manager.py:740} INFO - There are 1 files in /opt/airflow/dags
[2026-09-16T13:52:12.226+0000] {manager.py:878} INFO - 
================================================================================
DAG File Processing Stats

File Path                                PID    Runtime      # DAGs    # Errors  Last Runtime    Last Run
---------------------------------------  -----  ---------  --------  ----------  --------------  -------------------
/opt/airflow/dags/youtube_extraction.py                           1           0  0.20s           2026-09-16T13:52:02
================================================================================
[2026-09-16T13:52:13.443+0000] {manager.py:452} INFO - Exiting gracefully upon receiving signal 15
