[2026-09-16T08:37:10.995+0000] {processor.py:161} INFO - Started process (PID=194) to work on /opt/airflow/dags/youtube_extraction.py
[2026-09-16T08:37:11.002+0000] {processor.py:830} INFO - Processing file /opt/airflow/dags/youtube_extraction.py for tasks to queue
[2026-09-16T08:37:11.032+0000] {logging_mixin.py:188} INFO - [2026-09-16T08:37:11.031+0000] {dagbag.py:545} INFO - Filling up the DagBag from /opt/airflow/dags/youtube_extraction.py
[2026-09-16T08:37:11.290+0000] {processor.py:840} INFO - DAG(s) 'youtube_extraction' retrieved from /opt/airflow/dags/youtube_extraction.py
[2026-09-16T08:37:13.128+0000] {logging_mixin.py:188} INFO - [2026-09-16T08:37:13.127+0000] {override.py:1829} INFO - Created Permission View: can delete on DAG:youtube_extraction
[2026-09-16T08:37:13.173+0000] {logging_mixin.py:188} INFO - [2026-09-16T08:37:13.172+0000] {override.py:1829} INFO - Created Permission View: can read on DAG:youtube_extraction
[2026-09-16T08:37:13.205+0000] {logging_mixin.py:188} INFO - [2026-09-16T08:37:13.203+0000] {override.py:1829} INFO - Created Permission View: can edit on DAG:youtube_extraction
[2026-09-16T08:37:13.210+0000] {logging_mixin.py:188} INFO - [2026-09-16T08:37:13.209+0000] {dag.py:3096} INFO - Sync 1 DAGs
[2026-09-16T08:37:13.279+0000] {logging_mixin.py:188} INFO - [2026-09-16T08:37:13.278+0000] {dag.py:3118} INFO - Creating ORM DAG for youtube_extraction
[2026-09-16T08:37:13.302+0000] {logging_mixin.py:188} INFO - [2026-09-16T08:37:13.302+0000] {dag.py:3954} INFO - Setting next_dagrun for youtube_extraction to None, run_after=None
[2026-09-16T08:37:13.462+0000] {processor.py:183} INFO - Processing /opt/airflow/dags/youtube_extraction.py took 2.487 seconds
[2026-09-16T08:37:43.719+0000] {processor.py:161} INFO - Started process (PID=206) to work on /opt/airflow/dags/youtube_extraction.py
[2026-09-16T08:37:43.722+0000] {processor.py:830} INFO - Processing file /opt/airflow/dags/youtube_extraction.py for tasks to queue
[2026-09-16T08:37:43.725+0000] {logging_mixin.py:188} INFO - [2026-09-16T08:37:43.725+0000] {dagbag.py:545} INFO - Filling up the DagBag from /opt/airflow/dags/youtube_extraction.py
[2026-09-16T08:37:43.748+0000] {processor.py:840} INFO - DAG(s) 'youtube_extraction' retrieved from /opt/airflow/dags/youtube_extraction.py
[2026-09-16T08:37:43.858+0000] {logging_mixin.py:188} INFO - [2026-09-16T08:37:43.858+0000] {dag.py:3096} INFO - Sync 1 DAGs
[2026-09-16T08:37:43.884+0000] {logging_mixin.py:188} INFO - [2026-09-16T08:37:43.883+0000] {dag.py:3954} INFO - Setting next_dagrun for youtube_extraction to None, run_after=None
[2026-09-16T08:37:43.939+0000] {processor.py:183} INFO - Processing /opt/airflow/dags/youtube_extraction.py took 0.228 seconds
[2026-09-16T08:38:14.165+0000] {processor.py:161} INFO - Started process (PID=217) to work on /opt/airflow/dags/youtube_extraction.py
[2026-09-16T08:38:14.167+0000] {processor.py:830} INFO - Processing file /opt/airflow/dags/youtube_extraction.py for tasks to queue
[2026-09-16T08:38:14.170+0000] {logging_mixin.py:188} INFO - [2026-09-16T08:38:14.169+0000] {dagbag.py:545} INFO - Filling up the DagBag from /opt/airflow/dags/youtube_extraction.py
[2026-09-16T08:38:14.187+0000] {processor.py:840} INFO - DAG(s) 'youtube_extraction' retrieved from /opt/airflow/dags/youtube_extraction.py
[2026-09-16T08:38:14.226+0000] {logging_mixin.py:188} INFO - [2026-09-16T08:38:14.226+0000] {dag.py:3096} INFO - Sync 1 DAGs
[2026-09-16T08:38:14.244+0000] {logging_mixin.py:188} INFO - [2026-09-16T08:38:14.243+0000] {dag.py:3954} INFO - Setting next_dagrun for youtube_extraction to None, run_after=None
[2026-09-16T08:38:14.274+0000] {processor.py:183} INFO - Processing /opt/airflow/dags/youtube_extraction.py took 0.116 seconds
[2026-09-16T08:38:44.389+0000] {processor.py:161} INFO - Started process (PID=230) to work on /opt/airflow/dags/youtube_extraction.py
[2026-09-16T08:38:44.396+0000] {processor.py:830} INFO - Processing file /opt/airflow/dags/youtube_extraction.py for tasks to queue
[2026-09-16T08:38:44.402+0000] {logging_mixin.py:188} INFO - [2026-09-16T08:38:44.401+0000] {dagbag.py:545} INFO - Filling up the DagBag from /opt/airflow/dags/youtube_extraction.py
[2026-09-16T08:38:44.449+0000] {processor.py:840} INFO - DAG(s) 'youtube_extraction' retrieved from /opt/airflow/dags/youtube_extraction.py
[2026-09-16T08:38:44.541+0000] {logging_mixin.py:188} INFO - [2026-09-16T08:38:44.540+0000] {dag.py:3096} INFO - Sync 1 DAGs
[2026-09-16T08:38:44.574+0000] {logging_mixin.py:188} INFO - [2026-09-16T08:38:44.574+0000] {dag.py:3954} INFO - Setting next_dagrun for youtube_extraction to None, run_after=None
[2026-09-16T08:38:44.612+0000] {processor.py:183} INFO - Processing /opt/airflow/dags/youtube_extraction.py took 0.248 seconds
[2026-09-16T08:39:14.681+0000] {processor.py:161} INFO - Started process (PID=241) to work on /opt/airflow/dags/youtube_extraction.py
[2026-09-16T08:39:14.684+0000] {processor.py:830} INFO - Processing file /opt/airflow/dags/youtube_extraction.py for tasks to queue
[2026-09-16T08:39:14.688+0000] {logging_mixin.py:188} INFO - [2026-09-16T08:39:14.687+0000] {dagbag.py:545} INFO - Filling up the DagBag from /opt/airflow/dags/youtube_extraction.py
[2026-09-16T08:39:14.712+0000] {processor.py:840} INFO - DAG(s) 'youtube_extraction' retrieved from /opt/airflow/dags/youtube_extraction.py
[2026-09-16T08:39:14.758+0000] {logging_mixin.py:188} INFO - [2026-09-16T08:39:14.757+0000] {dag.py:3096} INFO - Sync 1 DAGs
[2026-09-16T08:39:14.778+0000] {logging_mixin.py:188} INFO - [2026-09-16T08:39:14.777+0000] {dag.py:3954} INFO - Setting next_dagrun for youtube_extraction to None, run_after=None
[2026-09-16T08:39:14.815+0000] {processor.py:183} INFO - Processing /opt/airflow/dags/youtube_extraction.py took 0.145 seconds
[2026-09-16T08:39:45.024+0000] {processor.py:161} INFO - Started process (PID=252) to work on /opt/airflow/dags/youtube_extraction.py
[2026-09-16T08:39:45.027+0000] {processor.py:830} INFO - Processing file /opt/airflow/dags/youtube_extraction.py for tasks to queue
[2026-09-16T08:39:45.031+0000] {logging_mixin.py:188} INFO - [2026-09-16T08:39:45.030+0000] {dagbag.py:545} INFO - Filling up the DagBag from /opt/airflow/dags/youtube_extraction.py
[2026-09-16T08:39:45.051+0000] {processor.py:840} INFO - DAG(s) 'youtube_extraction' retrieved from /opt/airflow/dags/youtube_extraction.py
[2026-09-16T08:39:45.086+0000] {logging_mixin.py:188} INFO - [2026-09-16T08:39:45.086+0000] {dag.py:3096} INFO - Sync 1 DAGs
[2026-09-16T08:39:45.102+0000] {logging_mixin.py:188} INFO - [2026-09-16T08:39:45.101+0000] {dag.py:3954} INFO - Setting next_dagrun for youtube_extraction to None, run_after=None
[2026-09-16T08:39:45.132+0000] {processor.py:183} INFO - Processing /opt/airflow/dags/youtube_extraction.py took 0.116 seconds
[2026-09-16T08:40:15.221+0000] {processor.py:161} INFO - Started process (PID=263) to work on /opt/airflow/dags/youtube_extraction.py
[2026-09-16T08:40:15.223+0000] {processor.py:830} INFO - Processing file /opt/airflow/dags/youtube_extraction.py for tasks to queue
[2026-09-16T08:40:15.227+0000] {logging_mixin.py:188} INFO - [2026-09-16T08:40:15.227+0000] {dagbag.py:545} INFO - Filling up the DagBag from /opt/airflow/dags/youtube_extraction.py
[2026-09-16T08:40:15.248+0000] {processor.py:840} INFO - DAG(s) 'youtube_extraction' retrieved from /opt/airflow/dags/youtube_extraction.py
[2026-09-16T08:40:15.288+0000] {logging_mixin.py:188} INFO - [2026-09-16T08:40:15.288+0000] {dag.py:3096} INFO - Sync 1 DAGs
[2026-09-16T08:40:15.304+0000] {logging_mixin.py:188} INFO - [2026-09-16T08:40:15.304+0000] {dag.py:3954} INFO - Setting next_dagrun for youtube_extraction to None, run_after=None
[2026-09-16T08:40:15.333+0000] {processor.py:183} INFO - Processing /opt/airflow/dags/youtube_extraction.py took 0.120 seconds
[2026-09-16T08:40:45.507+0000] {processor.py:161} INFO - Started process (PID=274) to work on /opt/airflow/dags/youtube_extraction.py
[2026-09-16T08:40:45.511+0000] {processor.py:830} INFO - Processing file /opt/airflow/dags/youtube_extraction.py for tasks to queue
[2026-09-16T08:40:45.516+0000] {logging_mixin.py:188} INFO - [2026-09-16T08:40:45.515+0000] {dagbag.py:545} INFO - Filling up the DagBag from /opt/airflow/dags/youtube_extraction.py
[2026-09-16T08:40:45.545+0000] {processor.py:840} INFO - DAG(s) 'youtube_extraction' retrieved from /opt/airflow/dags/youtube_extraction.py
[2026-09-16T08:40:45.623+0000] {logging_mixin.py:188} INFO - [2026-09-16T08:40:45.623+0000] {dag.py:3096} INFO - Sync 1 DAGs
[2026-09-16T08:40:45.657+0000] {logging_mixin.py:188} INFO - [2026-09-16T08:40:45.656+0000] {dag.py:3954} INFO - Setting next_dagrun for youtube_extraction to None, run_after=None
[2026-09-16T08:40:45.708+0000] {processor.py:183} INFO - Processing /opt/airflow/dags/youtube_extraction.py took 0.213 seconds
[2026-09-16T08:41:15.898+0000] {processor.py:161} INFO - Started process (PID=285) to work on /opt/airflow/dags/youtube_extraction.py
[2026-09-16T08:41:15.901+0000] {processor.py:830} INFO - Processing file /opt/airflow/dags/youtube_extraction.py for tasks to queue
[2026-09-16T08:41:15.904+0000] {logging_mixin.py:188} INFO - [2026-09-16T08:41:15.903+0000] {dagbag.py:545} INFO - Filling up the DagBag from /opt/airflow/dags/youtube_extraction.py
[2026-09-16T08:41:15.927+0000] {processor.py:840} INFO - DAG(s) 'youtube_extraction' retrieved from /opt/airflow/dags/youtube_extraction.py
[2026-09-16T08:41:15.969+0000] {logging_mixin.py:188} INFO - [2026-09-16T08:41:15.969+0000] {dag.py:3096} INFO - Sync 1 DAGs
[2026-09-16T08:41:15.984+0000] {logging_mixin.py:188} INFO - [2026-09-16T08:41:15.984+0000] {dag.py:3954} INFO - Setting next_dagrun for youtube_extraction to None, run_after=None
[2026-09-16T08:41:16.021+0000] {processor.py:183} INFO - Processing /opt/airflow/dags/youtube_extraction.py took 0.131 seconds
[2026-09-16T08:41:46.075+0000] {processor.py:161} INFO - Started process (PID=296) to work on /opt/airflow/dags/youtube_extraction.py
[2026-09-16T08:41:46.077+0000] {processor.py:830} INFO - Processing file /opt/airflow/dags/youtube_extraction.py for tasks to queue
[2026-09-16T08:41:46.082+0000] {logging_mixin.py:188} INFO - [2026-09-16T08:41:46.081+0000] {dagbag.py:545} INFO - Filling up the DagBag from /opt/airflow/dags/youtube_extraction.py
[2026-09-16T08:41:46.101+0000] {processor.py:840} INFO - DAG(s) 'youtube_extraction' retrieved from /opt/airflow/dags/youtube_extraction.py
[2026-09-16T08:41:46.138+0000] {logging_mixin.py:188} INFO - [2026-09-16T08:41:46.138+0000] {dag.py:3096} INFO - Sync 1 DAGs
[2026-09-16T08:41:46.154+0000] {logging_mixin.py:188} INFO - [2026-09-16T08:41:46.153+0000] {dag.py:3954} INFO - Setting next_dagrun for youtube_extraction to None, run_after=None
[2026-09-16T08:41:46.183+0000] {processor.py:183} INFO - Processing /opt/airflow/dags/youtube_extraction.py took 0.116 seconds
[2026-09-16T08:42:16.433+0000] {processor.py:161} INFO - Started process (PID=307) to work on /opt/airflow/dags/youtube_extraction.py
[2026-09-16T08:42:16.436+0000] {processor.py:830} INFO - Processing file /opt/airflow/dags/youtube_extraction.py for tasks to queue
[2026-09-16T08:42:16.440+0000] {logging_mixin.py:188} INFO - [2026-09-16T08:42:16.439+0000] {dagbag.py:545} INFO - Filling up the DagBag from /opt/airflow/dags/youtube_extraction.py
[2026-09-16T08:42:16.464+0000] {processor.py:840} INFO - DAG(s) 'youtube_extraction' retrieved from /opt/airflow/dags/youtube_extraction.py
[2026-09-16T08:42:16.509+0000] {logging_mixin.py:188} INFO - [2026-09-16T08:42:16.509+0000] {dag.py:3096} INFO - Sync 1 DAGs
[2026-09-16T08:42:16.531+0000] {logging_mixin.py:188} INFO - [2026-09-16T08:42:16.531+0000] {dag.py:3954} INFO - Setting next_dagrun for youtube_extraction to None, run_after=None
[2026-09-16T08:42:16.571+0000] {processor.py:183} INFO - Processing /opt/airflow/dags/youtube_extraction.py took 0.148 seconds
[2026-09-16T08:42:46.769+0000] {processor.py:161} INFO - Started process (PID=318) to work on /opt/airflow/dags/youtube_extraction.py
[2026-09-16T08:42:46.771+0000] {processor.py:830} INFO - Processing file /opt/airflow/dags/youtube_extraction.py for tasks to queue
[2026-09-16T08:42:46.775+0000] {logging_mixin.py:188} INFO - [2026-09-16T08:42:46.774+0000] {dagbag.py:545} INFO - Filling up the DagBag from /opt/airflow/dags/youtube_extraction.py
[2026-09-16T08:42:46.795+0000] {processor.py:840} INFO - DAG(s) 'youtube_extraction' retrieved from /opt/airflow/dags/youtube_extraction.py
[2026-09-16T08:42:46.842+0000] {logging_mixin.py:188} INFO - [2026-09-16T08:42:46.841+0000] {dag.py:3096} INFO - Sync 1 DAGs
[2026-09-16T08:42:46.868+0000] {logging_mixin.py:188} INFO - [2026-09-16T08:42:46.867+0000] {dag.py:3954} INFO - Setting next_dagrun for youtube_extraction to None, run_after=None
[2026-09-16T08:42:46.914+0000] {processor.py:183} INFO - Processing /opt/airflow/dags/youtube_extraction.py took 0.153 seconds
[2026-09-16T08:43:17.126+0000] {processor.py:161} INFO - Started process (PID=329) to work on /opt/airflow/dags/youtube_extraction.py
[2026-09-16T08:43:17.128+0000] {processor.py:830} INFO - Processing file /opt/airflow/dags/youtube_extraction.py for tasks to queue
[2026-09-16T08:43:17.132+0000] {logging_mixin.py:188} INFO - [2026-09-16T08:43:17.131+0000] {dagbag.py:545} INFO - Filling up the DagBag from /opt/airflow/dags/youtube_extraction.py
[2026-09-16T08:43:17.151+0000] {processor.py:840} INFO - DAG(s) 'youtube_extraction' retrieved from /opt/airflow/dags/youtube_extraction.py
[2026-09-16T08:43:17.188+0000] {logging_mixin.py:188} INFO - [2026-09-16T08:43:17.188+0000] {dag.py:3096} INFO - Sync 1 DAGs
[2026-09-16T08:43:17.205+0000] {logging_mixin.py:188} INFO - [2026-09-16T08:43:17.205+0000] {dag.py:3954} INFO - Setting next_dagrun for youtube_extraction to None, run_after=None
[2026-09-16T08:43:17.231+0000] {processor.py:183} INFO - Processing /opt/airflow/dags/youtube_extraction.py took 0.112 seconds
[2026-09-16T08:43:47.326+0000] {processor.py:161} INFO - Started process (PID=340) to work on /opt/airflow/dags/youtube_extraction.py
[2026-09-16T08:43:47.329+0000] {processor.py:830} INFO - Processing file /opt/airflow/dags/youtube_extraction.py for tasks to queue
[2026-09-16T08:43:47.334+0000] {logging_mixin.py:188} INFO - [2026-09-16T08:43:47.333+0000] {dagbag.py:545} INFO - Filling up the DagBag from /opt/airflow/dags/youtube_extraction.py
[2026-09-16T08:43:47.354+0000] {processor.py:840} INFO - DAG(s) 'youtube_extraction' retrieved from /opt/airflow/dags/youtube_extraction.py
[2026-09-16T08:43:47.391+0000] {logging_mixin.py:188} INFO - [2026-09-16T08:43:47.390+0000] {dag.py:3096} INFO - Sync 1 DAGs
[2026-09-16T08:43:47.407+0000] {logging_mixin.py:188} INFO - [2026-09-16T08:43:47.407+0000] {dag.py:3954} INFO - Setting next_dagrun for youtube_extraction to None, run_after=None
[2026-09-16T08:43:47.439+0000] {processor.py:183} INFO - Processing /opt/airflow/dags/youtube_extraction.py took 0.124 seconds
[2026-09-16T08:44:17.602+0000] {processor.py:161} INFO - Started process (PID=351) to work on /opt/airflow/dags/youtube_extraction.py
[2026-09-16T08:44:17.604+0000] {processor.py:830} INFO - Processing file /opt/airflow/dags/youtube_extraction.py for tasks to queue
[2026-09-16T08:44:17.607+0000] {logging_mixin.py:188} INFO - [2026-09-16T08:44:17.607+0000] {dagbag.py:545} INFO - Filling up the DagBag from /opt/airflow/dags/youtube_extraction.py
[2026-09-16T08:44:17.627+0000] {processor.py:840} INFO - DAG(s) 'youtube_extraction' retrieved from /opt/airflow/dags/youtube_extraction.py
[2026-09-16T08:44:17.660+0000] {logging_mixin.py:188} INFO - [2026-09-16T08:44:17.660+0000] {dag.py:3096} INFO - Sync 1 DAGs
[2026-09-16T08:44:17.677+0000] {logging_mixin.py:188} INFO - [2026-09-16T08:44:17.677+0000] {dag.py:3954} INFO - Setting next_dagrun for youtube_extraction to None, run_after=None
[2026-09-16T08:44:17.710+0000] {processor.py:183} INFO - Processing /opt/airflow/dags/youtube_extraction.py took 0.117 seconds
[2026-09-16T08:44:47.810+0000] {processor.py:161} INFO - Started process (PID=362) to work on /opt/airflow/dags/youtube_extraction.py
[2026-09-16T08:44:47.813+0000] {processor.py:830} INFO - Processing file /opt/airflow/dags/youtube_extraction.py for tasks to queue
[2026-09-16T08:44:47.817+0000] {logging_mixin.py:188} INFO - [2026-09-16T08:44:47.817+0000] {dagbag.py:545} INFO - Filling up the DagBag from /opt/airflow/dags/youtube_extraction.py
[2026-09-16T08:44:47.834+0000] {processor.py:840} INFO - DAG(s) 'youtube_extraction' retrieved from /opt/airflow/dags/youtube_extraction.py
[2026-09-16T08:44:47.866+0000] {logging_mixin.py:188} INFO - [2026-09-16T08:44:47.866+0000] {dag.py:3096} INFO - Sync 1 DAGs
[2026-09-16T08:44:47.881+0000] {logging_mixin.py:188} INFO - [2026-09-16T08:44:47.881+0000] {dag.py:3954} INFO - Setting next_dagrun for youtube_extraction to None, run_after=None
[2026-09-16T08:44:47.914+0000] {processor.py:183} INFO - Processing /opt/airflow/dags/youtube_extraction.py took 0.111 seconds
[2026-09-16T08:45:18.087+0000] {processor.py:161} INFO - Started process (PID=373) to work on /opt/airflow/dags/youtube_extraction.py
[2026-09-16T08:45:18.090+0000] {processor.py:830} INFO - Processing file /opt/airflow/dags/youtube_extraction.py for tasks to queue
[2026-09-16T08:45:18.093+0000] {logging_mixin.py:188} INFO - [2026-09-16T08:45:18.092+0000] {dagbag.py:545} INFO - Filling up the DagBag from /opt/airflow/dags/youtube_extraction.py
[2026-09-16T08:45:18.119+0000] {processor.py:840} INFO - DAG(s) 'youtube_extraction' retrieved from /opt/airflow/dags/youtube_extraction.py
[2026-09-16T08:45:18.168+0000] {logging_mixin.py:188} INFO - [2026-09-16T08:45:18.168+0000] {dag.py:3096} INFO - Sync 1 DAGs
[2026-09-16T08:45:18.193+0000] {logging_mixin.py:188} INFO - [2026-09-16T08:45:18.192+0000] {dag.py:3954} INFO - Setting next_dagrun for youtube_extraction to None, run_after=None
[2026-09-16T08:45:18.242+0000] {processor.py:183} INFO - Processing /opt/airflow/dags/youtube_extraction.py took 0.168 seconds
[2026-09-16T08:45:48.441+0000] {processor.py:161} INFO - Started process (PID=384) to work on /opt/airflow/dags/youtube_extraction.py
[2026-09-16T08:45:48.444+0000] {processor.py:830} INFO - Processing file /opt/airflow/dags/youtube_extraction.py for tasks to queue
[2026-09-16T08:45:48.447+0000] {logging_mixin.py:188} INFO - [2026-09-16T08:45:48.446+0000] {dagbag.py:545} INFO - Filling up the DagBag from /opt/airflow/dags/youtube_extraction.py
[2026-09-16T08:45:48.462+0000] {processor.py:840} INFO - DAG(s) 'youtube_extraction' retrieved from /opt/airflow/dags/youtube_extraction.py
[2026-09-16T08:45:48.497+0000] {logging_mixin.py:188} INFO - [2026-09-16T08:45:48.496+0000] {dag.py:3096} INFO - Sync 1 DAGs
[2026-09-16T08:45:48.512+0000] {logging_mixin.py:188} INFO - [2026-09-16T08:45:48.512+0000] {dag.py:3954} INFO - Setting next_dagrun for youtube_extraction to None, run_after=None
[2026-09-16T08:45:48.544+0000] {processor.py:183} INFO - Processing /opt/airflow/dags/youtube_extraction.py took 0.110 seconds
[2026-09-16T08:46:18.699+0000] {processor.py:161} INFO - Started process (PID=395) to work on /opt/airflow/dags/youtube_extraction.py
[2026-09-16T08:46:18.701+0000] {processor.py:830} INFO - Processing file /opt/airflow/dags/youtube_extraction.py for tasks to queue
[2026-09-16T08:46:18.705+0000] {logging_mixin.py:188} INFO - [2026-09-16T08:46:18.704+0000] {dagbag.py:545} INFO - Filling up the DagBag from /opt/airflow/dags/youtube_extraction.py
[2026-09-16T08:46:18.724+0000] {processor.py:840} INFO - DAG(s) 'youtube_extraction' retrieved from /opt/airflow/dags/youtube_extraction.py
[2026-09-16T08:46:18.762+0000] {logging_mixin.py:188} INFO - [2026-09-16T08:46:18.762+0000] {dag.py:3096} INFO - Sync 1 DAGs
[2026-09-16T08:46:18.781+0000] {logging_mixin.py:188} INFO - [2026-09-16T08:46:18.780+0000] {dag.py:3954} INFO - Setting next_dagrun for youtube_extraction to None, run_after=None
[2026-09-16T08:46:18.817+0000] {processor.py:183} INFO - Processing /opt/airflow/dags/youtube_extraction.py took 0.128 seconds
[2026-09-16T08:46:48.918+0000] {processor.py:161} INFO - Started process (PID=406) to work on /opt/airflow/dags/youtube_extraction.py
[2026-09-16T08:46:48.920+0000] {processor.py:830} INFO - Processing file /opt/airflow/dags/youtube_extraction.py for tasks to queue
[2026-09-16T08:46:48.923+0000] {logging_mixin.py:188} INFO - [2026-09-16T08:46:48.923+0000] {dagbag.py:545} INFO - Filling up the DagBag from /opt/airflow/dags/youtube_extraction.py
[2026-09-16T08:46:48.941+0000] {processor.py:840} INFO - DAG(s) 'youtube_extraction' retrieved from /opt/airflow/dags/youtube_extraction.py
[2026-09-16T08:46:48.973+0000] {logging_mixin.py:188} INFO - [2026-09-16T08:46:48.973+0000] {dag.py:3096} INFO - Sync 1 DAGs
[2026-09-16T08:46:48.988+0000] {logging_mixin.py:188} INFO - [2026-09-16T08:46:48.988+0000] {dag.py:3954} INFO - Setting next_dagrun for youtube_extraction to None, run_after=None
[2026-09-16T08:46:49.025+0000] {processor.py:183} INFO - Processing /opt/airflow/dags/youtube_extraction.py took 0.115 seconds
[2026-09-16T08:47:19.184+0000] {processor.py:161} INFO - Started process (PID=417) to work on /opt/airflow/dags/youtube_extraction.py
[2026-09-16T08:47:19.186+0000] {processor.py:830} INFO - Processing file /opt/airflow/dags/youtube_extraction.py for tasks to queue
[2026-09-16T08:47:19.189+0000] {logging_mixin.py:188} INFO - [2026-09-16T08:47:19.189+0000] {dagbag.py:545} INFO - Filling up the DagBag from /opt/airflow/dags/youtube_extraction.py
[2026-09-16T08:47:19.205+0000] {processor.py:840} INFO - DAG(s) 'youtube_extraction' retrieved from /opt/airflow/dags/youtube_extraction.py
[2026-09-16T08:47:19.237+0000] {logging_mixin.py:188} INFO - [2026-09-16T08:47:19.236+0000] {dag.py:3096} INFO - Sync 1 DAGs
[2026-09-16T08:47:19.254+0000] {logging_mixin.py:188} INFO - [2026-09-16T08:47:19.253+0000] {dag.py:3954} INFO - Setting next_dagrun for youtube_extraction to None, run_after=None
[2026-09-16T08:47:19.281+0000] {processor.py:183} INFO - Processing /opt/airflow/dags/youtube_extraction.py took 0.103 seconds
[2026-09-16T08:47:49.365+0000] {processor.py:161} INFO - Started process (PID=428) to work on /opt/airflow/dags/youtube_extraction.py
[2026-09-16T08:47:49.367+0000] {processor.py:830} INFO - Processing file /opt/airflow/dags/youtube_extraction.py for tasks to queue
[2026-09-16T08:47:49.370+0000] {logging_mixin.py:188} INFO - [2026-09-16T08:47:49.370+0000] {dagbag.py:545} INFO - Filling up the DagBag from /opt/airflow/dags/youtube_extraction.py
[2026-09-16T08:47:49.386+0000] {processor.py:840} INFO - DAG(s) 'youtube_extraction' retrieved from /opt/airflow/dags/youtube_extraction.py
[2026-09-16T08:47:49.419+0000] {logging_mixin.py:188} INFO - [2026-09-16T08:47:49.418+0000] {dag.py:3096} INFO - Sync 1 DAGs
[2026-09-16T08:47:49.435+0000] {logging_mixin.py:188} INFO - [2026-09-16T08:47:49.435+0000] {dag.py:3954} INFO - Setting next_dagrun for youtube_extraction to None, run_after=None
[2026-09-16T08:47:49.468+0000] {processor.py:183} INFO - Processing /opt/airflow/dags/youtube_extraction.py took 0.110 seconds
[2026-09-16T08:48:19.641+0000] {processor.py:161} INFO - Started process (PID=439) to work on /opt/airflow/dags/youtube_extraction.py
[2026-09-16T08:48:19.643+0000] {processor.py:830} INFO - Processing file /opt/airflow/dags/youtube_extraction.py for tasks to queue
[2026-09-16T08:48:19.646+0000] {logging_mixin.py:188} INFO - [2026-09-16T08:48:19.646+0000] {dagbag.py:545} INFO - Filling up the DagBag from /opt/airflow/dags/youtube_extraction.py
[2026-09-16T08:48:19.663+0000] {processor.py:840} INFO - DAG(s) 'youtube_extraction' retrieved from /opt/airflow/dags/youtube_extraction.py
[2026-09-16T08:48:19.699+0000] {logging_mixin.py:188} INFO - [2026-09-16T08:48:19.699+0000] {dag.py:3096} INFO - Sync 1 DAGs
[2026-09-16T08:48:19.719+0000] {logging_mixin.py:188} INFO - [2026-09-16T08:48:19.718+0000] {dag.py:3954} INFO - Setting next_dagrun for youtube_extraction to None, run_after=None
[2026-09-16T08:48:19.759+0000] {processor.py:183} INFO - Processing /opt/airflow/dags/youtube_extraction.py took 0.128 seconds
[2026-09-16T08:48:49.840+0000] {processor.py:161} INFO - Started process (PID=450) to work on /opt/airflow/dags/youtube_extraction.py
[2026-09-16T08:48:49.842+0000] {processor.py:830} INFO - Processing file /opt/airflow/dags/youtube_extraction.py for tasks to queue
[2026-09-16T08:48:49.848+0000] {logging_mixin.py:188} INFO - [2026-09-16T08:48:49.848+0000] {dagbag.py:545} INFO - Filling up the DagBag from /opt/airflow/dags/youtube_extraction.py
[2026-09-16T08:48:49.872+0000] {processor.py:840} INFO - DAG(s) 'youtube_extraction' retrieved from /opt/airflow/dags/youtube_extraction.py
[2026-09-16T08:48:49.914+0000] {logging_mixin.py:188} INFO - [2026-09-16T08:48:49.913+0000] {dag.py:3096} INFO - Sync 1 DAGs
[2026-09-16T08:48:49.937+0000] {logging_mixin.py:188} INFO - [2026-09-16T08:48:49.937+0000] {dag.py:3954} INFO - Setting next_dagrun for youtube_extraction to None, run_after=None
[2026-09-16T08:48:49.974+0000] {processor.py:183} INFO - Processing /opt/airflow/dags/youtube_extraction.py took 0.144 seconds
[2026-09-16T08:49:20.171+0000] {processor.py:161} INFO - Started process (PID=461) to work on /opt/airflow/dags/youtube_extraction.py
[2026-09-16T08:49:20.175+0000] {processor.py:830} INFO - Processing file /opt/airflow/dags/youtube_extraction.py for tasks to queue
[2026-09-16T08:49:20.180+0000] {logging_mixin.py:188} INFO - [2026-09-16T08:49:20.179+0000] {dagbag.py:545} INFO - Filling up the DagBag from /opt/airflow/dags/youtube_extraction.py
[2026-09-16T08:49:20.205+0000] {processor.py:840} INFO - DAG(s) 'youtube_extraction' retrieved from /opt/airflow/dags/youtube_extraction.py
[2026-09-16T08:49:20.274+0000] {logging_mixin.py:188} INFO - [2026-09-16T08:49:20.274+0000] {dag.py:3096} INFO - Sync 1 DAGs
[2026-09-16T08:49:20.317+0000] {logging_mixin.py:188} INFO - [2026-09-16T08:49:20.316+0000] {dag.py:3954} INFO - Setting next_dagrun for youtube_extraction to None, run_after=None
[2026-09-16T08:49:20.382+0000] {processor.py:183} INFO - Processing /opt/airflow/dags/youtube_extraction.py took 0.222 seconds
[2026-09-16T08:49:50.609+0000] {processor.py:161} INFO - Started process (PID=472) to work on /opt/airflow/dags/youtube_extraction.py
[2026-09-16T08:49:50.611+0000] {processor.py:830} INFO - Processing file /opt/airflow/dags/youtube_extraction.py for tasks to queue
[2026-09-16T08:49:50.616+0000] {logging_mixin.py:188} INFO - [2026-09-16T08:49:50.615+0000] {dagbag.py:545} INFO - Filling up the DagBag from /opt/airflow/dags/youtube_extraction.py
[2026-09-16T08:49:50.634+0000] {processor.py:840} INFO - DAG(s) 'youtube_extraction' retrieved from /opt/airflow/dags/youtube_extraction.py
[2026-09-16T08:49:50.670+0000] {logging_mixin.py:188} INFO - [2026-09-16T08:49:50.669+0000] {dag.py:3096} INFO - Sync 1 DAGs
[2026-09-16T08:49:50.690+0000] {logging_mixin.py:188} INFO - [2026-09-16T08:49:50.690+0000] {dag.py:3954} INFO - Setting next_dagrun for youtube_extraction to None, run_after=None
[2026-09-16T08:49:50.732+0000] {processor.py:183} INFO - Processing /opt/airflow/dags/youtube_extraction.py took 0.134 seconds
[2026-09-16T08:50:20.792+0000] {processor.py:161} INFO - Started process (PID=483) to work on /opt/airflow/dags/youtube_extraction.py
[2026-09-16T08:50:20.794+0000] {processor.py:830} INFO - Processing file /opt/airflow/dags/youtube_extraction.py for tasks to queue
[2026-09-16T08:50:20.798+0000] {logging_mixin.py:188} INFO - [2026-09-16T08:50:20.797+0000] {dagbag.py:545} INFO - Filling up the DagBag from /opt/airflow/dags/youtube_extraction.py
[2026-09-16T08:50:20.815+0000] {processor.py:840} INFO - DAG(s) 'youtube_extraction' retrieved from /opt/airflow/dags/youtube_extraction.py
[2026-09-16T08:50:20.847+0000] {logging_mixin.py:188} INFO - [2026-09-16T08:50:20.846+0000] {dag.py:3096} INFO - Sync 1 DAGs
[2026-09-16T08:50:20.862+0000] {logging_mixin.py:188} INFO - [2026-09-16T08:50:20.862+0000] {dag.py:3954} INFO - Setting next_dagrun for youtube_extraction to None, run_after=None
[2026-09-16T08:50:20.894+0000] {processor.py:183} INFO - Processing /opt/airflow/dags/youtube_extraction.py took 0.110 seconds
[2026-09-16T08:50:51.173+0000] {processor.py:161} INFO - Started process (PID=494) to work on /opt/airflow/dags/youtube_extraction.py
[2026-09-16T08:50:51.176+0000] {processor.py:830} INFO - Processing file /opt/airflow/dags/youtube_extraction.py for tasks to queue
[2026-09-16T08:50:51.183+0000] {logging_mixin.py:188} INFO - [2026-09-16T08:50:51.182+0000] {dagbag.py:545} INFO - Filling up the DagBag from /opt/airflow/dags/youtube_extraction.py
[2026-09-16T08:50:51.229+0000] {processor.py:840} INFO - DAG(s) 'youtube_extraction' retrieved from /opt/airflow/dags/youtube_extraction.py
[2026-09-16T08:50:51.332+0000] {logging_mixin.py:188} INFO - [2026-09-16T08:50:51.332+0000] {dag.py:3096} INFO - Sync 1 DAGs
[2026-09-16T08:50:51.388+0000] {logging_mixin.py:188} INFO - [2026-09-16T08:50:51.388+0000] {dag.py:3954} INFO - Setting next_dagrun for youtube_extraction to None, run_after=None
[2026-09-16T08:50:51.468+0000] {processor.py:183} INFO - Processing /opt/airflow/dags/youtube_extraction.py took 0.316 seconds
[2026-09-16T08:51:21.734+0000] {processor.py:161} INFO - Started process (PID=505) to work on /opt/airflow/dags/youtube_extraction.py
[2026-09-16T08:51:21.741+0000] {processor.py:830} INFO - Processing file /opt/airflow/dags/youtube_extraction.py for tasks to queue
[2026-09-16T08:51:21.748+0000] {logging_mixin.py:188} INFO - [2026-09-16T08:51:21.747+0000] {dagbag.py:545} INFO - Filling up the DagBag from /opt/airflow/dags/youtube_extraction.py
[2026-09-16T08:51:21.777+0000] {processor.py:840} INFO - DAG(s) 'youtube_extraction' retrieved from /opt/airflow/dags/youtube_extraction.py
[2026-09-16T08:51:21.866+0000] {logging_mixin.py:188} INFO - [2026-09-16T08:51:21.865+0000] {dag.py:3096} INFO - Sync 1 DAGs
[2026-09-16T08:51:21.897+0000] {logging_mixin.py:188} INFO - [2026-09-16T08:51:21.897+0000] {dag.py:3954} INFO - Setting next_dagrun for youtube_extraction to None, run_after=None
[2026-09-16T08:51:21.945+0000] {processor.py:183} INFO - Processing /opt/airflow/dags/youtube_extraction.py took 0.232 seconds
[2026-09-16T08:51:52.161+0000] {processor.py:161} INFO - Started process (PID=516) to work on /opt/airflow/dags/youtube_extraction.py
[2026-09-16T08:51:52.164+0000] {processor.py:830} INFO - Processing file /opt/airflow/dags/youtube_extraction.py for tasks to queue
[2026-09-16T08:51:52.167+0000] {logging_mixin.py:188} INFO - [2026-09-16T08:51:52.166+0000] {dagbag.py:545} INFO - Filling up the DagBag from /opt/airflow/dags/youtube_extraction.py
[2026-09-16T08:51:52.195+0000] {processor.py:840} INFO - DAG(s) 'youtube_extraction' retrieved from /opt/airflow/dags/youtube_extraction.py
[2026-09-16T08:51:52.248+0000] {logging_mixin.py:188} INFO - [2026-09-16T08:51:52.248+0000] {dag.py:3096} INFO - Sync 1 DAGs
[2026-09-16T08:51:52.263+0000] {logging_mixin.py:188} INFO - [2026-09-16T08:51:52.262+0000] {dag.py:3954} INFO - Setting next_dagrun for youtube_extraction to None, run_after=None
[2026-09-16T08:51:52.295+0000] {processor.py:183} INFO - Processing /opt/airflow/dags/youtube_extraction.py took 0.140 seconds
[2026-09-16T08:52:22.378+0000] {processor.py:161} INFO - Started process (PID=527) to work on /opt/airflow/dags/youtube_extraction.py
[2026-09-16T08:52:22.381+0000] {processor.py:830} INFO - Processing file /opt/airflow/dags/youtube_extraction.py for tasks to queue
[2026-09-16T08:52:22.384+0000] {logging_mixin.py:188} INFO - [2026-09-16T08:52:22.384+0000] {dagbag.py:545} INFO - Filling up the DagBag from /opt/airflow/dags/youtube_extraction.py
[2026-09-16T08:52:22.401+0000] {processor.py:840} INFO - DAG(s) 'youtube_extraction' retrieved from /opt/airflow/dags/youtube_extraction.py
[2026-09-16T08:52:22.434+0000] {logging_mixin.py:188} INFO - [2026-09-16T08:52:22.433+0000] {dag.py:3096} INFO - Sync 1 DAGs
[2026-09-16T08:52:22.449+0000] {logging_mixin.py:188} INFO - [2026-09-16T08:52:22.449+0000] {dag.py:3954} INFO - Setting next_dagrun for youtube_extraction to None, run_after=None
[2026-09-16T08:52:22.481+0000] {processor.py:183} INFO - Processing /opt/airflow/dags/youtube_extraction.py took 0.110 seconds
[2026-09-16T08:52:52.670+0000] {processor.py:161} INFO - Started process (PID=538) to work on /opt/airflow/dags/youtube_extraction.py
[2026-09-16T08:52:52.672+0000] {processor.py:830} INFO - Processing file /opt/airflow/dags/youtube_extraction.py for tasks to queue
[2026-09-16T08:52:52.676+0000] {logging_mixin.py:188} INFO - [2026-09-16T08:52:52.676+0000] {dagbag.py:545} INFO - Filling up the DagBag from /opt/airflow/dags/youtube_extraction.py
[2026-09-16T08:52:52.699+0000] {processor.py:840} INFO - DAG(s) 'youtube_extraction' retrieved from /opt/airflow/dags/youtube_extraction.py
[2026-09-16T08:52:52.746+0000] {logging_mixin.py:188} INFO - [2026-09-16T08:52:52.745+0000] {dag.py:3096} INFO - Sync 1 DAGs
[2026-09-16T08:52:52.767+0000] {logging_mixin.py:188} INFO - [2026-09-16T08:52:52.767+0000] {dag.py:3954} INFO - Setting next_dagrun for youtube_extraction to None, run_after=None
[2026-09-16T08:52:52.802+0000] {processor.py:183} INFO - Processing /opt/airflow/dags/youtube_extraction.py took 0.140 seconds
[2026-09-16T08:53:22.874+0000] {processor.py:161} INFO - Started process (PID=549) to work on /opt/airflow/dags/youtube_extraction.py
[2026-09-16T08:53:22.877+0000] {processor.py:830} INFO - Processing file /opt/airflow/dags/youtube_extraction.py for tasks to queue
[2026-09-16T08:53:22.881+0000] {logging_mixin.py:188} INFO - [2026-09-16T08:53:22.881+0000] {dagbag.py:545} INFO - Filling up the DagBag from /opt/airflow/dags/youtube_extraction.py
[2026-09-16T08:53:22.906+0000] {processor.py:840} INFO - DAG(s) 'youtube_extraction' retrieved from /opt/airflow/dags/youtube_extraction.py
[2026-09-16T08:53:22.966+0000] {logging_mixin.py:188} INFO - [2026-09-16T08:53:22.966+0000] {dag.py:3096} INFO - Sync 1 DAGs
[2026-09-16T08:53:22.991+0000] {logging_mixin.py:188} INFO - [2026-09-16T08:53:22.990+0000] {dag.py:3954} INFO - Setting next_dagrun for youtube_extraction to None, run_after=None
[2026-09-16T08:53:23.034+0000] {processor.py:183} INFO - Processing /opt/airflow/dags/youtube_extraction.py took 0.174 seconds
[2026-09-16T08:53:53.171+0000] {processor.py:161} INFO - Started process (PID=560) to work on /opt/airflow/dags/youtube_extraction.py
[2026-09-16T08:53:53.174+0000] {processor.py:830} INFO - Processing file /opt/airflow/dags/youtube_extraction.py for tasks to queue
[2026-09-16T08:53:53.177+0000] {logging_mixin.py:188} INFO - [2026-09-16T08:53:53.177+0000] {dagbag.py:545} INFO - Filling up the DagBag from /opt/airflow/dags/youtube_extraction.py
[2026-09-16T08:53:53.197+0000] {processor.py:840} INFO - DAG(s) 'youtube_extraction' retrieved from /opt/airflow/dags/youtube_extraction.py
[2026-09-16T08:53:53.231+0000] {logging_mixin.py:188} INFO - [2026-09-16T08:53:53.231+0000] {dag.py:3096} INFO - Sync 1 DAGs
[2026-09-16T08:53:53.247+0000] {logging_mixin.py:188} INFO - [2026-09-16T08:53:53.246+0000] {dag.py:3954} INFO - Setting next_dagrun for youtube_extraction to None, run_after=None
[2026-09-16T08:53:53.278+0000] {processor.py:183} INFO - Processing /opt/airflow/dags/youtube_extraction.py took 0.114 seconds
[2026-09-16T08:54:23.423+0000] {processor.py:161} INFO - Started process (PID=571) to work on /opt/airflow/dags/youtube_extraction.py
[2026-09-16T08:54:23.427+0000] {processor.py:830} INFO - Processing file /opt/airflow/dags/youtube_extraction.py for tasks to queue
[2026-09-16T08:54:23.432+0000] {logging_mixin.py:188} INFO - [2026-09-16T08:54:23.431+0000] {dagbag.py:545} INFO - Filling up the DagBag from /opt/airflow/dags/youtube_extraction.py
[2026-09-16T08:54:23.466+0000] {processor.py:840} INFO - DAG(s) 'youtube_extraction' retrieved from /opt/airflow/dags/youtube_extraction.py
[2026-09-16T08:54:23.530+0000] {logging_mixin.py:188} INFO - [2026-09-16T08:54:23.529+0000] {dag.py:3096} INFO - Sync 1 DAGs
[2026-09-16T08:54:23.559+0000] {logging_mixin.py:188} INFO - [2026-09-16T08:54:23.557+0000] {dag.py:3954} INFO - Setting next_dagrun for youtube_extraction to None, run_after=None
[2026-09-16T08:54:23.655+0000] {processor.py:183} INFO - Processing /opt/airflow/dags/youtube_extraction.py took 0.248 seconds
[2026-09-16T08:54:53.855+0000] {processor.py:161} INFO - Started process (PID=582) to work on /opt/airflow/dags/youtube_extraction.py
[2026-09-16T08:54:53.857+0000] {processor.py:830} INFO - Processing file /opt/airflow/dags/youtube_extraction.py for tasks to queue
[2026-09-16T08:54:53.861+0000] {logging_mixin.py:188} INFO - [2026-09-16T08:54:53.860+0000] {dagbag.py:545} INFO - Filling up the DagBag from /opt/airflow/dags/youtube_extraction.py
[2026-09-16T08:54:53.876+0000] {processor.py:840} INFO - DAG(s) 'youtube_extraction' retrieved from /opt/airflow/dags/youtube_extraction.py
[2026-09-16T08:54:53.909+0000] {logging_mixin.py:188} INFO - [2026-09-16T08:54:53.909+0000] {dag.py:3096} INFO - Sync 1 DAGs
[2026-09-16T08:54:53.926+0000] {logging_mixin.py:188} INFO - [2026-09-16T08:54:53.926+0000] {dag.py:3954} INFO - Setting next_dagrun for youtube_extraction to None, run_after=None
[2026-09-16T08:54:53.959+0000] {processor.py:183} INFO - Processing /opt/airflow/dags/youtube_extraction.py took 0.112 seconds
[2026-09-16T08:55:24.098+0000] {processor.py:161} INFO - Started process (PID=593) to work on /opt/airflow/dags/youtube_extraction.py
[2026-09-16T08:55:24.100+0000] {processor.py:830} INFO - Processing file /opt/airflow/dags/youtube_extraction.py for tasks to queue
[2026-09-16T08:55:24.103+0000] {logging_mixin.py:188} INFO - [2026-09-16T08:55:24.103+0000] {dagbag.py:545} INFO - Filling up the DagBag from /opt/airflow/dags/youtube_extraction.py
[2026-09-16T08:55:24.132+0000] {processor.py:840} INFO - DAG(s) 'youtube_extraction' retrieved from /opt/airflow/dags/youtube_extraction.py
[2026-09-16T08:55:24.187+0000] {logging_mixin.py:188} INFO - [2026-09-16T08:55:24.187+0000] {dag.py:3096} INFO - Sync 1 DAGs
[2026-09-16T08:55:24.217+0000] {logging_mixin.py:188} INFO - [2026-09-16T08:55:24.216+0000] {dag.py:3954} INFO - Setting next_dagrun for youtube_extraction to None, run_after=None
[2026-09-16T08:55:24.287+0000] {processor.py:183} INFO - Processing /opt/airflow/dags/youtube_extraction.py took 0.204 seconds
[2026-09-16T08:55:54.364+0000] {processor.py:161} INFO - Started process (PID=604) to work on /opt/airflow/dags/youtube_extraction.py
[2026-09-16T08:55:54.366+0000] {processor.py:830} INFO - Processing file /opt/airflow/dags/youtube_extraction.py for tasks to queue
[2026-09-16T08:55:54.372+0000] {logging_mixin.py:188} INFO - [2026-09-16T08:55:54.371+0000] {dagbag.py:545} INFO - Filling up the DagBag from /opt/airflow/dags/youtube_extraction.py
[2026-09-16T08:55:54.390+0000] {processor.py:840} INFO - DAG(s) 'youtube_extraction' retrieved from /opt/airflow/dags/youtube_extraction.py
[2026-09-16T08:55:54.430+0000] {logging_mixin.py:188} INFO - [2026-09-16T08:55:54.430+0000] {dag.py:3096} INFO - Sync 1 DAGs
[2026-09-16T08:55:54.451+0000] {logging_mixin.py:188} INFO - [2026-09-16T08:55:54.451+0000] {dag.py:3954} INFO - Setting next_dagrun for youtube_extraction to None, run_after=None
[2026-09-16T08:55:54.492+0000] {processor.py:183} INFO - Processing /opt/airflow/dags/youtube_extraction.py took 0.138 seconds
[2026-09-16T08:56:24.763+0000] {processor.py:161} INFO - Started process (PID=615) to work on /opt/airflow/dags/youtube_extraction.py
[2026-09-16T08:56:24.768+0000] {processor.py:830} INFO - Processing file /opt/airflow/dags/youtube_extraction.py for tasks to queue
[2026-09-16T08:56:24.772+0000] {logging_mixin.py:188} INFO - [2026-09-16T08:56:24.771+0000] {dagbag.py:545} INFO - Filling up the DagBag from /opt/airflow/dags/youtube_extraction.py
[2026-09-16T08:56:24.801+0000] {processor.py:840} INFO - DAG(s) 'youtube_extraction' retrieved from /opt/airflow/dags/youtube_extraction.py
[2026-09-16T08:56:24.856+0000] {logging_mixin.py:188} INFO - [2026-09-16T08:56:24.855+0000] {dag.py:3096} INFO - Sync 1 DAGs
[2026-09-16T08:56:24.881+0000] {logging_mixin.py:188} INFO - [2026-09-16T08:56:24.881+0000] {dag.py:3954} INFO - Setting next_dagrun for youtube_extraction to None, run_after=None
[2026-09-16T08:56:24.921+0000] {processor.py:183} INFO - Processing /opt/airflow/dags/youtube_extraction.py took 0.169 seconds
[2026-09-16T08:56:55.155+0000] {processor.py:161} INFO - Started process (PID=626) to work on /opt/airflow/dags/youtube_extraction.py
[2026-09-16T08:56:55.159+0000] {processor.py:830} INFO - Processing file /opt/airflow/dags/youtube_extraction.py for tasks to queue
[2026-09-16T08:56:55.164+0000] {logging_mixin.py:188} INFO - [2026-09-16T08:56:55.164+0000] {dagbag.py:545} INFO - Filling up the DagBag from /opt/airflow/dags/youtube_extraction.py
[2026-09-16T08:56:55.191+0000] {processor.py:840} INFO - DAG(s) 'youtube_extraction' retrieved from /opt/airflow/dags/youtube_extraction.py
[2026-09-16T08:56:55.255+0000] {logging_mixin.py:188} INFO - [2026-09-16T08:56:55.254+0000] {dag.py:3096} INFO - Sync 1 DAGs
[2026-09-16T08:56:55.279+0000] {logging_mixin.py:188} INFO - [2026-09-16T08:56:55.279+0000] {dag.py:3954} INFO - Setting next_dagrun for youtube_extraction to None, run_after=None
[2026-09-16T08:56:55.332+0000] {processor.py:183} INFO - Processing /opt/airflow/dags/youtube_extraction.py took 0.192 seconds
[2026-09-16T08:57:25.571+0000] {processor.py:161} INFO - Started process (PID=637) to work on /opt/airflow/dags/youtube_extraction.py
[2026-09-16T08:57:25.573+0000] {processor.py:830} INFO - Processing file /opt/airflow/dags/youtube_extraction.py for tasks to queue
[2026-09-16T08:57:25.578+0000] {logging_mixin.py:188} INFO - [2026-09-16T08:57:25.577+0000] {dagbag.py:545} INFO - Filling up the DagBag from /opt/airflow/dags/youtube_extraction.py
[2026-09-16T08:57:25.598+0000] {processor.py:840} INFO - DAG(s) 'youtube_extraction' retrieved from /opt/airflow/dags/youtube_extraction.py
[2026-09-16T08:57:25.635+0000] {logging_mixin.py:188} INFO - [2026-09-16T08:57:25.634+0000] {dag.py:3096} INFO - Sync 1 DAGs
[2026-09-16T08:57:25.663+0000] {logging_mixin.py:188} INFO - [2026-09-16T08:57:25.662+0000] {dag.py:3954} INFO - Setting next_dagrun for youtube_extraction to None, run_after=None
[2026-09-16T08:57:25.701+0000] {processor.py:183} INFO - Processing /opt/airflow/dags/youtube_extraction.py took 0.139 seconds
[2026-09-16T08:57:55.889+0000] {processor.py:161} INFO - Started process (PID=648) to work on /opt/airflow/dags/youtube_extraction.py
[2026-09-16T08:57:55.892+0000] {processor.py:830} INFO - Processing file /opt/airflow/dags/youtube_extraction.py for tasks to queue
[2026-09-16T08:57:55.895+0000] {logging_mixin.py:188} INFO - [2026-09-16T08:57:55.894+0000] {dagbag.py:545} INFO - Filling up the DagBag from /opt/airflow/dags/youtube_extraction.py
[2026-09-16T08:57:55.913+0000] {processor.py:840} INFO - DAG(s) 'youtube_extraction' retrieved from /opt/airflow/dags/youtube_extraction.py
[2026-09-16T08:57:55.951+0000] {logging_mixin.py:188} INFO - [2026-09-16T08:57:55.950+0000] {dag.py:3096} INFO - Sync 1 DAGs
[2026-09-16T08:57:55.966+0000] {logging_mixin.py:188} INFO - [2026-09-16T08:57:55.966+0000] {dag.py:3954} INFO - Setting next_dagrun for youtube_extraction to None, run_after=None
[2026-09-16T08:57:55.998+0000] {processor.py:183} INFO - Processing /opt/airflow/dags/youtube_extraction.py took 0.116 seconds
[2026-09-16T08:58:26.078+0000] {processor.py:161} INFO - Started process (PID=659) to work on /opt/airflow/dags/youtube_extraction.py
[2026-09-16T08:58:26.081+0000] {processor.py:830} INFO - Processing file /opt/airflow/dags/youtube_extraction.py for tasks to queue
[2026-09-16T08:58:26.085+0000] {logging_mixin.py:188} INFO - [2026-09-16T08:58:26.084+0000] {dagbag.py:545} INFO - Filling up the DagBag from /opt/airflow/dags/youtube_extraction.py
[2026-09-16T08:58:26.103+0000] {processor.py:840} INFO - DAG(s) 'youtube_extraction' retrieved from /opt/airflow/dags/youtube_extraction.py
[2026-09-16T08:58:26.145+0000] {logging_mixin.py:188} INFO - [2026-09-16T08:58:26.144+0000] {dag.py:3096} INFO - Sync 1 DAGs
[2026-09-16T08:58:26.174+0000] {logging_mixin.py:188} INFO - [2026-09-16T08:58:26.174+0000] {dag.py:3954} INFO - Setting next_dagrun for youtube_extraction to None, run_after=None
[2026-09-16T08:58:26.202+0000] {processor.py:183} INFO - Processing /opt/airflow/dags/youtube_extraction.py took 0.132 seconds
[2026-09-16T08:58:56.375+0000] {processor.py:161} INFO - Started process (PID=670) to work on /opt/airflow/dags/youtube_extraction.py
[2026-09-16T08:58:56.379+0000] {processor.py:830} INFO - Processing file /opt/airflow/dags/youtube_extraction.py for tasks to queue
[2026-09-16T08:58:56.383+0000] {logging_mixin.py:188} INFO - [2026-09-16T08:58:56.382+0000] {dagbag.py:545} INFO - Filling up the DagBag from /opt/airflow/dags/youtube_extraction.py
[2026-09-16T08:58:56.399+0000] {processor.py:840} INFO - DAG(s) 'youtube_extraction' retrieved from /opt/airflow/dags/youtube_extraction.py
[2026-09-16T08:58:56.431+0000] {logging_mixin.py:188} INFO - [2026-09-16T08:58:56.431+0000] {dag.py:3096} INFO - Sync 1 DAGs
[2026-09-16T08:58:56.447+0000] {logging_mixin.py:188} INFO - [2026-09-16T08:58:56.446+0000] {dag.py:3954} INFO - Setting next_dagrun for youtube_extraction to None, run_after=None
[2026-09-16T08:58:56.481+0000] {processor.py:183} INFO - Processing /opt/airflow/dags/youtube_extraction.py took 0.111 seconds
[2026-09-16T08:59:26.558+0000] {processor.py:161} INFO - Started process (PID=681) to work on /opt/airflow/dags/youtube_extraction.py
[2026-09-16T08:59:26.560+0000] {processor.py:830} INFO - Processing file /opt/airflow/dags/youtube_extraction.py for tasks to queue
[2026-09-16T08:59:26.564+0000] {logging_mixin.py:188} INFO - [2026-09-16T08:59:26.563+0000] {dagbag.py:545} INFO - Filling up the DagBag from /opt/airflow/dags/youtube_extraction.py
[2026-09-16T08:59:26.580+0000] {processor.py:840} INFO - DAG(s) 'youtube_extraction' retrieved from /opt/airflow/dags/youtube_extraction.py
[2026-09-16T08:59:26.614+0000] {logging_mixin.py:188} INFO - [2026-09-16T08:59:26.613+0000] {dag.py:3096} INFO - Sync 1 DAGs
[2026-09-16T08:59:26.637+0000] {logging_mixin.py:188} INFO - [2026-09-16T08:59:26.637+0000] {dag.py:3954} INFO - Setting next_dagrun for youtube_extraction to None, run_after=None
[2026-09-16T08:59:26.674+0000] {processor.py:183} INFO - Processing /opt/airflow/dags/youtube_extraction.py took 0.126 seconds
[2026-09-16T08:59:56.831+0000] {processor.py:161} INFO - Started process (PID=692) to work on /opt/airflow/dags/youtube_extraction.py
[2026-09-16T08:59:56.833+0000] {processor.py:830} INFO - Processing file /opt/airflow/dags/youtube_extraction.py for tasks to queue
[2026-09-16T08:59:56.837+0000] {logging_mixin.py:188} INFO - [2026-09-16T08:59:56.837+0000] {dagbag.py:545} INFO - Filling up the DagBag from /opt/airflow/dags/youtube_extraction.py
[2026-09-16T08:59:56.854+0000] {processor.py:840} INFO - DAG(s) 'youtube_extraction' retrieved from /opt/airflow/dags/youtube_extraction.py
[2026-09-16T08:59:56.891+0000] {logging_mixin.py:188} INFO - [2026-09-16T08:59:56.891+0000] {dag.py:3096} INFO - Sync 1 DAGs
[2026-09-16T08:59:56.908+0000] {logging_mixin.py:188} INFO - [2026-09-16T08:59:56.908+0000] {dag.py:3954} INFO - Setting next_dagrun for youtube_extraction to None, run_after=None
[2026-09-16T08:59:56.936+0000] {processor.py:183} INFO - Processing /opt/airflow/dags/youtube_extraction.py took 0.114 seconds
[2026-09-16T09:00:27.024+0000] {processor.py:161} INFO - Started process (PID=703) to work on /opt/airflow/dags/youtube_extraction.py
[2026-09-16T09:00:27.026+0000] {processor.py:830} INFO - Processing file /opt/airflow/dags/youtube_extraction.py for tasks to queue
[2026-09-16T09:00:27.030+0000] {logging_mixin.py:188} INFO - [2026-09-16T09:00:27.030+0000] {dagbag.py:545} INFO - Filling up the DagBag from /opt/airflow/dags/youtube_extraction.py
[2026-09-16T09:00:27.047+0000] {processor.py:840} INFO - DAG(s) 'youtube_extraction' retrieved from /opt/airflow/dags/youtube_extraction.py
[2026-09-16T09:00:27.083+0000] {logging_mixin.py:188} INFO - [2026-09-16T09:00:27.082+0000] {dag.py:3096} INFO - Sync 1 DAGs
[2026-09-16T09:00:27.101+0000] {logging_mixin.py:188} INFO - [2026-09-16T09:00:27.101+0000] {dag.py:3954} INFO - Setting next_dagrun for youtube_extraction to None, run_after=None
[2026-09-16T09:00:27.137+0000] {processor.py:183} INFO - Processing /opt/airflow/dags/youtube_extraction.py took 0.121 seconds
[2026-09-16T09:00:57.309+0000] {processor.py:161} INFO - Started process (PID=714) to work on /opt/airflow/dags/youtube_extraction.py
[2026-09-16T09:00:57.311+0000] {processor.py:830} INFO - Processing file /opt/airflow/dags/youtube_extraction.py for tasks to queue
[2026-09-16T09:00:57.315+0000] {logging_mixin.py:188} INFO - [2026-09-16T09:00:57.315+0000] {dagbag.py:545} INFO - Filling up the DagBag from /opt/airflow/dags/youtube_extraction.py
[2026-09-16T09:00:57.332+0000] {processor.py:840} INFO - DAG(s) 'youtube_extraction' retrieved from /opt/airflow/dags/youtube_extraction.py
[2026-09-16T09:00:57.374+0000] {logging_mixin.py:188} INFO - [2026-09-16T09:00:57.373+0000] {dag.py:3096} INFO - Sync 1 DAGs
[2026-09-16T09:00:57.390+0000] {logging_mixin.py:188} INFO - [2026-09-16T09:00:57.389+0000] {dag.py:3954} INFO - Setting next_dagrun for youtube_extraction to None, run_after=None
[2026-09-16T09:00:57.424+0000] {processor.py:183} INFO - Processing /opt/airflow/dags/youtube_extraction.py took 0.125 seconds
[2026-09-16T09:01:27.492+0000] {processor.py:161} INFO - Started process (PID=725) to work on /opt/airflow/dags/youtube_extraction.py
[2026-09-16T09:01:27.494+0000] {processor.py:830} INFO - Processing file /opt/airflow/dags/youtube_extraction.py for tasks to queue
[2026-09-16T09:01:27.498+0000] {logging_mixin.py:188} INFO - [2026-09-16T09:01:27.497+0000] {dagbag.py:545} INFO - Filling up the DagBag from /opt/airflow/dags/youtube_extraction.py
[2026-09-16T09:01:27.518+0000] {processor.py:840} INFO - DAG(s) 'youtube_extraction' retrieved from /opt/airflow/dags/youtube_extraction.py
[2026-09-16T09:01:27.552+0000] {logging_mixin.py:188} INFO - [2026-09-16T09:01:27.551+0000] {dag.py:3096} INFO - Sync 1 DAGs
[2026-09-16T09:01:27.569+0000] {logging_mixin.py:188} INFO - [2026-09-16T09:01:27.569+0000] {dag.py:3954} INFO - Setting next_dagrun for youtube_extraction to None, run_after=None
[2026-09-16T09:01:27.595+0000] {processor.py:183} INFO - Processing /opt/airflow/dags/youtube_extraction.py took 0.111 seconds
[2026-09-16T09:01:57.782+0000] {processor.py:161} INFO - Started process (PID=736) to work on /opt/airflow/dags/youtube_extraction.py
[2026-09-16T09:01:57.784+0000] {processor.py:830} INFO - Processing file /opt/airflow/dags/youtube_extraction.py for tasks to queue
[2026-09-16T09:01:57.789+0000] {logging_mixin.py:188} INFO - [2026-09-16T09:01:57.788+0000] {dagbag.py:545} INFO - Filling up the DagBag from /opt/airflow/dags/youtube_extraction.py
[2026-09-16T09:01:57.807+0000] {processor.py:840} INFO - DAG(s) 'youtube_extraction' retrieved from /opt/airflow/dags/youtube_extraction.py
[2026-09-16T09:01:57.839+0000] {logging_mixin.py:188} INFO - [2026-09-16T09:01:57.839+0000] {dag.py:3096} INFO - Sync 1 DAGs
[2026-09-16T09:01:57.855+0000] {logging_mixin.py:188} INFO - [2026-09-16T09:01:57.855+0000] {dag.py:3954} INFO - Setting next_dagrun for youtube_extraction to None, run_after=None
[2026-09-16T09:01:57.891+0000] {processor.py:183} INFO - Processing /opt/airflow/dags/youtube_extraction.py took 0.116 seconds
[2026-09-16T09:02:28.026+0000] {processor.py:161} INFO - Started process (PID=747) to work on /opt/airflow/dags/youtube_extraction.py
[2026-09-16T09:02:28.028+0000] {processor.py:830} INFO - Processing file /opt/airflow/dags/youtube_extraction.py for tasks to queue
[2026-09-16T09:02:28.035+0000] {logging_mixin.py:188} INFO - [2026-09-16T09:02:28.034+0000] {dagbag.py:545} INFO - Filling up the DagBag from /opt/airflow/dags/youtube_extraction.py
[2026-09-16T09:02:28.051+0000] {processor.py:840} INFO - DAG(s) 'youtube_extraction' retrieved from /opt/airflow/dags/youtube_extraction.py
[2026-09-16T09:02:28.084+0000] {logging_mixin.py:188} INFO - [2026-09-16T09:02:28.084+0000] {dag.py:3096} INFO - Sync 1 DAGs
[2026-09-16T09:02:28.100+0000] {logging_mixin.py:188} INFO - [2026-09-16T09:02:28.100+0000] {dag.py:3954} INFO - Setting next_dagrun for youtube_extraction to None, run_after=None
[2026-09-16T09:02:28.136+0000] {processor.py:183} INFO - Processing /opt/airflow/dags/youtube_extraction.py took 0.119 seconds
[2026-09-16T09:02:58.289+0000] {processor.py:161} INFO - Started process (PID=758) to work on /opt/airflow/dags/youtube_extraction.py
[2026-09-16T09:02:58.292+0000] {processor.py:830} INFO - Processing file /opt/airflow/dags/youtube_extraction.py for tasks to queue
[2026-09-16T09:02:58.296+0000] {logging_mixin.py:188} INFO - [2026-09-16T09:02:58.296+0000] {dagbag.py:545} INFO - Filling up the DagBag from /opt/airflow/dags/youtube_extraction.py
[2026-09-16T09:02:58.315+0000] {processor.py:840} INFO - DAG(s) 'youtube_extraction' retrieved from /opt/airflow/dags/youtube_extraction.py
[2026-09-16T09:02:58.360+0000] {logging_mixin.py:188} INFO - [2026-09-16T09:02:58.359+0000] {dag.py:3096} INFO - Sync 1 DAGs
[2026-09-16T09:02:58.379+0000] {logging_mixin.py:188} INFO - [2026-09-16T09:02:58.379+0000] {dag.py:3954} INFO - Setting next_dagrun for youtube_extraction to None, run_after=None
[2026-09-16T09:02:58.420+0000] {processor.py:183} INFO - Processing /opt/airflow/dags/youtube_extraction.py took 0.142 seconds
[2026-09-16T09:03:28.526+0000] {processor.py:161} INFO - Started process (PID=769) to work on /opt/airflow/dags/youtube_extraction.py
[2026-09-16T09:03:28.528+0000] {processor.py:830} INFO - Processing file /opt/airflow/dags/youtube_extraction.py for tasks to queue
[2026-09-16T09:03:28.534+0000] {logging_mixin.py:188} INFO - [2026-09-16T09:03:28.534+0000] {dagbag.py:545} INFO - Filling up the DagBag from /opt/airflow/dags/youtube_extraction.py
[2026-09-16T09:03:28.556+0000] {processor.py:840} INFO - DAG(s) 'youtube_extraction' retrieved from /opt/airflow/dags/youtube_extraction.py
[2026-09-16T09:03:28.603+0000] {logging_mixin.py:188} INFO - [2026-09-16T09:03:28.602+0000] {dag.py:3096} INFO - Sync 1 DAGs
[2026-09-16T09:03:28.628+0000] {logging_mixin.py:188} INFO - [2026-09-16T09:03:28.628+0000] {dag.py:3954} INFO - Setting next_dagrun for youtube_extraction to None, run_after=None
[2026-09-16T09:03:28.670+0000] {processor.py:183} INFO - Processing /opt/airflow/dags/youtube_extraction.py took 0.156 seconds
[2026-09-16T09:03:58.795+0000] {processor.py:161} INFO - Started process (PID=780) to work on /opt/airflow/dags/youtube_extraction.py
[2026-09-16T09:03:58.798+0000] {processor.py:830} INFO - Processing file /opt/airflow/dags/youtube_extraction.py for tasks to queue
[2026-09-16T09:03:58.802+0000] {logging_mixin.py:188} INFO - [2026-09-16T09:03:58.801+0000] {dagbag.py:545} INFO - Filling up the DagBag from /opt/airflow/dags/youtube_extraction.py
[2026-09-16T09:03:58.821+0000] {processor.py:840} INFO - DAG(s) 'youtube_extraction' retrieved from /opt/airflow/dags/youtube_extraction.py
[2026-09-16T09:03:58.859+0000] {logging_mixin.py:188} INFO - [2026-09-16T09:03:58.858+0000] {dag.py:3096} INFO - Sync 1 DAGs
[2026-09-16T09:03:58.879+0000] {logging_mixin.py:188} INFO - [2026-09-16T09:03:58.879+0000] {dag.py:3954} INFO - Setting next_dagrun for youtube_extraction to None, run_after=None
[2026-09-16T09:03:58.927+0000] {processor.py:183} INFO - Processing /opt/airflow/dags/youtube_extraction.py took 0.143 seconds
[2026-09-16T09:04:29.034+0000] {processor.py:161} INFO - Started process (PID=791) to work on /opt/airflow/dags/youtube_extraction.py
[2026-09-16T09:04:29.037+0000] {processor.py:830} INFO - Processing file /opt/airflow/dags/youtube_extraction.py for tasks to queue
[2026-09-16T09:04:29.041+0000] {logging_mixin.py:188} INFO - [2026-09-16T09:04:29.040+0000] {dagbag.py:545} INFO - Filling up the DagBag from /opt/airflow/dags/youtube_extraction.py
[2026-09-16T09:04:29.062+0000] {processor.py:840} INFO - DAG(s) 'youtube_extraction' retrieved from /opt/airflow/dags/youtube_extraction.py
[2026-09-16T09:04:29.188+0000] {logging_mixin.py:188} INFO - [2026-09-16T09:04:29.178+0000] {dag.py:3096} INFO - Sync 1 DAGs
[2026-09-16T09:04:29.221+0000] {logging_mixin.py:188} INFO - [2026-09-16T09:04:29.220+0000] {dag.py:3954} INFO - Setting next_dagrun for youtube_extraction to None, run_after=None
[2026-09-16T09:04:29.267+0000] {processor.py:183} INFO - Processing /opt/airflow/dags/youtube_extraction.py took 0.246 seconds
[2026-09-16T09:04:59.480+0000] {processor.py:161} INFO - Started process (PID=802) to work on /opt/airflow/dags/youtube_extraction.py
[2026-09-16T09:04:59.482+0000] {processor.py:830} INFO - Processing file /opt/airflow/dags/youtube_extraction.py for tasks to queue
[2026-09-16T09:04:59.486+0000] {logging_mixin.py:188} INFO - [2026-09-16T09:04:59.485+0000] {dagbag.py:545} INFO - Filling up the DagBag from /opt/airflow/dags/youtube_extraction.py
[2026-09-16T09:04:59.508+0000] {processor.py:840} INFO - DAG(s) 'youtube_extraction' retrieved from /opt/airflow/dags/youtube_extraction.py
[2026-09-16T09:04:59.551+0000] {logging_mixin.py:188} INFO - [2026-09-16T09:04:59.550+0000] {dag.py:3096} INFO - Sync 1 DAGs
[2026-09-16T09:04:59.572+0000] {logging_mixin.py:188} INFO - [2026-09-16T09:04:59.572+0000] {dag.py:3954} INFO - Setting next_dagrun for youtube_extraction to None, run_after=None
[2026-09-16T09:04:59.609+0000] {processor.py:183} INFO - Processing /opt/airflow/dags/youtube_extraction.py took 0.141 seconds
[2026-09-16T09:05:29.797+0000] {processor.py:161} INFO - Started process (PID=813) to work on /opt/airflow/dags/youtube_extraction.py
[2026-09-16T09:05:29.799+0000] {processor.py:830} INFO - Processing file /opt/airflow/dags/youtube_extraction.py for tasks to queue
[2026-09-16T09:05:29.805+0000] {logging_mixin.py:188} INFO - [2026-09-16T09:05:29.805+0000] {dagbag.py:545} INFO - Filling up the DagBag from /opt/airflow/dags/youtube_extraction.py
[2026-09-16T09:05:29.822+0000] {processor.py:840} INFO - DAG(s) 'youtube_extraction' retrieved from /opt/airflow/dags/youtube_extraction.py
[2026-09-16T09:05:29.855+0000] {logging_mixin.py:188} INFO - [2026-09-16T09:05:29.855+0000] {dag.py:3096} INFO - Sync 1 DAGs
[2026-09-16T09:05:29.870+0000] {logging_mixin.py:188} INFO - [2026-09-16T09:05:29.870+0000] {dag.py:3954} INFO - Setting next_dagrun for youtube_extraction to None, run_after=None
[2026-09-16T09:05:29.905+0000] {processor.py:183} INFO - Processing /opt/airflow/dags/youtube_extraction.py took 0.115 seconds
[2026-09-16T09:05:59.977+0000] {processor.py:161} INFO - Started process (PID=824) to work on /opt/airflow/dags/youtube_extraction.py
[2026-09-16T09:05:59.979+0000] {processor.py:830} INFO - Processing file /opt/airflow/dags/youtube_extraction.py for tasks to queue
[2026-09-16T09:05:59.983+0000] {logging_mixin.py:188} INFO - [2026-09-16T09:05:59.983+0000] {dagbag.py:545} INFO - Filling up the DagBag from /opt/airflow/dags/youtube_extraction.py
[2026-09-16T09:06:00.002+0000] {processor.py:840} INFO - DAG(s) 'youtube_extraction' retrieved from /opt/airflow/dags/youtube_extraction.py
[2026-09-16T09:06:00.049+0000] {logging_mixin.py:188} INFO - [2026-09-16T09:06:00.049+0000] {dag.py:3096} INFO - Sync 1 DAGs
[2026-09-16T09:06:00.068+0000] {logging_mixin.py:188} INFO - [2026-09-16T09:06:00.068+0000] {dag.py:3954} INFO - Setting next_dagrun for youtube_extraction to None, run_after=None
[2026-09-16T09:06:00.104+0000] {processor.py:183} INFO - Processing /opt/airflow/dags/youtube_extraction.py took 0.136 seconds
[2026-09-16T09:06:30.272+0000] {processor.py:161} INFO - Started process (PID=835) to work on /opt/airflow/dags/youtube_extraction.py
[2026-09-16T09:06:30.275+0000] {processor.py:830} INFO - Processing file /opt/airflow/dags/youtube_extraction.py for tasks to queue
[2026-09-16T09:06:30.279+0000] {logging_mixin.py:188} INFO - [2026-09-16T09:06:30.278+0000] {dagbag.py:545} INFO - Filling up the DagBag from /opt/airflow/dags/youtube_extraction.py
[2026-09-16T09:06:30.297+0000] {processor.py:840} INFO - DAG(s) 'youtube_extraction' retrieved from /opt/airflow/dags/youtube_extraction.py
[2026-09-16T09:06:30.334+0000] {logging_mixin.py:188} INFO - [2026-09-16T09:06:30.333+0000] {dag.py:3096} INFO - Sync 1 DAGs
[2026-09-16T09:06:30.350+0000] {logging_mixin.py:188} INFO - [2026-09-16T09:06:30.350+0000] {dag.py:3954} INFO - Setting next_dagrun for youtube_extraction to None, run_after=None
[2026-09-16T09:06:30.387+0000] {processor.py:183} INFO - Processing /opt/airflow/dags/youtube_extraction.py took 0.123 seconds
[2026-09-16T09:07:00.486+0000] {processor.py:161} INFO - Started process (PID=846) to work on /opt/airflow/dags/youtube_extraction.py
[2026-09-16T09:07:00.488+0000] {processor.py:830} INFO - Processing file /opt/airflow/dags/youtube_extraction.py for tasks to queue
[2026-09-16T09:07:00.492+0000] {logging_mixin.py:188} INFO - [2026-09-16T09:07:00.491+0000] {dagbag.py:545} INFO - Filling up the DagBag from /opt/airflow/dags/youtube_extraction.py
[2026-09-16T09:07:00.515+0000] {processor.py:840} INFO - DAG(s) 'youtube_extraction' retrieved from /opt/airflow/dags/youtube_extraction.py
[2026-09-16T09:07:00.560+0000] {logging_mixin.py:188} INFO - [2026-09-16T09:07:00.559+0000] {dag.py:3096} INFO - Sync 1 DAGs
[2026-09-16T09:07:00.584+0000] {logging_mixin.py:188} INFO - [2026-09-16T09:07:00.583+0000] {dag.py:3954} INFO - Setting next_dagrun for youtube_extraction to None, run_after=None
[2026-09-16T09:07:00.613+0000] {processor.py:183} INFO - Processing /opt/airflow/dags/youtube_extraction.py took 0.135 seconds
[2026-09-16T09:07:30.798+0000] {processor.py:161} INFO - Started process (PID=857) to work on /opt/airflow/dags/youtube_extraction.py
[2026-09-16T09:07:30.802+0000] {processor.py:830} INFO - Processing file /opt/airflow/dags/youtube_extraction.py for tasks to queue
[2026-09-16T09:07:30.806+0000] {logging_mixin.py:188} INFO - [2026-09-16T09:07:30.805+0000] {dagbag.py:545} INFO - Filling up the DagBag from /opt/airflow/dags/youtube_extraction.py
[2026-09-16T09:07:30.826+0000] {processor.py:840} INFO - DAG(s) 'youtube_extraction' retrieved from /opt/airflow/dags/youtube_extraction.py
[2026-09-16T09:07:30.867+0000] {logging_mixin.py:188} INFO - [2026-09-16T09:07:30.866+0000] {dag.py:3096} INFO - Sync 1 DAGs
[2026-09-16T09:07:30.890+0000] {logging_mixin.py:188} INFO - [2026-09-16T09:07:30.889+0000] {dag.py:3954} INFO - Setting next_dagrun for youtube_extraction to None, run_after=None
[2026-09-16T09:07:30.928+0000] {processor.py:183} INFO - Processing /opt/airflow/dags/youtube_extraction.py took 0.136 seconds
[2026-09-16T09:08:00.994+0000] {processor.py:161} INFO - Started process (PID=868) to work on /opt/airflow/dags/youtube_extraction.py
[2026-09-16T09:08:00.996+0000] {processor.py:830} INFO - Processing file /opt/airflow/dags/youtube_extraction.py for tasks to queue
[2026-09-16T09:08:01.002+0000] {logging_mixin.py:188} INFO - [2026-09-16T09:08:01.001+0000] {dagbag.py:545} INFO - Filling up the DagBag from /opt/airflow/dags/youtube_extraction.py
[2026-09-16T09:08:01.027+0000] {processor.py:840} INFO - DAG(s) 'youtube_extraction' retrieved from /opt/airflow/dags/youtube_extraction.py
[2026-09-16T09:08:01.109+0000] {logging_mixin.py:188} INFO - [2026-09-16T09:08:01.108+0000] {dag.py:3096} INFO - Sync 1 DAGs
[2026-09-16T09:08:01.138+0000] {logging_mixin.py:188} INFO - [2026-09-16T09:08:01.137+0000] {dag.py:3954} INFO - Setting next_dagrun for youtube_extraction to None, run_after=None
[2026-09-16T09:08:01.177+0000] {processor.py:183} INFO - Processing /opt/airflow/dags/youtube_extraction.py took 0.191 seconds
[2026-09-16T09:08:31.339+0000] {processor.py:161} INFO - Started process (PID=879) to work on /opt/airflow/dags/youtube_extraction.py
[2026-09-16T09:08:31.345+0000] {processor.py:830} INFO - Processing file /opt/airflow/dags/youtube_extraction.py for tasks to queue
[2026-09-16T09:08:31.352+0000] {logging_mixin.py:188} INFO - [2026-09-16T09:08:31.350+0000] {dagbag.py:545} INFO - Filling up the DagBag from /opt/airflow/dags/youtube_extraction.py
[2026-09-16T09:08:31.383+0000] {processor.py:840} INFO - DAG(s) 'youtube_extraction' retrieved from /opt/airflow/dags/youtube_extraction.py
[2026-09-16T09:08:31.417+0000] {logging_mixin.py:188} INFO - [2026-09-16T09:08:31.417+0000] {dag.py:3096} INFO - Sync 1 DAGs
[2026-09-16T09:08:31.433+0000] {logging_mixin.py:188} INFO - [2026-09-16T09:08:31.433+0000] {dag.py:3954} INFO - Setting next_dagrun for youtube_extraction to None, run_after=None
[2026-09-16T09:08:31.467+0000] {processor.py:183} INFO - Processing /opt/airflow/dags/youtube_extraction.py took 0.144 seconds
[2026-09-16T09:09:01.553+0000] {processor.py:161} INFO - Started process (PID=890) to work on /opt/airflow/dags/youtube_extraction.py
[2026-09-16T09:09:01.555+0000] {processor.py:830} INFO - Processing file /opt/airflow/dags/youtube_extraction.py for tasks to queue
[2026-09-16T09:09:01.560+0000] {logging_mixin.py:188} INFO - [2026-09-16T09:09:01.560+0000] {dagbag.py:545} INFO - Filling up the DagBag from /opt/airflow/dags/youtube_extraction.py
[2026-09-16T09:09:01.580+0000] {processor.py:840} INFO - DAG(s) 'youtube_extraction' retrieved from /opt/airflow/dags/youtube_extraction.py
[2026-09-16T09:09:01.618+0000] {logging_mixin.py:188} INFO - [2026-09-16T09:09:01.618+0000] {dag.py:3096} INFO - Sync 1 DAGs
[2026-09-16T09:09:01.636+0000] {logging_mixin.py:188} INFO - [2026-09-16T09:09:01.636+0000] {dag.py:3954} INFO - Setting next_dagrun for youtube_extraction to None, run_after=None
[2026-09-16T09:09:01.672+0000] {processor.py:183} INFO - Processing /opt/airflow/dags/youtube_extraction.py took 0.127 seconds
[2026-09-16T09:09:31.839+0000] {processor.py:161} INFO - Started process (PID=901) to work on /opt/airflow/dags/youtube_extraction.py
[2026-09-16T09:09:31.843+0000] {processor.py:830} INFO - Processing file /opt/airflow/dags/youtube_extraction.py for tasks to queue
[2026-09-16T09:09:31.847+0000] {logging_mixin.py:188} INFO - [2026-09-16T09:09:31.846+0000] {dagbag.py:545} INFO - Filling up the DagBag from /opt/airflow/dags/youtube_extraction.py
[2026-09-16T09:09:31.865+0000] {processor.py:840} INFO - DAG(s) 'youtube_extraction' retrieved from /opt/airflow/dags/youtube_extraction.py
[2026-09-16T09:09:31.905+0000] {logging_mixin.py:188} INFO - [2026-09-16T09:09:31.904+0000] {dag.py:3096} INFO - Sync 1 DAGs
[2026-09-16T09:09:31.925+0000] {logging_mixin.py:188} INFO - [2026-09-16T09:09:31.924+0000] {dag.py:3954} INFO - Setting next_dagrun for youtube_extraction to None, run_after=None
[2026-09-16T09:09:31.970+0000] {processor.py:183} INFO - Processing /opt/airflow/dags/youtube_extraction.py took 0.140 seconds
[2026-09-16T09:10:02.037+0000] {processor.py:161} INFO - Started process (PID=913) to work on /opt/airflow/dags/youtube_extraction.py
[2026-09-16T09:10:02.040+0000] {processor.py:830} INFO - Processing file /opt/airflow/dags/youtube_extraction.py for tasks to queue
[2026-09-16T09:10:02.044+0000] {logging_mixin.py:188} INFO - [2026-09-16T09:10:02.044+0000] {dagbag.py:545} INFO - Filling up the DagBag from /opt/airflow/dags/youtube_extraction.py
[2026-09-16T09:10:02.062+0000] {processor.py:840} INFO - DAG(s) 'youtube_extraction' retrieved from /opt/airflow/dags/youtube_extraction.py
[2026-09-16T09:10:02.096+0000] {logging_mixin.py:188} INFO - [2026-09-16T09:10:02.096+0000] {dag.py:3096} INFO - Sync 1 DAGs
[2026-09-16T09:10:02.115+0000] {logging_mixin.py:188} INFO - [2026-09-16T09:10:02.115+0000] {dag.py:3954} INFO - Setting next_dagrun for youtube_extraction to None, run_after=None
[2026-09-16T09:10:02.150+0000] {processor.py:183} INFO - Processing /opt/airflow/dags/youtube_extraction.py took 0.120 seconds
[2026-09-16T09:10:32.335+0000] {processor.py:161} INFO - Started process (PID=924) to work on /opt/airflow/dags/youtube_extraction.py
[2026-09-16T09:10:32.338+0000] {processor.py:830} INFO - Processing file /opt/airflow/dags/youtube_extraction.py for tasks to queue
[2026-09-16T09:10:32.342+0000] {logging_mixin.py:188} INFO - [2026-09-16T09:10:32.342+0000] {dagbag.py:545} INFO - Filling up the DagBag from /opt/airflow/dags/youtube_extraction.py
[2026-09-16T09:10:32.360+0000] {processor.py:840} INFO - DAG(s) 'youtube_extraction' retrieved from /opt/airflow/dags/youtube_extraction.py
[2026-09-16T09:10:32.393+0000] {logging_mixin.py:188} INFO - [2026-09-16T09:10:32.393+0000] {dag.py:3096} INFO - Sync 1 DAGs
[2026-09-16T09:10:32.410+0000] {logging_mixin.py:188} INFO - [2026-09-16T09:10:32.409+0000] {dag.py:3954} INFO - Setting next_dagrun for youtube_extraction to None, run_after=None
[2026-09-16T09:10:32.442+0000] {processor.py:183} INFO - Processing /opt/airflow/dags/youtube_extraction.py took 0.113 seconds
[2026-09-16T09:11:02.518+0000] {processor.py:161} INFO - Started process (PID=935) to work on /opt/airflow/dags/youtube_extraction.py
[2026-09-16T09:11:02.520+0000] {processor.py:830} INFO - Processing file /opt/airflow/dags/youtube_extraction.py for tasks to queue
[2026-09-16T09:11:02.524+0000] {logging_mixin.py:188} INFO - [2026-09-16T09:11:02.523+0000] {dagbag.py:545} INFO - Filling up the DagBag from /opt/airflow/dags/youtube_extraction.py
[2026-09-16T09:11:02.540+0000] {processor.py:840} INFO - DAG(s) 'youtube_extraction' retrieved from /opt/airflow/dags/youtube_extraction.py
[2026-09-16T09:11:02.573+0000] {logging_mixin.py:188} INFO - [2026-09-16T09:11:02.572+0000] {dag.py:3096} INFO - Sync 1 DAGs
[2026-09-16T09:11:02.590+0000] {logging_mixin.py:188} INFO - [2026-09-16T09:11:02.590+0000] {dag.py:3954} INFO - Setting next_dagrun for youtube_extraction to None, run_after=None
[2026-09-16T09:11:02.625+0000] {processor.py:183} INFO - Processing /opt/airflow/dags/youtube_extraction.py took 0.114 seconds
[2026-09-16T09:11:32.811+0000] {processor.py:161} INFO - Started process (PID=946) to work on /opt/airflow/dags/youtube_extraction.py
[2026-09-16T09:11:32.813+0000] {processor.py:830} INFO - Processing file /opt/airflow/dags/youtube_extraction.py for tasks to queue
[2026-09-16T09:11:32.817+0000] {logging_mixin.py:188} INFO - [2026-09-16T09:11:32.817+0000] {dagbag.py:545} INFO - Filling up the DagBag from /opt/airflow/dags/youtube_extraction.py
[2026-09-16T09:11:32.835+0000] {processor.py:840} INFO - DAG(s) 'youtube_extraction' retrieved from /opt/airflow/dags/youtube_extraction.py
[2026-09-16T09:11:32.870+0000] {logging_mixin.py:188} INFO - [2026-09-16T09:11:32.869+0000] {dag.py:3096} INFO - Sync 1 DAGs
[2026-09-16T09:11:32.887+0000] {logging_mixin.py:188} INFO - [2026-09-16T09:11:32.887+0000] {dag.py:3954} INFO - Setting next_dagrun for youtube_extraction to None, run_after=None
[2026-09-16T09:11:32.924+0000] {processor.py:183} INFO - Processing /opt/airflow/dags/youtube_extraction.py took 0.121 seconds
[2026-09-16T09:12:03.002+0000] {processor.py:161} INFO - Started process (PID=957) to work on /opt/airflow/dags/youtube_extraction.py
[2026-09-16T09:12:03.005+0000] {processor.py:830} INFO - Processing file /opt/airflow/dags/youtube_extraction.py for tasks to queue
[2026-09-16T09:12:03.008+0000] {logging_mixin.py:188} INFO - [2026-09-16T09:12:03.008+0000] {dagbag.py:545} INFO - Filling up the DagBag from /opt/airflow/dags/youtube_extraction.py
[2026-09-16T09:12:03.028+0000] {processor.py:840} INFO - DAG(s) 'youtube_extraction' retrieved from /opt/airflow/dags/youtube_extraction.py
[2026-09-16T09:12:03.063+0000] {logging_mixin.py:188} INFO - [2026-09-16T09:12:03.063+0000] {dag.py:3096} INFO - Sync 1 DAGs
[2026-09-16T09:12:03.079+0000] {logging_mixin.py:188} INFO - [2026-09-16T09:12:03.079+0000] {dag.py:3954} INFO - Setting next_dagrun for youtube_extraction to None, run_after=None
[2026-09-16T09:12:03.114+0000] {processor.py:183} INFO - Processing /opt/airflow/dags/youtube_extraction.py took 0.119 seconds
[2026-09-16T09:12:33.333+0000] {processor.py:161} INFO - Started process (PID=968) to work on /opt/airflow/dags/youtube_extraction.py
[2026-09-16T09:12:33.336+0000] {processor.py:830} INFO - Processing file /opt/airflow/dags/youtube_extraction.py for tasks to queue
[2026-09-16T09:12:33.339+0000] {logging_mixin.py:188} INFO - [2026-09-16T09:12:33.339+0000] {dagbag.py:545} INFO - Filling up the DagBag from /opt/airflow/dags/youtube_extraction.py
[2026-09-16T09:12:33.356+0000] {processor.py:840} INFO - DAG(s) 'youtube_extraction' retrieved from /opt/airflow/dags/youtube_extraction.py
[2026-09-16T09:12:33.387+0000] {logging_mixin.py:188} INFO - [2026-09-16T09:12:33.387+0000] {dag.py:3096} INFO - Sync 1 DAGs
[2026-09-16T09:12:33.404+0000] {logging_mixin.py:188} INFO - [2026-09-16T09:12:33.404+0000] {dag.py:3954} INFO - Setting next_dagrun for youtube_extraction to None, run_after=None
[2026-09-16T09:12:33.440+0000] {processor.py:183} INFO - Processing /opt/airflow/dags/youtube_extraction.py took 0.114 seconds
[2026-09-16T09:13:03.513+0000] {processor.py:161} INFO - Started process (PID=979) to work on /opt/airflow/dags/youtube_extraction.py
[2026-09-16T09:13:03.515+0000] {processor.py:830} INFO - Processing file /opt/airflow/dags/youtube_extraction.py for tasks to queue
[2026-09-16T09:13:03.519+0000] {logging_mixin.py:188} INFO - [2026-09-16T09:13:03.518+0000] {dagbag.py:545} INFO - Filling up the DagBag from /opt/airflow/dags/youtube_extraction.py
[2026-09-16T09:13:03.537+0000] {processor.py:840} INFO - DAG(s) 'youtube_extraction' retrieved from /opt/airflow/dags/youtube_extraction.py
[2026-09-16T09:13:03.573+0000] {logging_mixin.py:188} INFO - [2026-09-16T09:13:03.572+0000] {dag.py:3096} INFO - Sync 1 DAGs
[2026-09-16T09:13:03.594+0000] {logging_mixin.py:188} INFO - [2026-09-16T09:13:03.594+0000] {dag.py:3954} INFO - Setting next_dagrun for youtube_extraction to None, run_after=None
[2026-09-16T09:13:03.628+0000] {processor.py:183} INFO - Processing /opt/airflow/dags/youtube_extraction.py took 0.124 seconds
[2026-09-16T09:13:33.810+0000] {processor.py:161} INFO - Started process (PID=990) to work on /opt/airflow/dags/youtube_extraction.py
[2026-09-16T09:13:33.812+0000] {processor.py:830} INFO - Processing file /opt/airflow/dags/youtube_extraction.py for tasks to queue
[2026-09-16T09:13:33.816+0000] {logging_mixin.py:188} INFO - [2026-09-16T09:13:33.815+0000] {dagbag.py:545} INFO - Filling up the DagBag from /opt/airflow/dags/youtube_extraction.py
[2026-09-16T09:13:33.834+0000] {processor.py:840} INFO - DAG(s) 'youtube_extraction' retrieved from /opt/airflow/dags/youtube_extraction.py
[2026-09-16T09:13:33.872+0000] {logging_mixin.py:188} INFO - [2026-09-16T09:13:33.872+0000] {dag.py:3096} INFO - Sync 1 DAGs
[2026-09-16T09:13:33.889+0000] {logging_mixin.py:188} INFO - [2026-09-16T09:13:33.889+0000] {dag.py:3954} INFO - Setting next_dagrun for youtube_extraction to None, run_after=None
[2026-09-16T09:13:33.927+0000] {processor.py:183} INFO - Processing /opt/airflow/dags/youtube_extraction.py took 0.124 seconds
[2026-09-16T09:14:03.997+0000] {processor.py:161} INFO - Started process (PID=1001) to work on /opt/airflow/dags/youtube_extraction.py
[2026-09-16T09:14:03.999+0000] {processor.py:830} INFO - Processing file /opt/airflow/dags/youtube_extraction.py for tasks to queue
[2026-09-16T09:14:04.004+0000] {logging_mixin.py:188} INFO - [2026-09-16T09:14:04.003+0000] {dagbag.py:545} INFO - Filling up the DagBag from /opt/airflow/dags/youtube_extraction.py
[2026-09-16T09:14:04.021+0000] {processor.py:840} INFO - DAG(s) 'youtube_extraction' retrieved from /opt/airflow/dags/youtube_extraction.py
[2026-09-16T09:14:04.054+0000] {logging_mixin.py:188} INFO - [2026-09-16T09:14:04.053+0000] {dag.py:3096} INFO - Sync 1 DAGs
[2026-09-16T09:14:04.069+0000] {logging_mixin.py:188} INFO - [2026-09-16T09:14:04.069+0000] {dag.py:3954} INFO - Setting next_dagrun for youtube_extraction to None, run_after=None
[2026-09-16T09:14:04.103+0000] {processor.py:183} INFO - Processing /opt/airflow/dags/youtube_extraction.py took 0.113 seconds
[2026-09-16T09:14:34.292+0000] {processor.py:161} INFO - Started process (PID=1012) to work on /opt/airflow/dags/youtube_extraction.py
[2026-09-16T09:14:34.294+0000] {processor.py:830} INFO - Processing file /opt/airflow/dags/youtube_extraction.py for tasks to queue
[2026-09-16T09:14:34.298+0000] {logging_mixin.py:188} INFO - [2026-09-16T09:14:34.298+0000] {dagbag.py:545} INFO - Filling up the DagBag from /opt/airflow/dags/youtube_extraction.py
[2026-09-16T09:14:34.314+0000] {processor.py:840} INFO - DAG(s) 'youtube_extraction' retrieved from /opt/airflow/dags/youtube_extraction.py
[2026-09-16T09:14:34.346+0000] {logging_mixin.py:188} INFO - [2026-09-16T09:14:34.346+0000] {dag.py:3096} INFO - Sync 1 DAGs
[2026-09-16T09:14:34.361+0000] {logging_mixin.py:188} INFO - [2026-09-16T09:14:34.361+0000] {dag.py:3954} INFO - Setting next_dagrun for youtube_extraction to None, run_after=None
[2026-09-16T09:14:34.388+0000] {processor.py:183} INFO - Processing /opt/airflow/dags/youtube_extraction.py took 0.104 seconds
[2026-09-16T09:15:04.474+0000] {processor.py:161} INFO - Started process (PID=1023) to work on /opt/airflow/dags/youtube_extraction.py
[2026-09-16T09:15:04.476+0000] {processor.py:830} INFO - Processing file /opt/airflow/dags/youtube_extraction.py for tasks to queue
[2026-09-16T09:15:04.480+0000] {logging_mixin.py:188} INFO - [2026-09-16T09:15:04.480+0000] {dagbag.py:545} INFO - Filling up the DagBag from /opt/airflow/dags/youtube_extraction.py
[2026-09-16T09:15:04.497+0000] {processor.py:840} INFO - DAG(s) 'youtube_extraction' retrieved from /opt/airflow/dags/youtube_extraction.py
[2026-09-16T09:15:04.544+0000] {logging_mixin.py:188} INFO - [2026-09-16T09:15:04.543+0000] {dag.py:3096} INFO - Sync 1 DAGs
[2026-09-16T09:15:04.564+0000] {logging_mixin.py:188} INFO - [2026-09-16T09:15:04.564+0000] {dag.py:3954} INFO - Setting next_dagrun for youtube_extraction to None, run_after=None
[2026-09-16T09:15:04.597+0000] {processor.py:183} INFO - Processing /opt/airflow/dags/youtube_extraction.py took 0.131 seconds
[2026-09-16T09:15:34.754+0000] {processor.py:161} INFO - Started process (PID=1034) to work on /opt/airflow/dags/youtube_extraction.py
[2026-09-16T09:15:34.757+0000] {processor.py:830} INFO - Processing file /opt/airflow/dags/youtube_extraction.py for tasks to queue
[2026-09-16T09:15:34.759+0000] {logging_mixin.py:188} INFO - [2026-09-16T09:15:34.759+0000] {dagbag.py:545} INFO - Filling up the DagBag from /opt/airflow/dags/youtube_extraction.py
[2026-09-16T09:15:34.779+0000] {processor.py:840} INFO - DAG(s) 'youtube_extraction' retrieved from /opt/airflow/dags/youtube_extraction.py
[2026-09-16T09:15:34.817+0000] {logging_mixin.py:188} INFO - [2026-09-16T09:15:34.816+0000] {dag.py:3096} INFO - Sync 1 DAGs
[2026-09-16T09:15:34.837+0000] {logging_mixin.py:188} INFO - [2026-09-16T09:15:34.837+0000] {dag.py:3954} INFO - Setting next_dagrun for youtube_extraction to None, run_after=None
[2026-09-16T09:15:34.870+0000] {processor.py:183} INFO - Processing /opt/airflow/dags/youtube_extraction.py took 0.126 seconds
[2026-09-16T09:16:04.964+0000] {processor.py:161} INFO - Started process (PID=1045) to work on /opt/airflow/dags/youtube_extraction.py
[2026-09-16T09:16:04.966+0000] {processor.py:830} INFO - Processing file /opt/airflow/dags/youtube_extraction.py for tasks to queue
[2026-09-16T09:16:04.969+0000] {logging_mixin.py:188} INFO - [2026-09-16T09:16:04.969+0000] {dagbag.py:545} INFO - Filling up the DagBag from /opt/airflow/dags/youtube_extraction.py
[2026-09-16T09:16:04.987+0000] {processor.py:840} INFO - DAG(s) 'youtube_extraction' retrieved from /opt/airflow/dags/youtube_extraction.py
[2026-09-16T09:16:05.024+0000] {logging_mixin.py:188} INFO - [2026-09-16T09:16:05.024+0000] {dag.py:3096} INFO - Sync 1 DAGs
[2026-09-16T09:16:05.043+0000] {logging_mixin.py:188} INFO - [2026-09-16T09:16:05.043+0000] {dag.py:3954} INFO - Setting next_dagrun for youtube_extraction to None, run_after=None
[2026-09-16T09:16:05.070+0000] {processor.py:183} INFO - Processing /opt/airflow/dags/youtube_extraction.py took 0.114 seconds
[2026-09-16T09:16:35.218+0000] {processor.py:161} INFO - Started process (PID=1056) to work on /opt/airflow/dags/youtube_extraction.py
[2026-09-16T09:16:35.220+0000] {processor.py:830} INFO - Processing file /opt/airflow/dags/youtube_extraction.py for tasks to queue
[2026-09-16T09:16:35.223+0000] {logging_mixin.py:188} INFO - [2026-09-16T09:16:35.223+0000] {dagbag.py:545} INFO - Filling up the DagBag from /opt/airflow/dags/youtube_extraction.py
[2026-09-16T09:16:35.243+0000] {processor.py:840} INFO - DAG(s) 'youtube_extraction' retrieved from /opt/airflow/dags/youtube_extraction.py
[2026-09-16T09:16:35.280+0000] {logging_mixin.py:188} INFO - [2026-09-16T09:16:35.280+0000] {dag.py:3096} INFO - Sync 1 DAGs
[2026-09-16T09:16:35.298+0000] {logging_mixin.py:188} INFO - [2026-09-16T09:16:35.298+0000] {dag.py:3954} INFO - Setting next_dagrun for youtube_extraction to None, run_after=None
[2026-09-16T09:16:35.333+0000] {processor.py:183} INFO - Processing /opt/airflow/dags/youtube_extraction.py took 0.124 seconds
[2026-09-16T09:17:05.424+0000] {processor.py:161} INFO - Started process (PID=1067) to work on /opt/airflow/dags/youtube_extraction.py
[2026-09-16T09:17:05.426+0000] {processor.py:830} INFO - Processing file /opt/airflow/dags/youtube_extraction.py for tasks to queue
[2026-09-16T09:17:05.429+0000] {logging_mixin.py:188} INFO - [2026-09-16T09:17:05.429+0000] {dagbag.py:545} INFO - Filling up the DagBag from /opt/airflow/dags/youtube_extraction.py
[2026-09-16T09:17:05.447+0000] {processor.py:840} INFO - DAG(s) 'youtube_extraction' retrieved from /opt/airflow/dags/youtube_extraction.py
[2026-09-16T09:17:05.485+0000] {logging_mixin.py:188} INFO - [2026-09-16T09:17:05.485+0000] {dag.py:3096} INFO - Sync 1 DAGs
[2026-09-16T09:17:05.501+0000] {logging_mixin.py:188} INFO - [2026-09-16T09:17:05.500+0000] {dag.py:3954} INFO - Setting next_dagrun for youtube_extraction to None, run_after=None
[2026-09-16T09:17:05.529+0000] {processor.py:183} INFO - Processing /opt/airflow/dags/youtube_extraction.py took 0.115 seconds
[2026-09-16T09:17:35.704+0000] {processor.py:161} INFO - Started process (PID=1078) to work on /opt/airflow/dags/youtube_extraction.py
[2026-09-16T09:17:35.706+0000] {processor.py:830} INFO - Processing file /opt/airflow/dags/youtube_extraction.py for tasks to queue
[2026-09-16T09:17:35.710+0000] {logging_mixin.py:188} INFO - [2026-09-16T09:17:35.709+0000] {dagbag.py:545} INFO - Filling up the DagBag from /opt/airflow/dags/youtube_extraction.py
[2026-09-16T09:17:35.731+0000] {processor.py:840} INFO - DAG(s) 'youtube_extraction' retrieved from /opt/airflow/dags/youtube_extraction.py
[2026-09-16T09:17:35.764+0000] {logging_mixin.py:188} INFO - [2026-09-16T09:17:35.764+0000] {dag.py:3096} INFO - Sync 1 DAGs
[2026-09-16T09:17:35.780+0000] {logging_mixin.py:188} INFO - [2026-09-16T09:17:35.779+0000] {dag.py:3954} INFO - Setting next_dagrun for youtube_extraction to None, run_after=None
[2026-09-16T09:17:35.816+0000] {processor.py:183} INFO - Processing /opt/airflow/dags/youtube_extraction.py took 0.119 seconds
[2026-09-16T09:18:05.925+0000] {processor.py:161} INFO - Started process (PID=1090) to work on /opt/airflow/dags/youtube_extraction.py
[2026-09-16T09:18:05.927+0000] {processor.py:830} INFO - Processing file /opt/airflow/dags/youtube_extraction.py for tasks to queue
[2026-09-16T09:18:05.930+0000] {logging_mixin.py:188} INFO - [2026-09-16T09:18:05.929+0000] {dagbag.py:545} INFO - Filling up the DagBag from /opt/airflow/dags/youtube_extraction.py
[2026-09-16T09:18:05.948+0000] {processor.py:840} INFO - DAG(s) 'youtube_extraction' retrieved from /opt/airflow/dags/youtube_extraction.py
[2026-09-16T09:18:05.990+0000] {logging_mixin.py:188} INFO - [2026-09-16T09:18:05.990+0000] {dag.py:3096} INFO - Sync 1 DAGs
[2026-09-16T09:18:06.008+0000] {logging_mixin.py:188} INFO - [2026-09-16T09:18:06.008+0000] {dag.py:3954} INFO - Setting next_dagrun for youtube_extraction to None, run_after=None
[2026-09-16T09:18:06.047+0000] {processor.py:183} INFO - Processing /opt/airflow/dags/youtube_extraction.py took 0.135 seconds
[2026-09-16T09:18:36.222+0000] {processor.py:161} INFO - Started process (PID=1101) to work on /opt/airflow/dags/youtube_extraction.py
[2026-09-16T09:18:36.226+0000] {processor.py:830} INFO - Processing file /opt/airflow/dags/youtube_extraction.py for tasks to queue
[2026-09-16T09:18:36.231+0000] {logging_mixin.py:188} INFO - [2026-09-16T09:18:36.231+0000] {dagbag.py:545} INFO - Filling up the DagBag from /opt/airflow/dags/youtube_extraction.py
[2026-09-16T09:18:36.260+0000] {processor.py:840} INFO - DAG(s) 'youtube_extraction' retrieved from /opt/airflow/dags/youtube_extraction.py
[2026-09-16T09:18:36.315+0000] {logging_mixin.py:188} INFO - [2026-09-16T09:18:36.315+0000] {dag.py:3096} INFO - Sync 1 DAGs
[2026-09-16T09:18:36.337+0000] {logging_mixin.py:188} INFO - [2026-09-16T09:18:36.337+0000] {dag.py:3954} INFO - Setting next_dagrun for youtube_extraction to None, run_after=None
[2026-09-16T09:18:36.378+0000] {processor.py:183} INFO - Processing /opt/airflow/dags/youtube_extraction.py took 0.168 seconds
[2026-09-16T09:19:06.438+0000] {processor.py:161} INFO - Started process (PID=1112) to work on /opt/airflow/dags/youtube_extraction.py
[2026-09-16T09:19:06.440+0000] {processor.py:830} INFO - Processing file /opt/airflow/dags/youtube_extraction.py for tasks to queue
[2026-09-16T09:19:06.444+0000] {logging_mixin.py:188} INFO - [2026-09-16T09:19:06.444+0000] {dagbag.py:545} INFO - Filling up the DagBag from /opt/airflow/dags/youtube_extraction.py
[2026-09-16T09:19:06.465+0000] {processor.py:840} INFO - DAG(s) 'youtube_extraction' retrieved from /opt/airflow/dags/youtube_extraction.py
[2026-09-16T09:19:06.509+0000] {logging_mixin.py:188} INFO - [2026-09-16T09:19:06.509+0000] {dag.py:3096} INFO - Sync 1 DAGs
[2026-09-16T09:19:06.532+0000] {logging_mixin.py:188} INFO - [2026-09-16T09:19:06.531+0000] {dag.py:3954} INFO - Setting next_dagrun for youtube_extraction to None, run_after=None
[2026-09-16T09:19:06.570+0000] {processor.py:183} INFO - Processing /opt/airflow/dags/youtube_extraction.py took 0.142 seconds
[2026-09-16T09:19:36.747+0000] {processor.py:161} INFO - Started process (PID=1123) to work on /opt/airflow/dags/youtube_extraction.py
[2026-09-16T09:19:36.749+0000] {processor.py:830} INFO - Processing file /opt/airflow/dags/youtube_extraction.py for tasks to queue
[2026-09-16T09:19:36.752+0000] {logging_mixin.py:188} INFO - [2026-09-16T09:19:36.751+0000] {dagbag.py:545} INFO - Filling up the DagBag from /opt/airflow/dags/youtube_extraction.py
[2026-09-16T09:19:36.769+0000] {processor.py:840} INFO - DAG(s) 'youtube_extraction' retrieved from /opt/airflow/dags/youtube_extraction.py
[2026-09-16T09:19:36.804+0000] {logging_mixin.py:188} INFO - [2026-09-16T09:19:36.803+0000] {dag.py:3096} INFO - Sync 1 DAGs
[2026-09-16T09:19:36.819+0000] {logging_mixin.py:188} INFO - [2026-09-16T09:19:36.819+0000] {dag.py:3954} INFO - Setting next_dagrun for youtube_extraction to None, run_after=None
[2026-09-16T09:19:36.847+0000] {processor.py:183} INFO - Processing /opt/airflow/dags/youtube_extraction.py took 0.109 seconds
[2026-09-16T09:20:06.928+0000] {processor.py:161} INFO - Started process (PID=1134) to work on /opt/airflow/dags/youtube_extraction.py
[2026-09-16T09:20:06.930+0000] {processor.py:830} INFO - Processing file /opt/airflow/dags/youtube_extraction.py for tasks to queue
[2026-09-16T09:20:06.933+0000] {logging_mixin.py:188} INFO - [2026-09-16T09:20:06.932+0000] {dagbag.py:545} INFO - Filling up the DagBag from /opt/airflow/dags/youtube_extraction.py
[2026-09-16T09:20:06.949+0000] {processor.py:840} INFO - DAG(s) 'youtube_extraction' retrieved from /opt/airflow/dags/youtube_extraction.py
[2026-09-16T09:20:06.981+0000] {logging_mixin.py:188} INFO - [2026-09-16T09:20:06.981+0000] {dag.py:3096} INFO - Sync 1 DAGs
[2026-09-16T09:20:06.998+0000] {logging_mixin.py:188} INFO - [2026-09-16T09:20:06.998+0000] {dag.py:3954} INFO - Setting next_dagrun for youtube_extraction to None, run_after=None
[2026-09-16T09:20:07.031+0000] {processor.py:183} INFO - Processing /opt/airflow/dags/youtube_extraction.py took 0.110 seconds
[2026-09-16T09:20:37.221+0000] {processor.py:161} INFO - Started process (PID=1145) to work on /opt/airflow/dags/youtube_extraction.py
[2026-09-16T09:20:37.224+0000] {processor.py:830} INFO - Processing file /opt/airflow/dags/youtube_extraction.py for tasks to queue
[2026-09-16T09:20:37.228+0000] {logging_mixin.py:188} INFO - [2026-09-16T09:20:37.228+0000] {dagbag.py:545} INFO - Filling up the DagBag from /opt/airflow/dags/youtube_extraction.py
[2026-09-16T09:20:37.247+0000] {processor.py:840} INFO - DAG(s) 'youtube_extraction' retrieved from /opt/airflow/dags/youtube_extraction.py
[2026-09-16T09:20:37.291+0000] {logging_mixin.py:188} INFO - [2026-09-16T09:20:37.291+0000] {dag.py:3096} INFO - Sync 1 DAGs
[2026-09-16T09:20:37.307+0000] {logging_mixin.py:188} INFO - [2026-09-16T09:20:37.306+0000] {dag.py:3954} INFO - Setting next_dagrun for youtube_extraction to None, run_after=None
[2026-09-16T09:20:37.332+0000] {processor.py:183} INFO - Processing /opt/airflow/dags/youtube_extraction.py took 0.118 seconds
[2026-09-16T09:21:07.429+0000] {processor.py:161} INFO - Started process (PID=1156) to work on /opt/airflow/dags/youtube_extraction.py
[2026-09-16T09:21:07.431+0000] {processor.py:830} INFO - Processing file /opt/airflow/dags/youtube_extraction.py for tasks to queue
[2026-09-16T09:21:07.436+0000] {logging_mixin.py:188} INFO - [2026-09-16T09:21:07.436+0000] {dagbag.py:545} INFO - Filling up the DagBag from /opt/airflow/dags/youtube_extraction.py
[2026-09-16T09:21:07.458+0000] {processor.py:840} INFO - DAG(s) 'youtube_extraction' retrieved from /opt/airflow/dags/youtube_extraction.py
[2026-09-16T09:21:07.500+0000] {logging_mixin.py:188} INFO - [2026-09-16T09:21:07.500+0000] {dag.py:3096} INFO - Sync 1 DAGs
[2026-09-16T09:21:07.521+0000] {logging_mixin.py:188} INFO - [2026-09-16T09:21:07.520+0000] {dag.py:3954} INFO - Setting next_dagrun for youtube_extraction to None, run_after=None
[2026-09-16T09:21:07.563+0000] {processor.py:183} INFO - Processing /opt/airflow/dags/youtube_extraction.py took 0.145 seconds
[2026-09-16T09:21:37.743+0000] {processor.py:161} INFO - Started process (PID=1167) to work on /opt/airflow/dags/youtube_extraction.py
[2026-09-16T09:21:37.749+0000] {processor.py:830} INFO - Processing file /opt/airflow/dags/youtube_extraction.py for tasks to queue
[2026-09-16T09:21:37.753+0000] {logging_mixin.py:188} INFO - [2026-09-16T09:21:37.752+0000] {dagbag.py:545} INFO - Filling up the DagBag from /opt/airflow/dags/youtube_extraction.py
[2026-09-16T09:21:37.774+0000] {processor.py:840} INFO - DAG(s) 'youtube_extraction' retrieved from /opt/airflow/dags/youtube_extraction.py
[2026-09-16T09:21:37.822+0000] {logging_mixin.py:188} INFO - [2026-09-16T09:21:37.822+0000] {dag.py:3096} INFO - Sync 1 DAGs
[2026-09-16T09:21:37.850+0000] {logging_mixin.py:188} INFO - [2026-09-16T09:21:37.850+0000] {dag.py:3954} INFO - Setting next_dagrun for youtube_extraction to None, run_after=None
[2026-09-16T09:21:37.902+0000] {processor.py:183} INFO - Processing /opt/airflow/dags/youtube_extraction.py took 0.170 seconds
[2026-09-16T09:22:07.978+0000] {processor.py:161} INFO - Started process (PID=1178) to work on /opt/airflow/dags/youtube_extraction.py
[2026-09-16T09:22:07.980+0000] {processor.py:830} INFO - Processing file /opt/airflow/dags/youtube_extraction.py for tasks to queue
[2026-09-16T09:22:07.983+0000] {logging_mixin.py:188} INFO - [2026-09-16T09:22:07.982+0000] {dagbag.py:545} INFO - Filling up the DagBag from /opt/airflow/dags/youtube_extraction.py
[2026-09-16T09:22:08.005+0000] {processor.py:840} INFO - DAG(s) 'youtube_extraction' retrieved from /opt/airflow/dags/youtube_extraction.py
[2026-09-16T09:22:08.048+0000] {logging_mixin.py:188} INFO - [2026-09-16T09:22:08.048+0000] {dag.py:3096} INFO - Sync 1 DAGs
[2026-09-16T09:22:08.069+0000] {logging_mixin.py:188} INFO - [2026-09-16T09:22:08.069+0000] {dag.py:3954} INFO - Setting next_dagrun for youtube_extraction to None, run_after=None
[2026-09-16T09:22:08.108+0000] {processor.py:183} INFO - Processing /opt/airflow/dags/youtube_extraction.py took 0.141 seconds
[2026-09-16T09:22:38.344+0000] {processor.py:161} INFO - Started process (PID=1189) to work on /opt/airflow/dags/youtube_extraction.py
[2026-09-16T09:22:38.349+0000] {processor.py:830} INFO - Processing file /opt/airflow/dags/youtube_extraction.py for tasks to queue
[2026-09-16T09:22:38.354+0000] {logging_mixin.py:188} INFO - [2026-09-16T09:22:38.353+0000] {dagbag.py:545} INFO - Filling up the DagBag from /opt/airflow/dags/youtube_extraction.py
[2026-09-16T09:22:38.375+0000] {processor.py:840} INFO - DAG(s) 'youtube_extraction' retrieved from /opt/airflow/dags/youtube_extraction.py
[2026-09-16T09:22:38.430+0000] {logging_mixin.py:188} INFO - [2026-09-16T09:22:38.428+0000] {dag.py:3096} INFO - Sync 1 DAGs
[2026-09-16T09:22:38.451+0000] {logging_mixin.py:188} INFO - [2026-09-16T09:22:38.451+0000] {dag.py:3954} INFO - Setting next_dagrun for youtube_extraction to None, run_after=None
[2026-09-16T09:22:38.479+0000] {processor.py:183} INFO - Processing /opt/airflow/dags/youtube_extraction.py took 0.146 seconds
[2026-09-16T09:23:08.545+0000] {processor.py:161} INFO - Started process (PID=1200) to work on /opt/airflow/dags/youtube_extraction.py
[2026-09-16T09:23:08.547+0000] {processor.py:830} INFO - Processing file /opt/airflow/dags/youtube_extraction.py for tasks to queue
[2026-09-16T09:23:08.551+0000] {logging_mixin.py:188} INFO - [2026-09-16T09:23:08.550+0000] {dagbag.py:545} INFO - Filling up the DagBag from /opt/airflow/dags/youtube_extraction.py
[2026-09-16T09:23:08.568+0000] {processor.py:840} INFO - DAG(s) 'youtube_extraction' retrieved from /opt/airflow/dags/youtube_extraction.py
[2026-09-16T09:23:08.605+0000] {logging_mixin.py:188} INFO - [2026-09-16T09:23:08.604+0000] {dag.py:3096} INFO - Sync 1 DAGs
[2026-09-16T09:23:08.625+0000] {logging_mixin.py:188} INFO - [2026-09-16T09:23:08.625+0000] {dag.py:3954} INFO - Setting next_dagrun for youtube_extraction to None, run_after=None
[2026-09-16T09:23:08.662+0000] {processor.py:183} INFO - Processing /opt/airflow/dags/youtube_extraction.py took 0.126 seconds
[2026-09-16T09:23:38.851+0000] {processor.py:161} INFO - Started process (PID=1210) to work on /opt/airflow/dags/youtube_extraction.py
[2026-09-16T09:23:38.853+0000] {processor.py:830} INFO - Processing file /opt/airflow/dags/youtube_extraction.py for tasks to queue
[2026-09-16T09:23:38.857+0000] {logging_mixin.py:188} INFO - [2026-09-16T09:23:38.856+0000] {dagbag.py:545} INFO - Filling up the DagBag from /opt/airflow/dags/youtube_extraction.py
[2026-09-16T09:23:38.875+0000] {processor.py:840} INFO - DAG(s) 'youtube_extraction' retrieved from /opt/airflow/dags/youtube_extraction.py
[2026-09-16T09:23:38.909+0000] {logging_mixin.py:188} INFO - [2026-09-16T09:23:38.908+0000] {dag.py:3096} INFO - Sync 1 DAGs
[2026-09-16T09:23:38.925+0000] {logging_mixin.py:188} INFO - [2026-09-16T09:23:38.924+0000] {dag.py:3954} INFO - Setting next_dagrun for youtube_extraction to None, run_after=None
[2026-09-16T09:23:38.957+0000] {processor.py:183} INFO - Processing /opt/airflow/dags/youtube_extraction.py took 0.113 seconds
[2026-09-16T09:24:09.066+0000] {processor.py:161} INFO - Started process (PID=1221) to work on /opt/airflow/dags/youtube_extraction.py
[2026-09-16T09:24:09.069+0000] {processor.py:830} INFO - Processing file /opt/airflow/dags/youtube_extraction.py for tasks to queue
[2026-09-16T09:24:09.075+0000] {logging_mixin.py:188} INFO - [2026-09-16T09:24:09.074+0000] {dagbag.py:545} INFO - Filling up the DagBag from /opt/airflow/dags/youtube_extraction.py
[2026-09-16T09:24:09.098+0000] {processor.py:840} INFO - DAG(s) 'youtube_extraction' retrieved from /opt/airflow/dags/youtube_extraction.py
[2026-09-16T09:24:09.149+0000] {logging_mixin.py:188} INFO - [2026-09-16T09:24:09.148+0000] {dag.py:3096} INFO - Sync 1 DAGs
[2026-09-16T09:24:09.173+0000] {logging_mixin.py:188} INFO - [2026-09-16T09:24:09.172+0000] {dag.py:3954} INFO - Setting next_dagrun for youtube_extraction to None, run_after=None
[2026-09-16T09:24:09.221+0000] {processor.py:183} INFO - Processing /opt/airflow/dags/youtube_extraction.py took 0.168 seconds
[2026-09-16T09:24:39.324+0000] {processor.py:161} INFO - Started process (PID=1232) to work on /opt/airflow/dags/youtube_extraction.py
[2026-09-16T09:24:39.326+0000] {processor.py:830} INFO - Processing file /opt/airflow/dags/youtube_extraction.py for tasks to queue
[2026-09-16T09:24:39.329+0000] {logging_mixin.py:188} INFO - [2026-09-16T09:24:39.329+0000] {dagbag.py:545} INFO - Filling up the DagBag from /opt/airflow/dags/youtube_extraction.py
[2026-09-16T09:24:39.346+0000] {processor.py:840} INFO - DAG(s) 'youtube_extraction' retrieved from /opt/airflow/dags/youtube_extraction.py
[2026-09-16T09:24:39.382+0000] {logging_mixin.py:188} INFO - [2026-09-16T09:24:39.381+0000] {dag.py:3096} INFO - Sync 1 DAGs
[2026-09-16T09:24:39.397+0000] {logging_mixin.py:188} INFO - [2026-09-16T09:24:39.397+0000] {dag.py:3954} INFO - Setting next_dagrun for youtube_extraction to None, run_after=None
[2026-09-16T09:24:39.431+0000] {processor.py:183} INFO - Processing /opt/airflow/dags/youtube_extraction.py took 0.115 seconds
[2026-09-16T09:25:09.620+0000] {processor.py:161} INFO - Started process (PID=1243) to work on /opt/airflow/dags/youtube_extraction.py
[2026-09-16T09:25:09.623+0000] {processor.py:830} INFO - Processing file /opt/airflow/dags/youtube_extraction.py for tasks to queue
[2026-09-16T09:25:09.627+0000] {logging_mixin.py:188} INFO - [2026-09-16T09:25:09.627+0000] {dagbag.py:545} INFO - Filling up the DagBag from /opt/airflow/dags/youtube_extraction.py
[2026-09-16T09:25:09.650+0000] {processor.py:840} INFO - DAG(s) 'youtube_extraction' retrieved from /opt/airflow/dags/youtube_extraction.py
[2026-09-16T09:25:09.686+0000] {logging_mixin.py:188} INFO - [2026-09-16T09:25:09.685+0000] {dag.py:3096} INFO - Sync 1 DAGs
[2026-09-16T09:25:09.702+0000] {logging_mixin.py:188} INFO - [2026-09-16T09:25:09.702+0000] {dag.py:3954} INFO - Setting next_dagrun for youtube_extraction to None, run_after=None
[2026-09-16T09:25:09.733+0000] {processor.py:183} INFO - Processing /opt/airflow/dags/youtube_extraction.py took 0.125 seconds
[2026-09-16T09:25:39.802+0000] {processor.py:161} INFO - Started process (PID=1254) to work on /opt/airflow/dags/youtube_extraction.py
[2026-09-16T09:25:39.805+0000] {processor.py:830} INFO - Processing file /opt/airflow/dags/youtube_extraction.py for tasks to queue
[2026-09-16T09:25:39.808+0000] {logging_mixin.py:188} INFO - [2026-09-16T09:25:39.807+0000] {dagbag.py:545} INFO - Filling up the DagBag from /opt/airflow/dags/youtube_extraction.py
[2026-09-16T09:25:39.825+0000] {processor.py:840} INFO - DAG(s) 'youtube_extraction' retrieved from /opt/airflow/dags/youtube_extraction.py
[2026-09-16T09:25:39.858+0000] {logging_mixin.py:188} INFO - [2026-09-16T09:25:39.857+0000] {dag.py:3096} INFO - Sync 1 DAGs
[2026-09-16T09:25:39.872+0000] {logging_mixin.py:188} INFO - [2026-09-16T09:25:39.872+0000] {dag.py:3954} INFO - Setting next_dagrun for youtube_extraction to None, run_after=None
[2026-09-16T09:25:39.905+0000] {processor.py:183} INFO - Processing /opt/airflow/dags/youtube_extraction.py took 0.111 seconds
[2026-09-16T09:26:10.103+0000] {processor.py:161} INFO - Started process (PID=1265) to work on /opt/airflow/dags/youtube_extraction.py
[2026-09-16T09:26:10.105+0000] {processor.py:830} INFO - Processing file /opt/airflow/dags/youtube_extraction.py for tasks to queue
[2026-09-16T09:26:10.107+0000] {logging_mixin.py:188} INFO - [2026-09-16T09:26:10.107+0000] {dagbag.py:545} INFO - Filling up the DagBag from /opt/airflow/dags/youtube_extraction.py
[2026-09-16T09:26:10.124+0000] {processor.py:840} INFO - DAG(s) 'youtube_extraction' retrieved from /opt/airflow/dags/youtube_extraction.py
[2026-09-16T09:26:10.155+0000] {logging_mixin.py:188} INFO - [2026-09-16T09:26:10.155+0000] {dag.py:3096} INFO - Sync 1 DAGs
[2026-09-16T09:26:10.170+0000] {logging_mixin.py:188} INFO - [2026-09-16T09:26:10.169+0000] {dag.py:3954} INFO - Setting next_dagrun for youtube_extraction to None, run_after=None
[2026-09-16T09:26:10.202+0000] {processor.py:183} INFO - Processing /opt/airflow/dags/youtube_extraction.py took 0.106 seconds
[2026-09-16T09:26:40.284+0000] {processor.py:161} INFO - Started process (PID=1276) to work on /opt/airflow/dags/youtube_extraction.py
[2026-09-16T09:26:40.286+0000] {processor.py:830} INFO - Processing file /opt/airflow/dags/youtube_extraction.py for tasks to queue
[2026-09-16T09:26:40.290+0000] {logging_mixin.py:188} INFO - [2026-09-16T09:26:40.290+0000] {dagbag.py:545} INFO - Filling up the DagBag from /opt/airflow/dags/youtube_extraction.py
[2026-09-16T09:26:40.308+0000] {processor.py:840} INFO - DAG(s) 'youtube_extraction' retrieved from /opt/airflow/dags/youtube_extraction.py
[2026-09-16T09:26:40.342+0000] {logging_mixin.py:188} INFO - [2026-09-16T09:26:40.341+0000] {dag.py:3096} INFO - Sync 1 DAGs
[2026-09-16T09:26:40.358+0000] {logging_mixin.py:188} INFO - [2026-09-16T09:26:40.358+0000] {dag.py:3954} INFO - Setting next_dagrun for youtube_extraction to None, run_after=None
[2026-09-16T09:26:40.391+0000] {processor.py:183} INFO - Processing /opt/airflow/dags/youtube_extraction.py took 0.114 seconds
[2026-09-16T09:27:10.571+0000] {processor.py:161} INFO - Started process (PID=1287) to work on /opt/airflow/dags/youtube_extraction.py
[2026-09-16T09:27:10.573+0000] {processor.py:830} INFO - Processing file /opt/airflow/dags/youtube_extraction.py for tasks to queue
[2026-09-16T09:27:10.576+0000] {logging_mixin.py:188} INFO - [2026-09-16T09:27:10.576+0000] {dagbag.py:545} INFO - Filling up the DagBag from /opt/airflow/dags/youtube_extraction.py
[2026-09-16T09:27:10.594+0000] {processor.py:840} INFO - DAG(s) 'youtube_extraction' retrieved from /opt/airflow/dags/youtube_extraction.py
[2026-09-16T09:27:10.624+0000] {logging_mixin.py:188} INFO - [2026-09-16T09:27:10.624+0000] {dag.py:3096} INFO - Sync 1 DAGs
[2026-09-16T09:27:10.641+0000] {logging_mixin.py:188} INFO - [2026-09-16T09:27:10.641+0000] {dag.py:3954} INFO - Setting next_dagrun for youtube_extraction to None, run_after=None
[2026-09-16T09:27:10.667+0000] {processor.py:183} INFO - Processing /opt/airflow/dags/youtube_extraction.py took 0.103 seconds
[2026-09-16T09:27:40.776+0000] {processor.py:161} INFO - Started process (PID=1297) to work on /opt/airflow/dags/youtube_extraction.py
[2026-09-16T09:27:40.778+0000] {processor.py:830} INFO - Processing file /opt/airflow/dags/youtube_extraction.py for tasks to queue
[2026-09-16T09:27:40.782+0000] {logging_mixin.py:188} INFO - [2026-09-16T09:27:40.781+0000] {dagbag.py:545} INFO - Filling up the DagBag from /opt/airflow/dags/youtube_extraction.py
[2026-09-16T09:27:40.799+0000] {processor.py:840} INFO - DAG(s) 'youtube_extraction' retrieved from /opt/airflow/dags/youtube_extraction.py
[2026-09-16T09:27:40.831+0000] {logging_mixin.py:188} INFO - [2026-09-16T09:27:40.830+0000] {dag.py:3096} INFO - Sync 1 DAGs
[2026-09-16T09:27:40.846+0000] {logging_mixin.py:188} INFO - [2026-09-16T09:27:40.845+0000] {dag.py:3954} INFO - Setting next_dagrun for youtube_extraction to None, run_after=None
[2026-09-16T09:27:40.871+0000] {processor.py:183} INFO - Processing /opt/airflow/dags/youtube_extraction.py took 0.104 seconds
[2026-09-16T09:28:11.033+0000] {processor.py:161} INFO - Started process (PID=1308) to work on /opt/airflow/dags/youtube_extraction.py
[2026-09-16T09:28:11.035+0000] {processor.py:830} INFO - Processing file /opt/airflow/dags/youtube_extraction.py for tasks to queue
[2026-09-16T09:28:11.038+0000] {logging_mixin.py:188} INFO - [2026-09-16T09:28:11.038+0000] {dagbag.py:545} INFO - Filling up the DagBag from /opt/airflow/dags/youtube_extraction.py
[2026-09-16T09:28:11.054+0000] {processor.py:840} INFO - DAG(s) 'youtube_extraction' retrieved from /opt/airflow/dags/youtube_extraction.py
[2026-09-16T09:28:11.086+0000] {logging_mixin.py:188} INFO - [2026-09-16T09:28:11.086+0000] {dag.py:3096} INFO - Sync 1 DAGs
[2026-09-16T09:28:11.100+0000] {logging_mixin.py:188} INFO - [2026-09-16T09:28:11.100+0000] {dag.py:3954} INFO - Setting next_dagrun for youtube_extraction to None, run_after=None
[2026-09-16T09:28:11.131+0000] {processor.py:183} INFO - Processing /opt/airflow/dags/youtube_extraction.py took 0.106 seconds
[2026-09-16T09:28:41.224+0000] {processor.py:161} INFO - Started process (PID=1319) to work on /opt/airflow/dags/youtube_extraction.py
[2026-09-16T09:28:41.227+0000] {processor.py:830} INFO - Processing file /opt/airflow/dags/youtube_extraction.py for tasks to queue
[2026-09-16T09:28:41.231+0000] {logging_mixin.py:188} INFO - [2026-09-16T09:28:41.230+0000] {dagbag.py:545} INFO - Filling up the DagBag from /opt/airflow/dags/youtube_extraction.py
[2026-09-16T09:28:41.250+0000] {processor.py:840} INFO - DAG(s) 'youtube_extraction' retrieved from /opt/airflow/dags/youtube_extraction.py
[2026-09-16T09:28:41.298+0000] {logging_mixin.py:188} INFO - [2026-09-16T09:28:41.298+0000] {dag.py:3096} INFO - Sync 1 DAGs
[2026-09-16T09:28:41.316+0000] {logging_mixin.py:188} INFO - [2026-09-16T09:28:41.316+0000] {dag.py:3954} INFO - Setting next_dagrun for youtube_extraction to None, run_after=None
[2026-09-16T09:28:41.353+0000] {processor.py:183} INFO - Processing /opt/airflow/dags/youtube_extraction.py took 0.136 seconds
[2026-09-16T09:29:11.478+0000] {processor.py:161} INFO - Started process (PID=1330) to work on /opt/airflow/dags/youtube_extraction.py
[2026-09-16T09:29:11.480+0000] {processor.py:830} INFO - Processing file /opt/airflow/dags/youtube_extraction.py for tasks to queue
[2026-09-16T09:29:11.484+0000] {logging_mixin.py:188} INFO - [2026-09-16T09:29:11.484+0000] {dagbag.py:545} INFO - Filling up the DagBag from /opt/airflow/dags/youtube_extraction.py
[2026-09-16T09:29:11.502+0000] {processor.py:840} INFO - DAG(s) 'youtube_extraction' retrieved from /opt/airflow/dags/youtube_extraction.py
[2026-09-16T09:29:11.540+0000] {logging_mixin.py:188} INFO - [2026-09-16T09:29:11.539+0000] {dag.py:3096} INFO - Sync 1 DAGs
[2026-09-16T09:29:11.556+0000] {logging_mixin.py:188} INFO - [2026-09-16T09:29:11.555+0000] {dag.py:3954} INFO - Setting next_dagrun for youtube_extraction to None, run_after=None
[2026-09-16T09:29:11.582+0000] {processor.py:183} INFO - Processing /opt/airflow/dags/youtube_extraction.py took 0.111 seconds
[2026-09-16T09:29:41.699+0000] {processor.py:161} INFO - Started process (PID=1341) to work on /opt/airflow/dags/youtube_extraction.py
[2026-09-16T09:29:41.702+0000] {processor.py:830} INFO - Processing file /opt/airflow/dags/youtube_extraction.py for tasks to queue
[2026-09-16T09:29:41.705+0000] {logging_mixin.py:188} INFO - [2026-09-16T09:29:41.705+0000] {dagbag.py:545} INFO - Filling up the DagBag from /opt/airflow/dags/youtube_extraction.py
[2026-09-16T09:29:41.724+0000] {processor.py:840} INFO - DAG(s) 'youtube_extraction' retrieved from /opt/airflow/dags/youtube_extraction.py
[2026-09-16T09:29:41.757+0000] {logging_mixin.py:188} INFO - [2026-09-16T09:29:41.757+0000] {dag.py:3096} INFO - Sync 1 DAGs
[2026-09-16T09:29:41.771+0000] {logging_mixin.py:188} INFO - [2026-09-16T09:29:41.770+0000] {dag.py:3954} INFO - Setting next_dagrun for youtube_extraction to None, run_after=None
[2026-09-16T09:29:41.803+0000] {processor.py:183} INFO - Processing /opt/airflow/dags/youtube_extraction.py took 0.111 seconds
[2026-09-16T09:30:11.927+0000] {processor.py:161} INFO - Started process (PID=1352) to work on /opt/airflow/dags/youtube_extraction.py
[2026-09-16T09:30:11.929+0000] {processor.py:830} INFO - Processing file /opt/airflow/dags/youtube_extraction.py for tasks to queue
[2026-09-16T09:30:11.932+0000] {logging_mixin.py:188} INFO - [2026-09-16T09:30:11.932+0000] {dagbag.py:545} INFO - Filling up the DagBag from /opt/airflow/dags/youtube_extraction.py
[2026-09-16T09:30:11.950+0000] {processor.py:840} INFO - DAG(s) 'youtube_extraction' retrieved from /opt/airflow/dags/youtube_extraction.py
[2026-09-16T09:30:11.983+0000] {logging_mixin.py:188} INFO - [2026-09-16T09:30:11.982+0000] {dag.py:3096} INFO - Sync 1 DAGs
[2026-09-16T09:30:11.999+0000] {logging_mixin.py:188} INFO - [2026-09-16T09:30:11.999+0000] {dag.py:3954} INFO - Setting next_dagrun for youtube_extraction to None, run_after=None
[2026-09-16T09:30:12.033+0000] {processor.py:183} INFO - Processing /opt/airflow/dags/youtube_extraction.py took 0.113 seconds
[2026-09-16T09:30:42.150+0000] {processor.py:161} INFO - Started process (PID=1364) to work on /opt/airflow/dags/youtube_extraction.py
[2026-09-16T09:30:42.153+0000] {processor.py:830} INFO - Processing file /opt/airflow/dags/youtube_extraction.py for tasks to queue
[2026-09-16T09:30:42.156+0000] {logging_mixin.py:188} INFO - [2026-09-16T09:30:42.155+0000] {dagbag.py:545} INFO - Filling up the DagBag from /opt/airflow/dags/youtube_extraction.py
[2026-09-16T09:30:42.172+0000] {processor.py:840} INFO - DAG(s) 'youtube_extraction' retrieved from /opt/airflow/dags/youtube_extraction.py
[2026-09-16T09:30:42.206+0000] {logging_mixin.py:188} INFO - [2026-09-16T09:30:42.206+0000] {dag.py:3096} INFO - Sync 1 DAGs
[2026-09-16T09:30:42.223+0000] {logging_mixin.py:188} INFO - [2026-09-16T09:30:42.223+0000] {dag.py:3954} INFO - Setting next_dagrun for youtube_extraction to None, run_after=None
[2026-09-16T09:30:42.255+0000] {processor.py:183} INFO - Processing /opt/airflow/dags/youtube_extraction.py took 0.112 seconds
[2026-09-16T09:31:12.384+0000] {processor.py:161} INFO - Started process (PID=1375) to work on /opt/airflow/dags/youtube_extraction.py
[2026-09-16T09:31:12.386+0000] {processor.py:830} INFO - Processing file /opt/airflow/dags/youtube_extraction.py for tasks to queue
[2026-09-16T09:31:12.390+0000] {logging_mixin.py:188} INFO - [2026-09-16T09:31:12.389+0000] {dagbag.py:545} INFO - Filling up the DagBag from /opt/airflow/dags/youtube_extraction.py
[2026-09-16T09:31:12.409+0000] {processor.py:840} INFO - DAG(s) 'youtube_extraction' retrieved from /opt/airflow/dags/youtube_extraction.py
[2026-09-16T09:31:12.442+0000] {logging_mixin.py:188} INFO - [2026-09-16T09:31:12.441+0000] {dag.py:3096} INFO - Sync 1 DAGs
[2026-09-16T09:31:12.458+0000] {logging_mixin.py:188} INFO - [2026-09-16T09:31:12.458+0000] {dag.py:3954} INFO - Setting next_dagrun for youtube_extraction to None, run_after=None
[2026-09-16T09:31:12.491+0000] {processor.py:183} INFO - Processing /opt/airflow/dags/youtube_extraction.py took 0.113 seconds
[2026-09-16T09:31:42.607+0000] {processor.py:161} INFO - Started process (PID=1386) to work on /opt/airflow/dags/youtube_extraction.py
[2026-09-16T09:31:42.610+0000] {processor.py:830} INFO - Processing file /opt/airflow/dags/youtube_extraction.py for tasks to queue
[2026-09-16T09:31:42.614+0000] {logging_mixin.py:188} INFO - [2026-09-16T09:31:42.614+0000] {dagbag.py:545} INFO - Filling up the DagBag from /opt/airflow/dags/youtube_extraction.py
[2026-09-16T09:31:42.632+0000] {processor.py:840} INFO - DAG(s) 'youtube_extraction' retrieved from /opt/airflow/dags/youtube_extraction.py
[2026-09-16T09:31:42.667+0000] {logging_mixin.py:188} INFO - [2026-09-16T09:31:42.667+0000] {dag.py:3096} INFO - Sync 1 DAGs
[2026-09-16T09:31:42.682+0000] {logging_mixin.py:188} INFO - [2026-09-16T09:31:42.682+0000] {dag.py:3954} INFO - Setting next_dagrun for youtube_extraction to None, run_after=None
[2026-09-16T09:31:42.713+0000] {processor.py:183} INFO - Processing /opt/airflow/dags/youtube_extraction.py took 0.113 seconds
[2026-09-16T09:32:12.830+0000] {processor.py:161} INFO - Started process (PID=1397) to work on /opt/airflow/dags/youtube_extraction.py
[2026-09-16T09:32:12.832+0000] {processor.py:830} INFO - Processing file /opt/airflow/dags/youtube_extraction.py for tasks to queue
[2026-09-16T09:32:12.836+0000] {logging_mixin.py:188} INFO - [2026-09-16T09:32:12.835+0000] {dagbag.py:545} INFO - Filling up the DagBag from /opt/airflow/dags/youtube_extraction.py
[2026-09-16T09:32:12.853+0000] {processor.py:840} INFO - DAG(s) 'youtube_extraction' retrieved from /opt/airflow/dags/youtube_extraction.py
[2026-09-16T09:32:12.886+0000] {logging_mixin.py:188} INFO - [2026-09-16T09:32:12.886+0000] {dag.py:3096} INFO - Sync 1 DAGs
[2026-09-16T09:32:12.903+0000] {logging_mixin.py:188} INFO - [2026-09-16T09:32:12.903+0000] {dag.py:3954} INFO - Setting next_dagrun for youtube_extraction to None, run_after=None
[2026-09-16T09:32:12.935+0000] {processor.py:183} INFO - Processing /opt/airflow/dags/youtube_extraction.py took 0.112 seconds
[2026-09-16T09:32:43.088+0000] {processor.py:161} INFO - Started process (PID=1408) to work on /opt/airflow/dags/youtube_extraction.py
[2026-09-16T09:32:43.091+0000] {processor.py:830} INFO - Processing file /opt/airflow/dags/youtube_extraction.py for tasks to queue
[2026-09-16T09:32:43.094+0000] {logging_mixin.py:188} INFO - [2026-09-16T09:32:43.094+0000] {dagbag.py:545} INFO - Filling up the DagBag from /opt/airflow/dags/youtube_extraction.py
[2026-09-16T09:32:43.114+0000] {processor.py:840} INFO - DAG(s) 'youtube_extraction' retrieved from /opt/airflow/dags/youtube_extraction.py
[2026-09-16T09:32:43.154+0000] {logging_mixin.py:188} INFO - [2026-09-16T09:32:43.154+0000] {dag.py:3096} INFO - Sync 1 DAGs
[2026-09-16T09:32:43.174+0000] {logging_mixin.py:188} INFO - [2026-09-16T09:32:43.174+0000] {dag.py:3954} INFO - Setting next_dagrun for youtube_extraction to None, run_after=None
[2026-09-16T09:32:43.208+0000] {processor.py:183} INFO - Processing /opt/airflow/dags/youtube_extraction.py took 0.131 seconds
[2026-09-16T09:33:13.285+0000] {processor.py:161} INFO - Started process (PID=1419) to work on /opt/airflow/dags/youtube_extraction.py
[2026-09-16T09:33:13.287+0000] {processor.py:830} INFO - Processing file /opt/airflow/dags/youtube_extraction.py for tasks to queue
[2026-09-16T09:33:13.290+0000] {logging_mixin.py:188} INFO - [2026-09-16T09:33:13.290+0000] {dagbag.py:545} INFO - Filling up the DagBag from /opt/airflow/dags/youtube_extraction.py
[2026-09-16T09:33:13.310+0000] {processor.py:840} INFO - DAG(s) 'youtube_extraction' retrieved from /opt/airflow/dags/youtube_extraction.py
[2026-09-16T09:33:13.346+0000] {logging_mixin.py:188} INFO - [2026-09-16T09:33:13.346+0000] {dag.py:3096} INFO - Sync 1 DAGs
[2026-09-16T09:33:13.363+0000] {logging_mixin.py:188} INFO - [2026-09-16T09:33:13.363+0000] {dag.py:3954} INFO - Setting next_dagrun for youtube_extraction to None, run_after=None
[2026-09-16T09:33:13.399+0000] {processor.py:183} INFO - Processing /opt/airflow/dags/youtube_extraction.py took 0.121 seconds
[2026-09-16T09:33:43.553+0000] {processor.py:161} INFO - Started process (PID=1430) to work on /opt/airflow/dags/youtube_extraction.py
[2026-09-16T09:33:43.554+0000] {processor.py:830} INFO - Processing file /opt/airflow/dags/youtube_extraction.py for tasks to queue
[2026-09-16T09:33:43.557+0000] {logging_mixin.py:188} INFO - [2026-09-16T09:33:43.557+0000] {dagbag.py:545} INFO - Filling up the DagBag from /opt/airflow/dags/youtube_extraction.py
[2026-09-16T09:33:43.574+0000] {processor.py:840} INFO - DAG(s) 'youtube_extraction' retrieved from /opt/airflow/dags/youtube_extraction.py
[2026-09-16T09:33:43.607+0000] {logging_mixin.py:188} INFO - [2026-09-16T09:33:43.606+0000] {dag.py:3096} INFO - Sync 1 DAGs
[2026-09-16T09:33:43.621+0000] {logging_mixin.py:188} INFO - [2026-09-16T09:33:43.621+0000] {dag.py:3954} INFO - Setting next_dagrun for youtube_extraction to None, run_after=None
[2026-09-16T09:33:43.652+0000] {processor.py:183} INFO - Processing /opt/airflow/dags/youtube_extraction.py took 0.106 seconds
[2026-09-16T09:34:13.752+0000] {processor.py:161} INFO - Started process (PID=1441) to work on /opt/airflow/dags/youtube_extraction.py
[2026-09-16T09:34:13.754+0000] {processor.py:830} INFO - Processing file /opt/airflow/dags/youtube_extraction.py for tasks to queue
[2026-09-16T09:34:13.757+0000] {logging_mixin.py:188} INFO - [2026-09-16T09:34:13.757+0000] {dagbag.py:545} INFO - Filling up the DagBag from /opt/airflow/dags/youtube_extraction.py
[2026-09-16T09:34:13.776+0000] {processor.py:840} INFO - DAG(s) 'youtube_extraction' retrieved from /opt/airflow/dags/youtube_extraction.py
[2026-09-16T09:34:13.812+0000] {logging_mixin.py:188} INFO - [2026-09-16T09:34:13.812+0000] {dag.py:3096} INFO - Sync 1 DAGs
[2026-09-16T09:34:13.827+0000] {logging_mixin.py:188} INFO - [2026-09-16T09:34:13.827+0000] {dag.py:3954} INFO - Setting next_dagrun for youtube_extraction to None, run_after=None
[2026-09-16T09:34:13.859+0000] {processor.py:183} INFO - Processing /opt/airflow/dags/youtube_extraction.py took 0.114 seconds
[2026-09-16T09:34:43.998+0000] {processor.py:161} INFO - Started process (PID=1452) to work on /opt/airflow/dags/youtube_extraction.py
[2026-09-16T09:34:44.001+0000] {processor.py:830} INFO - Processing file /opt/airflow/dags/youtube_extraction.py for tasks to queue
[2026-09-16T09:34:44.004+0000] {logging_mixin.py:188} INFO - [2026-09-16T09:34:44.003+0000] {dagbag.py:545} INFO - Filling up the DagBag from /opt/airflow/dags/youtube_extraction.py
[2026-09-16T09:34:44.020+0000] {processor.py:840} INFO - DAG(s) 'youtube_extraction' retrieved from /opt/airflow/dags/youtube_extraction.py
[2026-09-16T09:34:44.051+0000] {logging_mixin.py:188} INFO - [2026-09-16T09:34:44.051+0000] {dag.py:3096} INFO - Sync 1 DAGs
[2026-09-16T09:34:44.067+0000] {logging_mixin.py:188} INFO - [2026-09-16T09:34:44.066+0000] {dag.py:3954} INFO - Setting next_dagrun for youtube_extraction to None, run_after=None
[2026-09-16T09:34:44.102+0000] {processor.py:183} INFO - Processing /opt/airflow/dags/youtube_extraction.py took 0.111 seconds
[2026-09-16T09:35:14.216+0000] {processor.py:161} INFO - Started process (PID=1463) to work on /opt/airflow/dags/youtube_extraction.py
[2026-09-16T09:35:14.218+0000] {processor.py:830} INFO - Processing file /opt/airflow/dags/youtube_extraction.py for tasks to queue
[2026-09-16T09:35:14.222+0000] {logging_mixin.py:188} INFO - [2026-09-16T09:35:14.222+0000] {dagbag.py:545} INFO - Filling up the DagBag from /opt/airflow/dags/youtube_extraction.py
[2026-09-16T09:35:14.240+0000] {processor.py:840} INFO - DAG(s) 'youtube_extraction' retrieved from /opt/airflow/dags/youtube_extraction.py
[2026-09-16T09:35:14.276+0000] {logging_mixin.py:188} INFO - [2026-09-16T09:35:14.276+0000] {dag.py:3096} INFO - Sync 1 DAGs
[2026-09-16T09:35:14.291+0000] {logging_mixin.py:188} INFO - [2026-09-16T09:35:14.291+0000] {dag.py:3954} INFO - Setting next_dagrun for youtube_extraction to None, run_after=None
[2026-09-16T09:35:14.325+0000] {processor.py:183} INFO - Processing /opt/airflow/dags/youtube_extraction.py took 0.118 seconds
[2026-09-16T09:35:44.456+0000] {processor.py:161} INFO - Started process (PID=1474) to work on /opt/airflow/dags/youtube_extraction.py
[2026-09-16T09:35:44.459+0000] {processor.py:830} INFO - Processing file /opt/airflow/dags/youtube_extraction.py for tasks to queue
[2026-09-16T09:35:44.462+0000] {logging_mixin.py:188} INFO - [2026-09-16T09:35:44.462+0000] {dagbag.py:545} INFO - Filling up the DagBag from /opt/airflow/dags/youtube_extraction.py
[2026-09-16T09:35:44.481+0000] {processor.py:840} INFO - DAG(s) 'youtube_extraction' retrieved from /opt/airflow/dags/youtube_extraction.py
[2026-09-16T09:35:44.512+0000] {logging_mixin.py:188} INFO - [2026-09-16T09:35:44.511+0000] {dag.py:3096} INFO - Sync 1 DAGs
[2026-09-16T09:35:44.527+0000] {logging_mixin.py:188} INFO - [2026-09-16T09:35:44.526+0000] {dag.py:3954} INFO - Setting next_dagrun for youtube_extraction to None, run_after=None
[2026-09-16T09:35:44.560+0000] {processor.py:183} INFO - Processing /opt/airflow/dags/youtube_extraction.py took 0.113 seconds
[2026-09-16T09:36:14.665+0000] {processor.py:161} INFO - Started process (PID=1485) to work on /opt/airflow/dags/youtube_extraction.py
[2026-09-16T09:36:14.668+0000] {processor.py:830} INFO - Processing file /opt/airflow/dags/youtube_extraction.py for tasks to queue
[2026-09-16T09:36:14.673+0000] {logging_mixin.py:188} INFO - [2026-09-16T09:36:14.672+0000] {dagbag.py:545} INFO - Filling up the DagBag from /opt/airflow/dags/youtube_extraction.py
[2026-09-16T09:36:14.691+0000] {processor.py:840} INFO - DAG(s) 'youtube_extraction' retrieved from /opt/airflow/dags/youtube_extraction.py
[2026-09-16T09:36:14.729+0000] {logging_mixin.py:188} INFO - [2026-09-16T09:36:14.729+0000] {dag.py:3096} INFO - Sync 1 DAGs
[2026-09-16T09:36:14.745+0000] {logging_mixin.py:188} INFO - [2026-09-16T09:36:14.745+0000] {dag.py:3954} INFO - Setting next_dagrun for youtube_extraction to None, run_after=None
[2026-09-16T09:36:14.770+0000] {processor.py:183} INFO - Processing /opt/airflow/dags/youtube_extraction.py took 0.114 seconds
[2026-09-16T09:36:44.913+0000] {processor.py:161} INFO - Started process (PID=1496) to work on /opt/airflow/dags/youtube_extraction.py
[2026-09-16T09:36:44.915+0000] {processor.py:830} INFO - Processing file /opt/airflow/dags/youtube_extraction.py for tasks to queue
[2026-09-16T09:36:44.919+0000] {logging_mixin.py:188} INFO - [2026-09-16T09:36:44.918+0000] {dagbag.py:545} INFO - Filling up the DagBag from /opt/airflow/dags/youtube_extraction.py
[2026-09-16T09:36:44.939+0000] {processor.py:840} INFO - DAG(s) 'youtube_extraction' retrieved from /opt/airflow/dags/youtube_extraction.py
[2026-09-16T09:36:44.982+0000] {logging_mixin.py:188} INFO - [2026-09-16T09:36:44.982+0000] {dag.py:3096} INFO - Sync 1 DAGs
[2026-09-16T09:36:45.001+0000] {logging_mixin.py:188} INFO - [2026-09-16T09:36:45.001+0000] {dag.py:3954} INFO - Setting next_dagrun for youtube_extraction to None, run_after=None
[2026-09-16T09:36:45.037+0000] {processor.py:183} INFO - Processing /opt/airflow/dags/youtube_extraction.py took 0.133 seconds
[2026-09-16T09:37:15.154+0000] {processor.py:161} INFO - Started process (PID=1507) to work on /opt/airflow/dags/youtube_extraction.py
[2026-09-16T09:37:15.156+0000] {processor.py:830} INFO - Processing file /opt/airflow/dags/youtube_extraction.py for tasks to queue
[2026-09-16T09:37:15.160+0000] {logging_mixin.py:188} INFO - [2026-09-16T09:37:15.159+0000] {dagbag.py:545} INFO - Filling up the DagBag from /opt/airflow/dags/youtube_extraction.py
[2026-09-16T09:37:15.175+0000] {processor.py:840} INFO - DAG(s) 'youtube_extraction' retrieved from /opt/airflow/dags/youtube_extraction.py
[2026-09-16T09:37:15.209+0000] {logging_mixin.py:188} INFO - [2026-09-16T09:37:15.209+0000] {dag.py:3096} INFO - Sync 1 DAGs
[2026-09-16T09:37:15.224+0000] {logging_mixin.py:188} INFO - [2026-09-16T09:37:15.224+0000] {dag.py:3954} INFO - Setting next_dagrun for youtube_extraction to None, run_after=None
[2026-09-16T09:37:15.256+0000] {processor.py:183} INFO - Processing /opt/airflow/dags/youtube_extraction.py took 0.111 seconds
[2026-09-16T09:37:45.383+0000] {processor.py:161} INFO - Started process (PID=1518) to work on /opt/airflow/dags/youtube_extraction.py
[2026-09-16T09:37:45.385+0000] {processor.py:830} INFO - Processing file /opt/airflow/dags/youtube_extraction.py for tasks to queue
[2026-09-16T09:37:45.388+0000] {logging_mixin.py:188} INFO - [2026-09-16T09:37:45.387+0000] {dagbag.py:545} INFO - Filling up the DagBag from /opt/airflow/dags/youtube_extraction.py
[2026-09-16T09:37:45.405+0000] {processor.py:840} INFO - DAG(s) 'youtube_extraction' retrieved from /opt/airflow/dags/youtube_extraction.py
[2026-09-16T09:37:45.435+0000] {logging_mixin.py:188} INFO - [2026-09-16T09:37:45.435+0000] {dag.py:3096} INFO - Sync 1 DAGs
[2026-09-16T09:37:45.451+0000] {logging_mixin.py:188} INFO - [2026-09-16T09:37:45.451+0000] {dag.py:3954} INFO - Setting next_dagrun for youtube_extraction to None, run_after=None
[2026-09-16T09:37:45.486+0000] {processor.py:183} INFO - Processing /opt/airflow/dags/youtube_extraction.py took 0.110 seconds
[2026-09-16T09:38:15.616+0000] {processor.py:161} INFO - Started process (PID=1529) to work on /opt/airflow/dags/youtube_extraction.py
[2026-09-16T09:38:15.618+0000] {processor.py:830} INFO - Processing file /opt/airflow/dags/youtube_extraction.py for tasks to queue
[2026-09-16T09:38:15.623+0000] {logging_mixin.py:188} INFO - [2026-09-16T09:38:15.623+0000] {dagbag.py:545} INFO - Filling up the DagBag from /opt/airflow/dags/youtube_extraction.py
[2026-09-16T09:38:15.645+0000] {processor.py:840} INFO - DAG(s) 'youtube_extraction' retrieved from /opt/airflow/dags/youtube_extraction.py
[2026-09-16T09:38:15.690+0000] {logging_mixin.py:188} INFO - [2026-09-16T09:38:15.690+0000] {dag.py:3096} INFO - Sync 1 DAGs
[2026-09-16T09:38:15.714+0000] {logging_mixin.py:188} INFO - [2026-09-16T09:38:15.714+0000] {dag.py:3954} INFO - Setting next_dagrun for youtube_extraction to None, run_after=None
[2026-09-16T09:38:15.742+0000] {processor.py:183} INFO - Processing /opt/airflow/dags/youtube_extraction.py took 0.133 seconds
[2026-09-16T09:38:45.853+0000] {processor.py:161} INFO - Started process (PID=1540) to work on /opt/airflow/dags/youtube_extraction.py
[2026-09-16T09:38:45.856+0000] {processor.py:830} INFO - Processing file /opt/airflow/dags/youtube_extraction.py for tasks to queue
[2026-09-16T09:38:45.859+0000] {logging_mixin.py:188} INFO - [2026-09-16T09:38:45.858+0000] {dagbag.py:545} INFO - Filling up the DagBag from /opt/airflow/dags/youtube_extraction.py
[2026-09-16T09:38:45.876+0000] {processor.py:840} INFO - DAG(s) 'youtube_extraction' retrieved from /opt/airflow/dags/youtube_extraction.py
[2026-09-16T09:38:45.913+0000] {logging_mixin.py:188} INFO - [2026-09-16T09:38:45.913+0000] {dag.py:3096} INFO - Sync 1 DAGs
[2026-09-16T09:38:45.931+0000] {logging_mixin.py:188} INFO - [2026-09-16T09:38:45.931+0000] {dag.py:3954} INFO - Setting next_dagrun for youtube_extraction to None, run_after=None
[2026-09-16T09:38:45.959+0000] {processor.py:183} INFO - Processing /opt/airflow/dags/youtube_extraction.py took 0.112 seconds
[2026-09-16T09:39:16.089+0000] {processor.py:161} INFO - Started process (PID=1551) to work on /opt/airflow/dags/youtube_extraction.py
[2026-09-16T09:39:16.091+0000] {processor.py:830} INFO - Processing file /opt/airflow/dags/youtube_extraction.py for tasks to queue
[2026-09-16T09:39:16.095+0000] {logging_mixin.py:188} INFO - [2026-09-16T09:39:16.095+0000] {dagbag.py:545} INFO - Filling up the DagBag from /opt/airflow/dags/youtube_extraction.py
[2026-09-16T09:39:16.113+0000] {processor.py:840} INFO - DAG(s) 'youtube_extraction' retrieved from /opt/airflow/dags/youtube_extraction.py
[2026-09-16T09:39:16.145+0000] {logging_mixin.py:188} INFO - [2026-09-16T09:39:16.144+0000] {dag.py:3096} INFO - Sync 1 DAGs
[2026-09-16T09:39:16.160+0000] {logging_mixin.py:188} INFO - [2026-09-16T09:39:16.160+0000] {dag.py:3954} INFO - Setting next_dagrun for youtube_extraction to None, run_after=None
[2026-09-16T09:39:16.193+0000] {processor.py:183} INFO - Processing /opt/airflow/dags/youtube_extraction.py took 0.112 seconds
[2026-09-16T09:39:46.302+0000] {processor.py:161} INFO - Started process (PID=1562) to work on /opt/airflow/dags/youtube_extraction.py
[2026-09-16T09:39:46.304+0000] {processor.py:830} INFO - Processing file /opt/airflow/dags/youtube_extraction.py for tasks to queue
[2026-09-16T09:39:46.307+0000] {logging_mixin.py:188} INFO - [2026-09-16T09:39:46.307+0000] {dagbag.py:545} INFO - Filling up the DagBag from /opt/airflow/dags/youtube_extraction.py
[2026-09-16T09:39:46.325+0000] {processor.py:840} INFO - DAG(s) 'youtube_extraction' retrieved from /opt/airflow/dags/youtube_extraction.py
[2026-09-16T09:39:46.359+0000] {logging_mixin.py:188} INFO - [2026-09-16T09:39:46.359+0000] {dag.py:3096} INFO - Sync 1 DAGs
[2026-09-16T09:39:46.373+0000] {logging_mixin.py:188} INFO - [2026-09-16T09:39:46.373+0000] {dag.py:3954} INFO - Setting next_dagrun for youtube_extraction to None, run_after=None
[2026-09-16T09:39:46.405+0000] {processor.py:183} INFO - Processing /opt/airflow/dags/youtube_extraction.py took 0.111 seconds
[2026-09-16T09:40:16.543+0000] {processor.py:161} INFO - Started process (PID=1573) to work on /opt/airflow/dags/youtube_extraction.py
[2026-09-16T09:40:16.546+0000] {processor.py:830} INFO - Processing file /opt/airflow/dags/youtube_extraction.py for tasks to queue
[2026-09-16T09:40:16.551+0000] {logging_mixin.py:188} INFO - [2026-09-16T09:40:16.549+0000] {dagbag.py:545} INFO - Filling up the DagBag from /opt/airflow/dags/youtube_extraction.py
[2026-09-16T09:40:16.567+0000] {processor.py:840} INFO - DAG(s) 'youtube_extraction' retrieved from /opt/airflow/dags/youtube_extraction.py
[2026-09-16T09:40:16.602+0000] {logging_mixin.py:188} INFO - [2026-09-16T09:40:16.602+0000] {dag.py:3096} INFO - Sync 1 DAGs
[2026-09-16T09:40:16.617+0000] {logging_mixin.py:188} INFO - [2026-09-16T09:40:16.617+0000] {dag.py:3954} INFO - Setting next_dagrun for youtube_extraction to None, run_after=None
[2026-09-16T09:40:16.641+0000] {processor.py:183} INFO - Processing /opt/airflow/dags/youtube_extraction.py took 0.104 seconds
[2026-09-16T09:40:46.762+0000] {processor.py:161} INFO - Started process (PID=1584) to work on /opt/airflow/dags/youtube_extraction.py
[2026-09-16T09:40:46.765+0000] {processor.py:830} INFO - Processing file /opt/airflow/dags/youtube_extraction.py for tasks to queue
[2026-09-16T09:40:46.768+0000] {logging_mixin.py:188} INFO - [2026-09-16T09:40:46.767+0000] {dagbag.py:545} INFO - Filling up the DagBag from /opt/airflow/dags/youtube_extraction.py
[2026-09-16T09:40:46.784+0000] {processor.py:840} INFO - DAG(s) 'youtube_extraction' retrieved from /opt/airflow/dags/youtube_extraction.py
[2026-09-16T09:40:46.818+0000] {logging_mixin.py:188} INFO - [2026-09-16T09:40:46.817+0000] {dag.py:3096} INFO - Sync 1 DAGs
[2026-09-16T09:40:46.832+0000] {logging_mixin.py:188} INFO - [2026-09-16T09:40:46.832+0000] {dag.py:3954} INFO - Setting next_dagrun for youtube_extraction to None, run_after=None
[2026-09-16T09:40:46.867+0000] {processor.py:183} INFO - Processing /opt/airflow/dags/youtube_extraction.py took 0.112 seconds
[2026-09-16T09:41:16.988+0000] {processor.py:161} INFO - Started process (PID=1595) to work on /opt/airflow/dags/youtube_extraction.py
[2026-09-16T09:41:16.990+0000] {processor.py:830} INFO - Processing file /opt/airflow/dags/youtube_extraction.py for tasks to queue
[2026-09-16T09:41:16.994+0000] {logging_mixin.py:188} INFO - [2026-09-16T09:41:16.993+0000] {dagbag.py:545} INFO - Filling up the DagBag from /opt/airflow/dags/youtube_extraction.py
[2026-09-16T09:41:17.009+0000] {processor.py:840} INFO - DAG(s) 'youtube_extraction' retrieved from /opt/airflow/dags/youtube_extraction.py
[2026-09-16T09:41:17.041+0000] {logging_mixin.py:188} INFO - [2026-09-16T09:41:17.041+0000] {dag.py:3096} INFO - Sync 1 DAGs
[2026-09-16T09:41:17.056+0000] {logging_mixin.py:188} INFO - [2026-09-16T09:41:17.055+0000] {dag.py:3954} INFO - Setting next_dagrun for youtube_extraction to None, run_after=None
[2026-09-16T09:41:17.088+0000] {processor.py:183} INFO - Processing /opt/airflow/dags/youtube_extraction.py took 0.108 seconds
[2026-09-16T09:41:47.221+0000] {processor.py:161} INFO - Started process (PID=1606) to work on /opt/airflow/dags/youtube_extraction.py
[2026-09-16T09:41:47.223+0000] {processor.py:830} INFO - Processing file /opt/airflow/dags/youtube_extraction.py for tasks to queue
[2026-09-16T09:41:47.226+0000] {logging_mixin.py:188} INFO - [2026-09-16T09:41:47.226+0000] {dagbag.py:545} INFO - Filling up the DagBag from /opt/airflow/dags/youtube_extraction.py
[2026-09-16T09:41:47.242+0000] {processor.py:840} INFO - DAG(s) 'youtube_extraction' retrieved from /opt/airflow/dags/youtube_extraction.py
[2026-09-16T09:41:47.275+0000] {logging_mixin.py:188} INFO - [2026-09-16T09:41:47.275+0000] {dag.py:3096} INFO - Sync 1 DAGs
[2026-09-16T09:41:47.291+0000] {logging_mixin.py:188} INFO - [2026-09-16T09:41:47.291+0000] {dag.py:3954} INFO - Setting next_dagrun for youtube_extraction to None, run_after=None
[2026-09-16T09:41:47.325+0000] {processor.py:183} INFO - Processing /opt/airflow/dags/youtube_extraction.py took 0.113 seconds
[2026-09-16T09:42:17.457+0000] {processor.py:161} INFO - Started process (PID=1617) to work on /opt/airflow/dags/youtube_extraction.py
[2026-09-16T09:42:17.459+0000] {processor.py:830} INFO - Processing file /opt/airflow/dags/youtube_extraction.py for tasks to queue
[2026-09-16T09:42:17.462+0000] {logging_mixin.py:188} INFO - [2026-09-16T09:42:17.462+0000] {dagbag.py:545} INFO - Filling up the DagBag from /opt/airflow/dags/youtube_extraction.py
[2026-09-16T09:42:17.480+0000] {processor.py:840} INFO - DAG(s) 'youtube_extraction' retrieved from /opt/airflow/dags/youtube_extraction.py
[2026-09-16T09:42:17.511+0000] {logging_mixin.py:188} INFO - [2026-09-16T09:42:17.511+0000] {dag.py:3096} INFO - Sync 1 DAGs
[2026-09-16T09:42:17.527+0000] {logging_mixin.py:188} INFO - [2026-09-16T09:42:17.526+0000] {dag.py:3954} INFO - Setting next_dagrun for youtube_extraction to None, run_after=None
[2026-09-16T09:42:17.560+0000] {processor.py:183} INFO - Processing /opt/airflow/dags/youtube_extraction.py took 0.110 seconds
[2026-09-16T09:42:47.668+0000] {processor.py:161} INFO - Started process (PID=1628) to work on /opt/airflow/dags/youtube_extraction.py
[2026-09-16T09:42:47.671+0000] {processor.py:830} INFO - Processing file /opt/airflow/dags/youtube_extraction.py for tasks to queue
[2026-09-16T09:42:47.675+0000] {logging_mixin.py:188} INFO - [2026-09-16T09:42:47.674+0000] {dagbag.py:545} INFO - Filling up the DagBag from /opt/airflow/dags/youtube_extraction.py
[2026-09-16T09:42:47.693+0000] {processor.py:840} INFO - DAG(s) 'youtube_extraction' retrieved from /opt/airflow/dags/youtube_extraction.py
[2026-09-16T09:42:47.728+0000] {logging_mixin.py:188} INFO - [2026-09-16T09:42:47.728+0000] {dag.py:3096} INFO - Sync 1 DAGs
[2026-09-16T09:42:47.745+0000] {logging_mixin.py:188} INFO - [2026-09-16T09:42:47.745+0000] {dag.py:3954} INFO - Setting next_dagrun for youtube_extraction to None, run_after=None
[2026-09-16T09:42:47.781+0000] {processor.py:183} INFO - Processing /opt/airflow/dags/youtube_extraction.py took 0.120 seconds
[2026-09-16T09:43:17.915+0000] {processor.py:161} INFO - Started process (PID=1639) to work on /opt/airflow/dags/youtube_extraction.py
[2026-09-16T09:43:17.918+0000] {processor.py:830} INFO - Processing file /opt/airflow/dags/youtube_extraction.py for tasks to queue
[2026-09-16T09:43:17.921+0000] {logging_mixin.py:188} INFO - [2026-09-16T09:43:17.920+0000] {dagbag.py:545} INFO - Filling up the DagBag from /opt/airflow/dags/youtube_extraction.py
[2026-09-16T09:43:17.938+0000] {processor.py:840} INFO - DAG(s) 'youtube_extraction' retrieved from /opt/airflow/dags/youtube_extraction.py
[2026-09-16T09:43:17.970+0000] {logging_mixin.py:188} INFO - [2026-09-16T09:43:17.970+0000] {dag.py:3096} INFO - Sync 1 DAGs
[2026-09-16T09:43:17.985+0000] {logging_mixin.py:188} INFO - [2026-09-16T09:43:17.985+0000] {dag.py:3954} INFO - Setting next_dagrun for youtube_extraction to None, run_after=None
[2026-09-16T09:43:18.020+0000] {processor.py:183} INFO - Processing /opt/airflow/dags/youtube_extraction.py took 0.112 seconds
[2026-09-16T09:43:48.127+0000] {processor.py:161} INFO - Started process (PID=1650) to work on /opt/airflow/dags/youtube_extraction.py
[2026-09-16T09:43:48.130+0000] {processor.py:830} INFO - Processing file /opt/airflow/dags/youtube_extraction.py for tasks to queue
[2026-09-16T09:43:48.133+0000] {logging_mixin.py:188} INFO - [2026-09-16T09:43:48.133+0000] {dagbag.py:545} INFO - Filling up the DagBag from /opt/airflow/dags/youtube_extraction.py
[2026-09-16T09:43:48.150+0000] {processor.py:840} INFO - DAG(s) 'youtube_extraction' retrieved from /opt/airflow/dags/youtube_extraction.py
[2026-09-16T09:43:48.182+0000] {logging_mixin.py:188} INFO - [2026-09-16T09:43:48.182+0000] {dag.py:3096} INFO - Sync 1 DAGs
[2026-09-16T09:43:48.197+0000] {logging_mixin.py:188} INFO - [2026-09-16T09:43:48.196+0000] {dag.py:3954} INFO - Setting next_dagrun for youtube_extraction to None, run_after=None
[2026-09-16T09:43:48.229+0000] {processor.py:183} INFO - Processing /opt/airflow/dags/youtube_extraction.py took 0.109 seconds
[2026-09-16T09:44:18.366+0000] {processor.py:161} INFO - Started process (PID=1661) to work on /opt/airflow/dags/youtube_extraction.py
[2026-09-16T09:44:18.369+0000] {processor.py:830} INFO - Processing file /opt/airflow/dags/youtube_extraction.py for tasks to queue
[2026-09-16T09:44:18.374+0000] {logging_mixin.py:188} INFO - [2026-09-16T09:44:18.373+0000] {dagbag.py:545} INFO - Filling up the DagBag from /opt/airflow/dags/youtube_extraction.py
[2026-09-16T09:44:18.392+0000] {processor.py:840} INFO - DAG(s) 'youtube_extraction' retrieved from /opt/airflow/dags/youtube_extraction.py
[2026-09-16T09:44:18.422+0000] {logging_mixin.py:188} INFO - [2026-09-16T09:44:18.422+0000] {dag.py:3096} INFO - Sync 1 DAGs
[2026-09-16T09:44:18.437+0000] {logging_mixin.py:188} INFO - [2026-09-16T09:44:18.437+0000] {dag.py:3954} INFO - Setting next_dagrun for youtube_extraction to None, run_after=None
[2026-09-16T09:44:18.472+0000] {processor.py:183} INFO - Processing /opt/airflow/dags/youtube_extraction.py took 0.113 seconds
[2026-09-16T09:44:48.577+0000] {processor.py:161} INFO - Started process (PID=1673) to work on /opt/airflow/dags/youtube_extraction.py
[2026-09-16T09:44:48.581+0000] {processor.py:830} INFO - Processing file /opt/airflow/dags/youtube_extraction.py for tasks to queue
[2026-09-16T09:44:48.584+0000] {logging_mixin.py:188} INFO - [2026-09-16T09:44:48.584+0000] {dagbag.py:545} INFO - Filling up the DagBag from /opt/airflow/dags/youtube_extraction.py
[2026-09-16T09:44:48.600+0000] {processor.py:840} INFO - DAG(s) 'youtube_extraction' retrieved from /opt/airflow/dags/youtube_extraction.py
[2026-09-16T09:44:48.633+0000] {logging_mixin.py:188} INFO - [2026-09-16T09:44:48.632+0000] {dag.py:3096} INFO - Sync 1 DAGs
[2026-09-16T09:44:48.649+0000] {logging_mixin.py:188} INFO - [2026-09-16T09:44:48.649+0000] {dag.py:3954} INFO - Setting next_dagrun for youtube_extraction to None, run_after=None
[2026-09-16T09:44:48.673+0000] {processor.py:183} INFO - Processing /opt/airflow/dags/youtube_extraction.py took 0.104 seconds
[2026-09-16T09:45:18.820+0000] {processor.py:161} INFO - Started process (PID=1684) to work on /opt/airflow/dags/youtube_extraction.py
[2026-09-16T09:45:18.822+0000] {processor.py:830} INFO - Processing file /opt/airflow/dags/youtube_extraction.py for tasks to queue
[2026-09-16T09:45:18.826+0000] {logging_mixin.py:188} INFO - [2026-09-16T09:45:18.825+0000] {dagbag.py:545} INFO - Filling up the DagBag from /opt/airflow/dags/youtube_extraction.py
[2026-09-16T09:45:18.842+0000] {processor.py:840} INFO - DAG(s) 'youtube_extraction' retrieved from /opt/airflow/dags/youtube_extraction.py
[2026-09-16T09:45:18.873+0000] {logging_mixin.py:188} INFO - [2026-09-16T09:45:18.873+0000] {dag.py:3096} INFO - Sync 1 DAGs
[2026-09-16T09:45:18.888+0000] {logging_mixin.py:188} INFO - [2026-09-16T09:45:18.888+0000] {dag.py:3954} INFO - Setting next_dagrun for youtube_extraction to None, run_after=None
[2026-09-16T09:45:18.920+0000] {processor.py:183} INFO - Processing /opt/airflow/dags/youtube_extraction.py took 0.108 seconds
[2026-09-16T09:45:49.021+0000] {processor.py:161} INFO - Started process (PID=1695) to work on /opt/airflow/dags/youtube_extraction.py
[2026-09-16T09:45:49.023+0000] {processor.py:830} INFO - Processing file /opt/airflow/dags/youtube_extraction.py for tasks to queue
[2026-09-16T09:45:49.030+0000] {logging_mixin.py:188} INFO - [2026-09-16T09:45:49.029+0000] {dagbag.py:545} INFO - Filling up the DagBag from /opt/airflow/dags/youtube_extraction.py
[2026-09-16T09:45:49.049+0000] {processor.py:840} INFO - DAG(s) 'youtube_extraction' retrieved from /opt/airflow/dags/youtube_extraction.py
[2026-09-16T09:45:49.088+0000] {logging_mixin.py:188} INFO - [2026-09-16T09:45:49.087+0000] {dag.py:3096} INFO - Sync 1 DAGs
[2026-09-16T09:45:49.107+0000] {logging_mixin.py:188} INFO - [2026-09-16T09:45:49.107+0000] {dag.py:3954} INFO - Setting next_dagrun for youtube_extraction to None, run_after=None
[2026-09-16T09:45:49.142+0000] {processor.py:183} INFO - Processing /opt/airflow/dags/youtube_extraction.py took 0.129 seconds
[2026-09-16T09:46:19.268+0000] {processor.py:161} INFO - Started process (PID=1712) to work on /opt/airflow/dags/youtube_extraction.py
[2026-09-16T09:46:19.270+0000] {processor.py:830} INFO - Processing file /opt/airflow/dags/youtube_extraction.py for tasks to queue
[2026-09-16T09:46:19.276+0000] {logging_mixin.py:188} INFO - [2026-09-16T09:46:19.275+0000] {dagbag.py:545} INFO - Filling up the DagBag from /opt/airflow/dags/youtube_extraction.py
[2026-09-16T09:46:19.294+0000] {processor.py:840} INFO - DAG(s) 'youtube_extraction' retrieved from /opt/airflow/dags/youtube_extraction.py
[2026-09-16T09:46:19.326+0000] {logging_mixin.py:188} INFO - [2026-09-16T09:46:19.326+0000] {dag.py:3096} INFO - Sync 1 DAGs
[2026-09-16T09:46:19.341+0000] {logging_mixin.py:188} INFO - [2026-09-16T09:46:19.340+0000] {dag.py:3954} INFO - Setting next_dagrun for youtube_extraction to None, run_after=None
[2026-09-16T09:46:19.372+0000] {processor.py:183} INFO - Processing /opt/airflow/dags/youtube_extraction.py took 0.114 seconds
[2026-09-16T09:46:49.491+0000] {processor.py:161} INFO - Started process (PID=1723) to work on /opt/airflow/dags/youtube_extraction.py
[2026-09-16T09:46:49.493+0000] {processor.py:830} INFO - Processing file /opt/airflow/dags/youtube_extraction.py for tasks to queue
[2026-09-16T09:46:49.496+0000] {logging_mixin.py:188} INFO - [2026-09-16T09:46:49.496+0000] {dagbag.py:545} INFO - Filling up the DagBag from /opt/airflow/dags/youtube_extraction.py
[2026-09-16T09:46:49.514+0000] {processor.py:840} INFO - DAG(s) 'youtube_extraction' retrieved from /opt/airflow/dags/youtube_extraction.py
[2026-09-16T09:46:49.545+0000] {logging_mixin.py:188} INFO - [2026-09-16T09:46:49.545+0000] {dag.py:3096} INFO - Sync 1 DAGs
[2026-09-16T09:46:49.560+0000] {logging_mixin.py:188} INFO - [2026-09-16T09:46:49.560+0000] {dag.py:3954} INFO - Setting next_dagrun for youtube_extraction to None, run_after=None
[2026-09-16T09:46:49.591+0000] {processor.py:183} INFO - Processing /opt/airflow/dags/youtube_extraction.py took 0.109 seconds
[2026-09-16T09:47:19.746+0000] {processor.py:161} INFO - Started process (PID=1734) to work on /opt/airflow/dags/youtube_extraction.py
[2026-09-16T09:47:19.748+0000] {processor.py:830} INFO - Processing file /opt/airflow/dags/youtube_extraction.py for tasks to queue
[2026-09-16T09:47:19.751+0000] {logging_mixin.py:188} INFO - [2026-09-16T09:47:19.751+0000] {dagbag.py:545} INFO - Filling up the DagBag from /opt/airflow/dags/youtube_extraction.py
[2026-09-16T09:47:19.768+0000] {processor.py:840} INFO - DAG(s) 'youtube_extraction' retrieved from /opt/airflow/dags/youtube_extraction.py
[2026-09-16T09:47:19.799+0000] {logging_mixin.py:188} INFO - [2026-09-16T09:47:19.799+0000] {dag.py:3096} INFO - Sync 1 DAGs
[2026-09-16T09:47:19.816+0000] {logging_mixin.py:188} INFO - [2026-09-16T09:47:19.816+0000] {dag.py:3954} INFO - Setting next_dagrun for youtube_extraction to None, run_after=None
[2026-09-16T09:47:19.849+0000] {processor.py:183} INFO - Processing /opt/airflow/dags/youtube_extraction.py took 0.112 seconds
[2026-09-16T09:47:49.941+0000] {processor.py:161} INFO - Started process (PID=1745) to work on /opt/airflow/dags/youtube_extraction.py
[2026-09-16T09:47:49.943+0000] {processor.py:830} INFO - Processing file /opt/airflow/dags/youtube_extraction.py for tasks to queue
[2026-09-16T09:47:49.947+0000] {logging_mixin.py:188} INFO - [2026-09-16T09:47:49.946+0000] {dagbag.py:545} INFO - Filling up the DagBag from /opt/airflow/dags/youtube_extraction.py
[2026-09-16T09:47:49.963+0000] {processor.py:840} INFO - DAG(s) 'youtube_extraction' retrieved from /opt/airflow/dags/youtube_extraction.py
[2026-09-16T09:47:49.997+0000] {logging_mixin.py:188} INFO - [2026-09-16T09:47:49.997+0000] {dag.py:3096} INFO - Sync 1 DAGs
[2026-09-16T09:47:50.018+0000] {logging_mixin.py:188} INFO - [2026-09-16T09:47:50.018+0000] {dag.py:3954} INFO - Setting next_dagrun for youtube_extraction to None, run_after=None
[2026-09-16T09:47:50.045+0000] {processor.py:183} INFO - Processing /opt/airflow/dags/youtube_extraction.py took 0.111 seconds
[2026-09-16T09:48:20.210+0000] {processor.py:161} INFO - Started process (PID=1756) to work on /opt/airflow/dags/youtube_extraction.py
[2026-09-16T09:48:20.213+0000] {processor.py:830} INFO - Processing file /opt/airflow/dags/youtube_extraction.py for tasks to queue
[2026-09-16T09:48:20.216+0000] {logging_mixin.py:188} INFO - [2026-09-16T09:48:20.216+0000] {dagbag.py:545} INFO - Filling up the DagBag from /opt/airflow/dags/youtube_extraction.py
[2026-09-16T09:48:20.234+0000] {processor.py:840} INFO - DAG(s) 'youtube_extraction' retrieved from /opt/airflow/dags/youtube_extraction.py
[2026-09-16T09:48:20.269+0000] {logging_mixin.py:188} INFO - [2026-09-16T09:48:20.269+0000] {dag.py:3096} INFO - Sync 1 DAGs
[2026-09-16T09:48:20.288+0000] {logging_mixin.py:188} INFO - [2026-09-16T09:48:20.287+0000] {dag.py:3954} INFO - Setting next_dagrun for youtube_extraction to None, run_after=None
[2026-09-16T09:48:20.321+0000] {processor.py:183} INFO - Processing /opt/airflow/dags/youtube_extraction.py took 0.119 seconds
[2026-09-16T09:48:50.411+0000] {processor.py:161} INFO - Started process (PID=1767) to work on /opt/airflow/dags/youtube_extraction.py
[2026-09-16T09:48:50.413+0000] {processor.py:830} INFO - Processing file /opt/airflow/dags/youtube_extraction.py for tasks to queue
[2026-09-16T09:48:50.417+0000] {logging_mixin.py:188} INFO - [2026-09-16T09:48:50.416+0000] {dagbag.py:545} INFO - Filling up the DagBag from /opt/airflow/dags/youtube_extraction.py
[2026-09-16T09:48:50.433+0000] {processor.py:840} INFO - DAG(s) 'youtube_extraction' retrieved from /opt/airflow/dags/youtube_extraction.py
[2026-09-16T09:48:50.472+0000] {logging_mixin.py:188} INFO - [2026-09-16T09:48:50.472+0000] {dag.py:3096} INFO - Sync 1 DAGs
[2026-09-16T09:48:50.489+0000] {logging_mixin.py:188} INFO - [2026-09-16T09:48:50.488+0000] {dag.py:3954} INFO - Setting next_dagrun for youtube_extraction to None, run_after=None
[2026-09-16T09:48:50.522+0000] {processor.py:183} INFO - Processing /opt/airflow/dags/youtube_extraction.py took 0.117 seconds
[2026-09-16T09:49:20.686+0000] {processor.py:161} INFO - Started process (PID=1778) to work on /opt/airflow/dags/youtube_extraction.py
[2026-09-16T09:49:20.688+0000] {processor.py:830} INFO - Processing file /opt/airflow/dags/youtube_extraction.py for tasks to queue
[2026-09-16T09:49:20.691+0000] {logging_mixin.py:188} INFO - [2026-09-16T09:49:20.690+0000] {dagbag.py:545} INFO - Filling up the DagBag from /opt/airflow/dags/youtube_extraction.py
[2026-09-16T09:49:20.708+0000] {processor.py:840} INFO - DAG(s) 'youtube_extraction' retrieved from /opt/airflow/dags/youtube_extraction.py
[2026-09-16T09:49:20.739+0000] {logging_mixin.py:188} INFO - [2026-09-16T09:49:20.739+0000] {dag.py:3096} INFO - Sync 1 DAGs
[2026-09-16T09:49:20.754+0000] {logging_mixin.py:188} INFO - [2026-09-16T09:49:20.753+0000] {dag.py:3954} INFO - Setting next_dagrun for youtube_extraction to None, run_after=None
[2026-09-16T09:49:20.787+0000] {processor.py:183} INFO - Processing /opt/airflow/dags/youtube_extraction.py took 0.108 seconds
[2026-09-16T09:49:50.878+0000] {processor.py:161} INFO - Started process (PID=1789) to work on /opt/airflow/dags/youtube_extraction.py
[2026-09-16T09:49:50.880+0000] {processor.py:830} INFO - Processing file /opt/airflow/dags/youtube_extraction.py for tasks to queue
[2026-09-16T09:49:50.883+0000] {logging_mixin.py:188} INFO - [2026-09-16T09:49:50.883+0000] {dagbag.py:545} INFO - Filling up the DagBag from /opt/airflow/dags/youtube_extraction.py
[2026-09-16T09:49:50.901+0000] {processor.py:840} INFO - DAG(s) 'youtube_extraction' retrieved from /opt/airflow/dags/youtube_extraction.py
[2026-09-16T09:49:50.935+0000] {logging_mixin.py:188} INFO - [2026-09-16T09:49:50.935+0000] {dag.py:3096} INFO - Sync 1 DAGs
[2026-09-16T09:49:50.951+0000] {logging_mixin.py:188} INFO - [2026-09-16T09:49:50.951+0000] {dag.py:3954} INFO - Setting next_dagrun for youtube_extraction to None, run_after=None
[2026-09-16T09:49:50.977+0000] {processor.py:183} INFO - Processing /opt/airflow/dags/youtube_extraction.py took 0.108 seconds
[2026-09-16T09:50:21.140+0000] {processor.py:161} INFO - Started process (PID=1800) to work on /opt/airflow/dags/youtube_extraction.py
[2026-09-16T09:50:21.142+0000] {processor.py:830} INFO - Processing file /opt/airflow/dags/youtube_extraction.py for tasks to queue
[2026-09-16T09:50:21.146+0000] {logging_mixin.py:188} INFO - [2026-09-16T09:50:21.146+0000] {dagbag.py:545} INFO - Filling up the DagBag from /opt/airflow/dags/youtube_extraction.py
[2026-09-16T09:50:21.163+0000] {processor.py:840} INFO - DAG(s) 'youtube_extraction' retrieved from /opt/airflow/dags/youtube_extraction.py
[2026-09-16T09:50:21.198+0000] {logging_mixin.py:188} INFO - [2026-09-16T09:50:21.197+0000] {dag.py:3096} INFO - Sync 1 DAGs
[2026-09-16T09:50:21.214+0000] {logging_mixin.py:188} INFO - [2026-09-16T09:50:21.214+0000] {dag.py:3954} INFO - Setting next_dagrun for youtube_extraction to None, run_after=None
[2026-09-16T09:50:21.250+0000] {processor.py:183} INFO - Processing /opt/airflow/dags/youtube_extraction.py took 0.116 seconds
[2026-09-16T09:50:51.329+0000] {processor.py:161} INFO - Started process (PID=1811) to work on /opt/airflow/dags/youtube_extraction.py
[2026-09-16T09:50:51.332+0000] {processor.py:830} INFO - Processing file /opt/airflow/dags/youtube_extraction.py for tasks to queue
[2026-09-16T09:50:51.337+0000] {logging_mixin.py:188} INFO - [2026-09-16T09:50:51.336+0000] {dagbag.py:545} INFO - Filling up the DagBag from /opt/airflow/dags/youtube_extraction.py
[2026-09-16T09:50:51.355+0000] {processor.py:840} INFO - DAG(s) 'youtube_extraction' retrieved from /opt/airflow/dags/youtube_extraction.py
[2026-09-16T09:50:51.393+0000] {logging_mixin.py:188} INFO - [2026-09-16T09:50:51.393+0000] {dag.py:3096} INFO - Sync 1 DAGs
[2026-09-16T09:50:51.412+0000] {logging_mixin.py:188} INFO - [2026-09-16T09:50:51.412+0000] {dag.py:3954} INFO - Setting next_dagrun for youtube_extraction to None, run_after=None
[2026-09-16T09:50:51.447+0000] {processor.py:183} INFO - Processing /opt/airflow/dags/youtube_extraction.py took 0.125 seconds
[2026-09-16T09:51:21.607+0000] {processor.py:161} INFO - Started process (PID=1822) to work on /opt/airflow/dags/youtube_extraction.py
[2026-09-16T09:51:21.609+0000] {processor.py:830} INFO - Processing file /opt/airflow/dags/youtube_extraction.py for tasks to queue
[2026-09-16T09:51:21.613+0000] {logging_mixin.py:188} INFO - [2026-09-16T09:51:21.612+0000] {dagbag.py:545} INFO - Filling up the DagBag from /opt/airflow/dags/youtube_extraction.py
[2026-09-16T09:51:21.629+0000] {processor.py:840} INFO - DAG(s) 'youtube_extraction' retrieved from /opt/airflow/dags/youtube_extraction.py
[2026-09-16T09:51:21.661+0000] {logging_mixin.py:188} INFO - [2026-09-16T09:51:21.660+0000] {dag.py:3096} INFO - Sync 1 DAGs
[2026-09-16T09:51:21.675+0000] {logging_mixin.py:188} INFO - [2026-09-16T09:51:21.675+0000] {dag.py:3954} INFO - Setting next_dagrun for youtube_extraction to None, run_after=None
[2026-09-16T09:51:21.709+0000] {processor.py:183} INFO - Processing /opt/airflow/dags/youtube_extraction.py took 0.109 seconds
[2026-09-16T09:51:51.842+0000] {processor.py:161} INFO - Started process (PID=1833) to work on /opt/airflow/dags/youtube_extraction.py
[2026-09-16T09:51:51.845+0000] {processor.py:830} INFO - Processing file /opt/airflow/dags/youtube_extraction.py for tasks to queue
[2026-09-16T09:51:51.848+0000] {logging_mixin.py:188} INFO - [2026-09-16T09:51:51.847+0000] {dagbag.py:545} INFO - Filling up the DagBag from /opt/airflow/dags/youtube_extraction.py
[2026-09-16T09:51:51.872+0000] {processor.py:840} INFO - DAG(s) 'youtube_extraction' retrieved from /opt/airflow/dags/youtube_extraction.py
[2026-09-16T09:51:51.915+0000] {logging_mixin.py:188} INFO - [2026-09-16T09:51:51.915+0000] {dag.py:3096} INFO - Sync 1 DAGs
[2026-09-16T09:51:51.947+0000] {logging_mixin.py:188} INFO - [2026-09-16T09:51:51.947+0000] {dag.py:3954} INFO - Setting next_dagrun for youtube_extraction to None, run_after=None
[2026-09-16T09:51:51.990+0000] {processor.py:183} INFO - Processing /opt/airflow/dags/youtube_extraction.py took 0.158 seconds
[2026-09-16T09:52:22.140+0000] {processor.py:161} INFO - Started process (PID=1844) to work on /opt/airflow/dags/youtube_extraction.py
[2026-09-16T09:52:22.144+0000] {processor.py:830} INFO - Processing file /opt/airflow/dags/youtube_extraction.py for tasks to queue
[2026-09-16T09:52:22.147+0000] {logging_mixin.py:188} INFO - [2026-09-16T09:52:22.146+0000] {dagbag.py:545} INFO - Filling up the DagBag from /opt/airflow/dags/youtube_extraction.py
[2026-09-16T09:52:22.164+0000] {processor.py:840} INFO - DAG(s) 'youtube_extraction' retrieved from /opt/airflow/dags/youtube_extraction.py
[2026-09-16T09:52:22.197+0000] {logging_mixin.py:188} INFO - [2026-09-16T09:52:22.197+0000] {dag.py:3096} INFO - Sync 1 DAGs
[2026-09-16T09:52:22.212+0000] {logging_mixin.py:188} INFO - [2026-09-16T09:52:22.211+0000] {dag.py:3954} INFO - Setting next_dagrun for youtube_extraction to None, run_after=None
[2026-09-16T09:52:22.243+0000] {processor.py:183} INFO - Processing /opt/airflow/dags/youtube_extraction.py took 0.111 seconds
[2026-09-16T09:52:52.389+0000] {processor.py:161} INFO - Started process (PID=1855) to work on /opt/airflow/dags/youtube_extraction.py
[2026-09-16T09:52:52.391+0000] {processor.py:830} INFO - Processing file /opt/airflow/dags/youtube_extraction.py for tasks to queue
[2026-09-16T09:52:52.394+0000] {logging_mixin.py:188} INFO - [2026-09-16T09:52:52.394+0000] {dagbag.py:545} INFO - Filling up the DagBag from /opt/airflow/dags/youtube_extraction.py
[2026-09-16T09:52:52.411+0000] {processor.py:840} INFO - DAG(s) 'youtube_extraction' retrieved from /opt/airflow/dags/youtube_extraction.py
[2026-09-16T09:52:52.443+0000] {logging_mixin.py:188} INFO - [2026-09-16T09:52:52.443+0000] {dag.py:3096} INFO - Sync 1 DAGs
[2026-09-16T09:52:52.458+0000] {logging_mixin.py:188} INFO - [2026-09-16T09:52:52.458+0000] {dag.py:3954} INFO - Setting next_dagrun for youtube_extraction to None, run_after=None
[2026-09-16T09:52:52.485+0000] {processor.py:183} INFO - Processing /opt/airflow/dags/youtube_extraction.py took 0.104 seconds
[2026-09-16T09:53:22.607+0000] {processor.py:161} INFO - Started process (PID=1866) to work on /opt/airflow/dags/youtube_extraction.py
[2026-09-16T09:53:22.609+0000] {processor.py:830} INFO - Processing file /opt/airflow/dags/youtube_extraction.py for tasks to queue
[2026-09-16T09:53:22.614+0000] {logging_mixin.py:188} INFO - [2026-09-16T09:53:22.614+0000] {dagbag.py:545} INFO - Filling up the DagBag from /opt/airflow/dags/youtube_extraction.py
[2026-09-16T09:53:22.632+0000] {processor.py:840} INFO - DAG(s) 'youtube_extraction' retrieved from /opt/airflow/dags/youtube_extraction.py
[2026-09-16T09:53:22.670+0000] {logging_mixin.py:188} INFO - [2026-09-16T09:53:22.669+0000] {dag.py:3096} INFO - Sync 1 DAGs
[2026-09-16T09:53:22.686+0000] {logging_mixin.py:188} INFO - [2026-09-16T09:53:22.685+0000] {dag.py:3954} INFO - Setting next_dagrun for youtube_extraction to None, run_after=None
[2026-09-16T09:53:22.726+0000] {processor.py:183} INFO - Processing /opt/airflow/dags/youtube_extraction.py took 0.129 seconds
[2026-09-16T09:53:52.847+0000] {processor.py:161} INFO - Started process (PID=1877) to work on /opt/airflow/dags/youtube_extraction.py
[2026-09-16T09:53:52.850+0000] {processor.py:830} INFO - Processing file /opt/airflow/dags/youtube_extraction.py for tasks to queue
[2026-09-16T09:53:52.853+0000] {logging_mixin.py:188} INFO - [2026-09-16T09:53:52.852+0000] {dagbag.py:545} INFO - Filling up the DagBag from /opt/airflow/dags/youtube_extraction.py
[2026-09-16T09:53:52.868+0000] {processor.py:840} INFO - DAG(s) 'youtube_extraction' retrieved from /opt/airflow/dags/youtube_extraction.py
[2026-09-16T09:53:52.902+0000] {logging_mixin.py:188} INFO - [2026-09-16T09:53:52.902+0000] {dag.py:3096} INFO - Sync 1 DAGs
[2026-09-16T09:53:52.917+0000] {logging_mixin.py:188} INFO - [2026-09-16T09:53:52.917+0000] {dag.py:3954} INFO - Setting next_dagrun for youtube_extraction to None, run_after=None
[2026-09-16T09:53:52.951+0000] {processor.py:183} INFO - Processing /opt/airflow/dags/youtube_extraction.py took 0.110 seconds
[2026-09-16T09:54:23.104+0000] {processor.py:161} INFO - Started process (PID=1888) to work on /opt/airflow/dags/youtube_extraction.py
[2026-09-16T09:54:23.106+0000] {processor.py:830} INFO - Processing file /opt/airflow/dags/youtube_extraction.py for tasks to queue
[2026-09-16T09:54:23.109+0000] {logging_mixin.py:188} INFO - [2026-09-16T09:54:23.109+0000] {dagbag.py:545} INFO - Filling up the DagBag from /opt/airflow/dags/youtube_extraction.py
[2026-09-16T09:54:23.126+0000] {processor.py:840} INFO - DAG(s) 'youtube_extraction' retrieved from /opt/airflow/dags/youtube_extraction.py
[2026-09-16T09:54:23.158+0000] {logging_mixin.py:188} INFO - [2026-09-16T09:54:23.158+0000] {dag.py:3096} INFO - Sync 1 DAGs
[2026-09-16T09:54:23.174+0000] {logging_mixin.py:188} INFO - [2026-09-16T09:54:23.174+0000] {dag.py:3954} INFO - Setting next_dagrun for youtube_extraction to None, run_after=None
[2026-09-16T09:54:23.206+0000] {processor.py:183} INFO - Processing /opt/airflow/dags/youtube_extraction.py took 0.109 seconds
[2026-09-16T09:54:53.311+0000] {processor.py:161} INFO - Started process (PID=1899) to work on /opt/airflow/dags/youtube_extraction.py
[2026-09-16T09:54:53.313+0000] {processor.py:830} INFO - Processing file /opt/airflow/dags/youtube_extraction.py for tasks to queue
[2026-09-16T09:54:53.317+0000] {logging_mixin.py:188} INFO - [2026-09-16T09:54:53.316+0000] {dagbag.py:545} INFO - Filling up the DagBag from /opt/airflow/dags/youtube_extraction.py
[2026-09-16T09:54:53.335+0000] {processor.py:840} INFO - DAG(s) 'youtube_extraction' retrieved from /opt/airflow/dags/youtube_extraction.py
[2026-09-16T09:54:53.369+0000] {logging_mixin.py:188} INFO - [2026-09-16T09:54:53.369+0000] {dag.py:3096} INFO - Sync 1 DAGs
[2026-09-16T09:54:53.386+0000] {logging_mixin.py:188} INFO - [2026-09-16T09:54:53.386+0000] {dag.py:3954} INFO - Setting next_dagrun for youtube_extraction to None, run_after=None
[2026-09-16T09:54:53.418+0000] {processor.py:183} INFO - Processing /opt/airflow/dags/youtube_extraction.py took 0.114 seconds
[2026-09-16T09:55:23.589+0000] {processor.py:161} INFO - Started process (PID=1910) to work on /opt/airflow/dags/youtube_extraction.py
[2026-09-16T09:55:23.591+0000] {processor.py:830} INFO - Processing file /opt/airflow/dags/youtube_extraction.py for tasks to queue
[2026-09-16T09:55:23.595+0000] {logging_mixin.py:188} INFO - [2026-09-16T09:55:23.595+0000] {dagbag.py:545} INFO - Filling up the DagBag from /opt/airflow/dags/youtube_extraction.py
[2026-09-16T09:55:23.611+0000] {processor.py:840} INFO - DAG(s) 'youtube_extraction' retrieved from /opt/airflow/dags/youtube_extraction.py
[2026-09-16T09:55:23.646+0000] {logging_mixin.py:188} INFO - [2026-09-16T09:55:23.646+0000] {dag.py:3096} INFO - Sync 1 DAGs
[2026-09-16T09:55:23.663+0000] {logging_mixin.py:188} INFO - [2026-09-16T09:55:23.663+0000] {dag.py:3954} INFO - Setting next_dagrun for youtube_extraction to None, run_after=None
[2026-09-16T09:55:23.690+0000] {processor.py:183} INFO - Processing /opt/airflow/dags/youtube_extraction.py took 0.108 seconds
[2026-09-16T09:55:53.783+0000] {processor.py:161} INFO - Started process (PID=1921) to work on /opt/airflow/dags/youtube_extraction.py
[2026-09-16T09:55:53.786+0000] {processor.py:830} INFO - Processing file /opt/airflow/dags/youtube_extraction.py for tasks to queue
[2026-09-16T09:55:53.790+0000] {logging_mixin.py:188} INFO - [2026-09-16T09:55:53.790+0000] {dagbag.py:545} INFO - Filling up the DagBag from /opt/airflow/dags/youtube_extraction.py
[2026-09-16T09:55:53.820+0000] {processor.py:840} INFO - DAG(s) 'youtube_extraction' retrieved from /opt/airflow/dags/youtube_extraction.py
[2026-09-16T09:55:53.875+0000] {logging_mixin.py:188} INFO - [2026-09-16T09:55:53.874+0000] {dag.py:3096} INFO - Sync 1 DAGs
[2026-09-16T09:55:53.899+0000] {logging_mixin.py:188} INFO - [2026-09-16T09:55:53.899+0000] {dag.py:3954} INFO - Setting next_dagrun for youtube_extraction to None, run_after=None
[2026-09-16T09:55:53.950+0000] {processor.py:183} INFO - Processing /opt/airflow/dags/youtube_extraction.py took 0.177 seconds
[2026-09-16T09:56:24.062+0000] {processor.py:161} INFO - Started process (PID=1932) to work on /opt/airflow/dags/youtube_extraction.py
[2026-09-16T09:56:24.064+0000] {processor.py:830} INFO - Processing file /opt/airflow/dags/youtube_extraction.py for tasks to queue
[2026-09-16T09:56:24.067+0000] {logging_mixin.py:188} INFO - [2026-09-16T09:56:24.067+0000] {dagbag.py:545} INFO - Filling up the DagBag from /opt/airflow/dags/youtube_extraction.py
[2026-09-16T09:56:24.084+0000] {processor.py:840} INFO - DAG(s) 'youtube_extraction' retrieved from /opt/airflow/dags/youtube_extraction.py
[2026-09-16T09:56:24.119+0000] {logging_mixin.py:188} INFO - [2026-09-16T09:56:24.119+0000] {dag.py:3096} INFO - Sync 1 DAGs
[2026-09-16T09:56:24.136+0000] {logging_mixin.py:188} INFO - [2026-09-16T09:56:24.136+0000] {dag.py:3954} INFO - Setting next_dagrun for youtube_extraction to None, run_after=None
[2026-09-16T09:56:24.169+0000] {processor.py:183} INFO - Processing /opt/airflow/dags/youtube_extraction.py took 0.117 seconds
[2026-09-16T09:56:54.337+0000] {processor.py:161} INFO - Started process (PID=1943) to work on /opt/airflow/dags/youtube_extraction.py
[2026-09-16T09:56:54.342+0000] {processor.py:830} INFO - Processing file /opt/airflow/dags/youtube_extraction.py for tasks to queue
[2026-09-16T09:56:54.346+0000] {logging_mixin.py:188} INFO - [2026-09-16T09:56:54.345+0000] {dagbag.py:545} INFO - Filling up the DagBag from /opt/airflow/dags/youtube_extraction.py
[2026-09-16T09:56:54.369+0000] {processor.py:840} INFO - DAG(s) 'youtube_extraction' retrieved from /opt/airflow/dags/youtube_extraction.py
[2026-09-16T09:56:54.418+0000] {logging_mixin.py:188} INFO - [2026-09-16T09:56:54.417+0000] {dag.py:3096} INFO - Sync 1 DAGs
[2026-09-16T09:56:54.442+0000] {logging_mixin.py:188} INFO - [2026-09-16T09:56:54.441+0000] {dag.py:3954} INFO - Setting next_dagrun for youtube_extraction to None, run_after=None
[2026-09-16T09:56:54.482+0000] {processor.py:183} INFO - Processing /opt/airflow/dags/youtube_extraction.py took 0.158 seconds
[2026-09-16T09:57:24.593+0000] {processor.py:161} INFO - Started process (PID=1954) to work on /opt/airflow/dags/youtube_extraction.py
[2026-09-16T09:57:24.595+0000] {processor.py:830} INFO - Processing file /opt/airflow/dags/youtube_extraction.py for tasks to queue
[2026-09-16T09:57:24.599+0000] {logging_mixin.py:188} INFO - [2026-09-16T09:57:24.599+0000] {dagbag.py:545} INFO - Filling up the DagBag from /opt/airflow/dags/youtube_extraction.py
[2026-09-16T09:57:24.619+0000] {processor.py:840} INFO - DAG(s) 'youtube_extraction' retrieved from /opt/airflow/dags/youtube_extraction.py
[2026-09-16T09:57:24.658+0000] {logging_mixin.py:188} INFO - [2026-09-16T09:57:24.658+0000] {dag.py:3096} INFO - Sync 1 DAGs
[2026-09-16T09:57:24.674+0000] {logging_mixin.py:188} INFO - [2026-09-16T09:57:24.674+0000] {dag.py:3954} INFO - Setting next_dagrun for youtube_extraction to None, run_after=None
[2026-09-16T09:57:24.711+0000] {processor.py:183} INFO - Processing /opt/airflow/dags/youtube_extraction.py took 0.127 seconds
[2026-09-16T09:57:54.856+0000] {processor.py:161} INFO - Started process (PID=1965) to work on /opt/airflow/dags/youtube_extraction.py
[2026-09-16T09:57:54.861+0000] {processor.py:830} INFO - Processing file /opt/airflow/dags/youtube_extraction.py for tasks to queue
[2026-09-16T09:57:54.864+0000] {logging_mixin.py:188} INFO - [2026-09-16T09:57:54.864+0000] {dagbag.py:545} INFO - Filling up the DagBag from /opt/airflow/dags/youtube_extraction.py
[2026-09-16T09:57:54.884+0000] {processor.py:840} INFO - DAG(s) 'youtube_extraction' retrieved from /opt/airflow/dags/youtube_extraction.py
[2026-09-16T09:57:54.930+0000] {logging_mixin.py:188} INFO - [2026-09-16T09:57:54.930+0000] {dag.py:3096} INFO - Sync 1 DAGs
[2026-09-16T09:57:54.948+0000] {logging_mixin.py:188} INFO - [2026-09-16T09:57:54.948+0000] {dag.py:3954} INFO - Setting next_dagrun for youtube_extraction to None, run_after=None
[2026-09-16T09:57:54.987+0000] {processor.py:183} INFO - Processing /opt/airflow/dags/youtube_extraction.py took 0.138 seconds
[2026-09-16T09:58:25.100+0000] {processor.py:161} INFO - Started process (PID=1976) to work on /opt/airflow/dags/youtube_extraction.py
[2026-09-16T09:58:25.103+0000] {processor.py:830} INFO - Processing file /opt/airflow/dags/youtube_extraction.py for tasks to queue
[2026-09-16T09:58:25.107+0000] {logging_mixin.py:188} INFO - [2026-09-16T09:58:25.107+0000] {dagbag.py:545} INFO - Filling up the DagBag from /opt/airflow/dags/youtube_extraction.py
[2026-09-16T09:58:25.125+0000] {processor.py:840} INFO - DAG(s) 'youtube_extraction' retrieved from /opt/airflow/dags/youtube_extraction.py
[2026-09-16T09:58:25.169+0000] {logging_mixin.py:188} INFO - [2026-09-16T09:58:25.169+0000] {dag.py:3096} INFO - Sync 1 DAGs
[2026-09-16T09:58:25.189+0000] {logging_mixin.py:188} INFO - [2026-09-16T09:58:25.188+0000] {dag.py:3954} INFO - Setting next_dagrun for youtube_extraction to None, run_after=None
[2026-09-16T09:58:25.219+0000] {processor.py:183} INFO - Processing /opt/airflow/dags/youtube_extraction.py took 0.127 seconds
[2026-09-16T09:58:55.398+0000] {processor.py:161} INFO - Started process (PID=1987) to work on /opt/airflow/dags/youtube_extraction.py
[2026-09-16T09:58:55.401+0000] {processor.py:830} INFO - Processing file /opt/airflow/dags/youtube_extraction.py for tasks to queue
[2026-09-16T09:58:55.404+0000] {logging_mixin.py:188} INFO - [2026-09-16T09:58:55.404+0000] {dagbag.py:545} INFO - Filling up the DagBag from /opt/airflow/dags/youtube_extraction.py
[2026-09-16T09:58:55.424+0000] {processor.py:840} INFO - DAG(s) 'youtube_extraction' retrieved from /opt/airflow/dags/youtube_extraction.py
[2026-09-16T09:58:55.462+0000] {logging_mixin.py:188} INFO - [2026-09-16T09:58:55.461+0000] {dag.py:3096} INFO - Sync 1 DAGs
[2026-09-16T09:58:55.479+0000] {logging_mixin.py:188} INFO - [2026-09-16T09:58:55.479+0000] {dag.py:3954} INFO - Setting next_dagrun for youtube_extraction to None, run_after=None
[2026-09-16T09:58:55.511+0000] {processor.py:183} INFO - Processing /opt/airflow/dags/youtube_extraction.py took 0.122 seconds
[2026-09-16T09:59:25.643+0000] {processor.py:161} INFO - Started process (PID=1998) to work on /opt/airflow/dags/youtube_extraction.py
[2026-09-16T09:59:25.646+0000] {processor.py:830} INFO - Processing file /opt/airflow/dags/youtube_extraction.py for tasks to queue
[2026-09-16T09:59:25.654+0000] {logging_mixin.py:188} INFO - [2026-09-16T09:59:25.653+0000] {dagbag.py:545} INFO - Filling up the DagBag from /opt/airflow/dags/youtube_extraction.py
[2026-09-16T09:59:25.677+0000] {processor.py:840} INFO - DAG(s) 'youtube_extraction' retrieved from /opt/airflow/dags/youtube_extraction.py
[2026-09-16T09:59:25.734+0000] {logging_mixin.py:188} INFO - [2026-09-16T09:59:25.733+0000] {dag.py:3096} INFO - Sync 1 DAGs
[2026-09-16T09:59:25.758+0000] {logging_mixin.py:188} INFO - [2026-09-16T09:59:25.757+0000] {dag.py:3954} INFO - Setting next_dagrun for youtube_extraction to None, run_after=None
[2026-09-16T09:59:25.809+0000] {processor.py:183} INFO - Processing /opt/airflow/dags/youtube_extraction.py took 0.184 seconds
[2026-09-16T09:59:55.890+0000] {processor.py:161} INFO - Started process (PID=2009) to work on /opt/airflow/dags/youtube_extraction.py
[2026-09-16T09:59:55.892+0000] {processor.py:830} INFO - Processing file /opt/airflow/dags/youtube_extraction.py for tasks to queue
[2026-09-16T09:59:55.897+0000] {logging_mixin.py:188} INFO - [2026-09-16T09:59:55.896+0000] {dagbag.py:545} INFO - Filling up the DagBag from /opt/airflow/dags/youtube_extraction.py
[2026-09-16T09:59:55.916+0000] {processor.py:840} INFO - DAG(s) 'youtube_extraction' retrieved from /opt/airflow/dags/youtube_extraction.py
[2026-09-16T09:59:55.960+0000] {logging_mixin.py:188} INFO - [2026-09-16T09:59:55.960+0000] {dag.py:3096} INFO - Sync 1 DAGs
[2026-09-16T09:59:55.982+0000] {logging_mixin.py:188} INFO - [2026-09-16T09:59:55.981+0000] {dag.py:3954} INFO - Setting next_dagrun for youtube_extraction to None, run_after=None
[2026-09-16T09:59:56.024+0000] {processor.py:183} INFO - Processing /opt/airflow/dags/youtube_extraction.py took 0.141 seconds
[2026-09-16T10:00:26.195+0000] {processor.py:161} INFO - Started process (PID=2020) to work on /opt/airflow/dags/youtube_extraction.py
[2026-09-16T10:00:26.197+0000] {processor.py:830} INFO - Processing file /opt/airflow/dags/youtube_extraction.py for tasks to queue
[2026-09-16T10:00:26.203+0000] {logging_mixin.py:188} INFO - [2026-09-16T10:00:26.202+0000] {dagbag.py:545} INFO - Filling up the DagBag from /opt/airflow/dags/youtube_extraction.py
[2026-09-16T10:00:26.223+0000] {processor.py:840} INFO - DAG(s) 'youtube_extraction' retrieved from /opt/airflow/dags/youtube_extraction.py
[2026-09-16T10:00:26.261+0000] {logging_mixin.py:188} INFO - [2026-09-16T10:00:26.261+0000] {dag.py:3096} INFO - Sync 1 DAGs
[2026-09-16T10:00:26.280+0000] {logging_mixin.py:188} INFO - [2026-09-16T10:00:26.279+0000] {dag.py:3954} INFO - Setting next_dagrun for youtube_extraction to None, run_after=None
[2026-09-16T10:00:26.319+0000] {processor.py:183} INFO - Processing /opt/airflow/dags/youtube_extraction.py took 0.133 seconds
[2026-09-16T10:00:56.396+0000] {processor.py:161} INFO - Started process (PID=2031) to work on /opt/airflow/dags/youtube_extraction.py
[2026-09-16T10:00:56.398+0000] {processor.py:830} INFO - Processing file /opt/airflow/dags/youtube_extraction.py for tasks to queue
[2026-09-16T10:00:56.402+0000] {logging_mixin.py:188} INFO - [2026-09-16T10:00:56.401+0000] {dagbag.py:545} INFO - Filling up the DagBag from /opt/airflow/dags/youtube_extraction.py
[2026-09-16T10:00:56.420+0000] {processor.py:840} INFO - DAG(s) 'youtube_extraction' retrieved from /opt/airflow/dags/youtube_extraction.py
[2026-09-16T10:00:56.455+0000] {logging_mixin.py:188} INFO - [2026-09-16T10:00:56.455+0000] {dag.py:3096} INFO - Sync 1 DAGs
[2026-09-16T10:00:56.471+0000] {logging_mixin.py:188} INFO - [2026-09-16T10:00:56.470+0000] {dag.py:3954} INFO - Setting next_dagrun for youtube_extraction to None, run_after=None
[2026-09-16T10:00:56.503+0000] {processor.py:183} INFO - Processing /opt/airflow/dags/youtube_extraction.py took 0.116 seconds
[2026-09-16T10:01:26.681+0000] {processor.py:161} INFO - Started process (PID=2042) to work on /opt/airflow/dags/youtube_extraction.py
[2026-09-16T10:01:26.684+0000] {processor.py:830} INFO - Processing file /opt/airflow/dags/youtube_extraction.py for tasks to queue
[2026-09-16T10:01:26.689+0000] {logging_mixin.py:188} INFO - [2026-09-16T10:01:26.688+0000] {dagbag.py:545} INFO - Filling up the DagBag from /opt/airflow/dags/youtube_extraction.py
[2026-09-16T10:01:26.714+0000] {processor.py:840} INFO - DAG(s) 'youtube_extraction' retrieved from /opt/airflow/dags/youtube_extraction.py
[2026-09-16T10:01:26.748+0000] {logging_mixin.py:188} INFO - [2026-09-16T10:01:26.748+0000] {dag.py:3096} INFO - Sync 1 DAGs
[2026-09-16T10:01:26.763+0000] {logging_mixin.py:188} INFO - [2026-09-16T10:01:26.762+0000] {dag.py:3954} INFO - Setting next_dagrun for youtube_extraction to None, run_after=None
[2026-09-16T10:01:26.795+0000] {processor.py:183} INFO - Processing /opt/airflow/dags/youtube_extraction.py took 0.121 seconds
[2026-09-16T10:01:56.866+0000] {processor.py:161} INFO - Started process (PID=2053) to work on /opt/airflow/dags/youtube_extraction.py
[2026-09-16T10:01:56.869+0000] {processor.py:830} INFO - Processing file /opt/airflow/dags/youtube_extraction.py for tasks to queue
[2026-09-16T10:01:56.871+0000] {logging_mixin.py:188} INFO - [2026-09-16T10:01:56.871+0000] {dagbag.py:545} INFO - Filling up the DagBag from /opt/airflow/dags/youtube_extraction.py
[2026-09-16T10:01:56.888+0000] {processor.py:840} INFO - DAG(s) 'youtube_extraction' retrieved from /opt/airflow/dags/youtube_extraction.py
[2026-09-16T10:01:56.927+0000] {logging_mixin.py:188} INFO - [2026-09-16T10:01:56.926+0000] {dag.py:3096} INFO - Sync 1 DAGs
[2026-09-16T10:01:56.944+0000] {logging_mixin.py:188} INFO - [2026-09-16T10:01:56.944+0000] {dag.py:3954} INFO - Setting next_dagrun for youtube_extraction to None, run_after=None
[2026-09-16T10:01:56.976+0000] {processor.py:183} INFO - Processing /opt/airflow/dags/youtube_extraction.py took 0.118 seconds
[2026-09-16T10:02:27.204+0000] {processor.py:161} INFO - Started process (PID=2064) to work on /opt/airflow/dags/youtube_extraction.py
[2026-09-16T10:02:27.206+0000] {processor.py:830} INFO - Processing file /opt/airflow/dags/youtube_extraction.py for tasks to queue
[2026-09-16T10:02:27.210+0000] {logging_mixin.py:188} INFO - [2026-09-16T10:02:27.209+0000] {dagbag.py:545} INFO - Filling up the DagBag from /opt/airflow/dags/youtube_extraction.py
[2026-09-16T10:02:27.228+0000] {processor.py:840} INFO - DAG(s) 'youtube_extraction' retrieved from /opt/airflow/dags/youtube_extraction.py
[2026-09-16T10:02:27.265+0000] {logging_mixin.py:188} INFO - [2026-09-16T10:02:27.264+0000] {dag.py:3096} INFO - Sync 1 DAGs
[2026-09-16T10:02:27.281+0000] {logging_mixin.py:188} INFO - [2026-09-16T10:02:27.280+0000] {dag.py:3954} INFO - Setting next_dagrun for youtube_extraction to None, run_after=None
[2026-09-16T10:02:27.345+0000] {processor.py:183} INFO - Processing /opt/airflow/dags/youtube_extraction.py took 0.150 seconds
[2026-09-16T10:02:57.465+0000] {processor.py:161} INFO - Started process (PID=2075) to work on /opt/airflow/dags/youtube_extraction.py
[2026-09-16T10:02:57.469+0000] {processor.py:830} INFO - Processing file /opt/airflow/dags/youtube_extraction.py for tasks to queue
[2026-09-16T10:02:57.474+0000] {logging_mixin.py:188} INFO - [2026-09-16T10:02:57.473+0000] {dagbag.py:545} INFO - Filling up the DagBag from /opt/airflow/dags/youtube_extraction.py
[2026-09-16T10:02:57.506+0000] {processor.py:840} INFO - DAG(s) 'youtube_extraction' retrieved from /opt/airflow/dags/youtube_extraction.py
[2026-09-16T10:02:57.575+0000] {logging_mixin.py:188} INFO - [2026-09-16T10:02:57.574+0000] {dag.py:3096} INFO - Sync 1 DAGs
[2026-09-16T10:02:57.612+0000] {logging_mixin.py:188} INFO - [2026-09-16T10:02:57.610+0000] {dag.py:3954} INFO - Setting next_dagrun for youtube_extraction to None, run_after=None
[2026-09-16T10:02:57.673+0000] {processor.py:183} INFO - Processing /opt/airflow/dags/youtube_extraction.py took 0.222 seconds
[2026-09-16T10:03:27.791+0000] {processor.py:161} INFO - Started process (PID=2086) to work on /opt/airflow/dags/youtube_extraction.py
[2026-09-16T10:03:27.794+0000] {processor.py:830} INFO - Processing file /opt/airflow/dags/youtube_extraction.py for tasks to queue
[2026-09-16T10:03:27.799+0000] {logging_mixin.py:188} INFO - [2026-09-16T10:03:27.798+0000] {dagbag.py:545} INFO - Filling up the DagBag from /opt/airflow/dags/youtube_extraction.py
[2026-09-16T10:03:27.817+0000] {processor.py:840} INFO - DAG(s) 'youtube_extraction' retrieved from /opt/airflow/dags/youtube_extraction.py
[2026-09-16T10:03:27.855+0000] {logging_mixin.py:188} INFO - [2026-09-16T10:03:27.855+0000] {dag.py:3096} INFO - Sync 1 DAGs
[2026-09-16T10:03:27.877+0000] {logging_mixin.py:188} INFO - [2026-09-16T10:03:27.876+0000] {dag.py:3954} INFO - Setting next_dagrun for youtube_extraction to None, run_after=None
[2026-09-16T10:03:27.913+0000] {processor.py:183} INFO - Processing /opt/airflow/dags/youtube_extraction.py took 0.130 seconds
[2026-09-16T10:03:58.069+0000] {processor.py:161} INFO - Started process (PID=2097) to work on /opt/airflow/dags/youtube_extraction.py
[2026-09-16T10:03:58.071+0000] {processor.py:830} INFO - Processing file /opt/airflow/dags/youtube_extraction.py for tasks to queue
[2026-09-16T10:03:58.074+0000] {logging_mixin.py:188} INFO - [2026-09-16T10:03:58.073+0000] {dagbag.py:545} INFO - Filling up the DagBag from /opt/airflow/dags/youtube_extraction.py
[2026-09-16T10:03:58.091+0000] {processor.py:840} INFO - DAG(s) 'youtube_extraction' retrieved from /opt/airflow/dags/youtube_extraction.py
[2026-09-16T10:03:58.126+0000] {logging_mixin.py:188} INFO - [2026-09-16T10:03:58.126+0000] {dag.py:3096} INFO - Sync 1 DAGs
[2026-09-16T10:03:58.144+0000] {logging_mixin.py:188} INFO - [2026-09-16T10:03:58.144+0000] {dag.py:3954} INFO - Setting next_dagrun for youtube_extraction to None, run_after=None
[2026-09-16T10:03:58.172+0000] {processor.py:183} INFO - Processing /opt/airflow/dags/youtube_extraction.py took 0.113 seconds
[2026-09-16T10:04:28.272+0000] {processor.py:161} INFO - Started process (PID=2108) to work on /opt/airflow/dags/youtube_extraction.py
[2026-09-16T10:04:28.275+0000] {processor.py:830} INFO - Processing file /opt/airflow/dags/youtube_extraction.py for tasks to queue
[2026-09-16T10:04:28.280+0000] {logging_mixin.py:188} INFO - [2026-09-16T10:04:28.279+0000] {dagbag.py:545} INFO - Filling up the DagBag from /opt/airflow/dags/youtube_extraction.py
[2026-09-16T10:04:28.297+0000] {processor.py:840} INFO - DAG(s) 'youtube_extraction' retrieved from /opt/airflow/dags/youtube_extraction.py
[2026-09-16T10:04:28.332+0000] {logging_mixin.py:188} INFO - [2026-09-16T10:04:28.332+0000] {dag.py:3096} INFO - Sync 1 DAGs
[2026-09-16T10:04:28.347+0000] {logging_mixin.py:188} INFO - [2026-09-16T10:04:28.347+0000] {dag.py:3954} INFO - Setting next_dagrun for youtube_extraction to None, run_after=None
[2026-09-16T10:04:28.384+0000] {processor.py:183} INFO - Processing /opt/airflow/dags/youtube_extraction.py took 0.121 seconds
[2026-09-16T10:04:58.526+0000] {processor.py:161} INFO - Started process (PID=2119) to work on /opt/airflow/dags/youtube_extraction.py
[2026-09-16T10:04:58.528+0000] {processor.py:830} INFO - Processing file /opt/airflow/dags/youtube_extraction.py for tasks to queue
[2026-09-16T10:04:58.532+0000] {logging_mixin.py:188} INFO - [2026-09-16T10:04:58.532+0000] {dagbag.py:545} INFO - Filling up the DagBag from /opt/airflow/dags/youtube_extraction.py
[2026-09-16T10:04:58.547+0000] {processor.py:840} INFO - DAG(s) 'youtube_extraction' retrieved from /opt/airflow/dags/youtube_extraction.py
[2026-09-16T10:04:58.580+0000] {logging_mixin.py:188} INFO - [2026-09-16T10:04:58.580+0000] {dag.py:3096} INFO - Sync 1 DAGs
[2026-09-16T10:04:58.597+0000] {logging_mixin.py:188} INFO - [2026-09-16T10:04:58.597+0000] {dag.py:3954} INFO - Setting next_dagrun for youtube_extraction to None, run_after=None
[2026-09-16T10:04:58.630+0000] {processor.py:183} INFO - Processing /opt/airflow/dags/youtube_extraction.py took 0.111 seconds
[2026-09-16T10:05:28.738+0000] {processor.py:161} INFO - Started process (PID=2130) to work on /opt/airflow/dags/youtube_extraction.py
[2026-09-16T10:05:28.740+0000] {processor.py:830} INFO - Processing file /opt/airflow/dags/youtube_extraction.py for tasks to queue
[2026-09-16T10:05:28.743+0000] {logging_mixin.py:188} INFO - [2026-09-16T10:05:28.743+0000] {dagbag.py:545} INFO - Filling up the DagBag from /opt/airflow/dags/youtube_extraction.py
[2026-09-16T10:05:28.760+0000] {processor.py:840} INFO - DAG(s) 'youtube_extraction' retrieved from /opt/airflow/dags/youtube_extraction.py
[2026-09-16T10:05:28.795+0000] {logging_mixin.py:188} INFO - [2026-09-16T10:05:28.794+0000] {dag.py:3096} INFO - Sync 1 DAGs
[2026-09-16T10:05:28.809+0000] {logging_mixin.py:188} INFO - [2026-09-16T10:05:28.809+0000] {dag.py:3954} INFO - Setting next_dagrun for youtube_extraction to None, run_after=None
[2026-09-16T10:05:28.841+0000] {processor.py:183} INFO - Processing /opt/airflow/dags/youtube_extraction.py took 0.111 seconds
[2026-09-16T10:05:59.027+0000] {processor.py:161} INFO - Started process (PID=2141) to work on /opt/airflow/dags/youtube_extraction.py
[2026-09-16T10:05:59.030+0000] {processor.py:830} INFO - Processing file /opt/airflow/dags/youtube_extraction.py for tasks to queue
[2026-09-16T10:05:59.035+0000] {logging_mixin.py:188} INFO - [2026-09-16T10:05:59.035+0000] {dagbag.py:545} INFO - Filling up the DagBag from /opt/airflow/dags/youtube_extraction.py
[2026-09-16T10:05:59.054+0000] {processor.py:840} INFO - DAG(s) 'youtube_extraction' retrieved from /opt/airflow/dags/youtube_extraction.py
[2026-09-16T10:05:59.092+0000] {logging_mixin.py:188} INFO - [2026-09-16T10:05:59.092+0000] {dag.py:3096} INFO - Sync 1 DAGs
[2026-09-16T10:05:59.110+0000] {logging_mixin.py:188} INFO - [2026-09-16T10:05:59.110+0000] {dag.py:3954} INFO - Setting next_dagrun for youtube_extraction to None, run_after=None
[2026-09-16T10:05:59.147+0000] {processor.py:183} INFO - Processing /opt/airflow/dags/youtube_extraction.py took 0.129 seconds
[2026-09-16T10:06:29.268+0000] {processor.py:161} INFO - Started process (PID=2152) to work on /opt/airflow/dags/youtube_extraction.py
[2026-09-16T10:06:29.271+0000] {processor.py:830} INFO - Processing file /opt/airflow/dags/youtube_extraction.py for tasks to queue
[2026-09-16T10:06:29.274+0000] {logging_mixin.py:188} INFO - [2026-09-16T10:06:29.274+0000] {dagbag.py:545} INFO - Filling up the DagBag from /opt/airflow/dags/youtube_extraction.py
[2026-09-16T10:06:29.295+0000] {processor.py:840} INFO - DAG(s) 'youtube_extraction' retrieved from /opt/airflow/dags/youtube_extraction.py
[2026-09-16T10:06:29.339+0000] {logging_mixin.py:188} INFO - [2026-09-16T10:06:29.339+0000] {dag.py:3096} INFO - Sync 1 DAGs
[2026-09-16T10:06:29.362+0000] {logging_mixin.py:188} INFO - [2026-09-16T10:06:29.362+0000] {dag.py:3954} INFO - Setting next_dagrun for youtube_extraction to None, run_after=None
[2026-09-16T10:06:29.415+0000] {processor.py:183} INFO - Processing /opt/airflow/dags/youtube_extraction.py took 0.155 seconds
[2026-09-16T10:06:59.548+0000] {processor.py:161} INFO - Started process (PID=2163) to work on /opt/airflow/dags/youtube_extraction.py
[2026-09-16T10:06:59.550+0000] {processor.py:830} INFO - Processing file /opt/airflow/dags/youtube_extraction.py for tasks to queue
[2026-09-16T10:06:59.554+0000] {logging_mixin.py:188} INFO - [2026-09-16T10:06:59.553+0000] {dagbag.py:545} INFO - Filling up the DagBag from /opt/airflow/dags/youtube_extraction.py
[2026-09-16T10:06:59.577+0000] {processor.py:840} INFO - DAG(s) 'youtube_extraction' retrieved from /opt/airflow/dags/youtube_extraction.py
[2026-09-16T10:06:59.620+0000] {logging_mixin.py:188} INFO - [2026-09-16T10:06:59.620+0000] {dag.py:3096} INFO - Sync 1 DAGs
[2026-09-16T10:06:59.642+0000] {logging_mixin.py:188} INFO - [2026-09-16T10:06:59.642+0000] {dag.py:3954} INFO - Setting next_dagrun for youtube_extraction to None, run_after=None
[2026-09-16T10:06:59.681+0000] {processor.py:183} INFO - Processing /opt/airflow/dags/youtube_extraction.py took 0.142 seconds
[2026-09-16T10:07:29.824+0000] {processor.py:161} INFO - Started process (PID=2174) to work on /opt/airflow/dags/youtube_extraction.py
[2026-09-16T10:07:29.826+0000] {processor.py:830} INFO - Processing file /opt/airflow/dags/youtube_extraction.py for tasks to queue
[2026-09-16T10:07:29.829+0000] {logging_mixin.py:188} INFO - [2026-09-16T10:07:29.828+0000] {dagbag.py:545} INFO - Filling up the DagBag from /opt/airflow/dags/youtube_extraction.py
[2026-09-16T10:07:29.845+0000] {processor.py:840} INFO - DAG(s) 'youtube_extraction' retrieved from /opt/airflow/dags/youtube_extraction.py
[2026-09-16T10:07:29.879+0000] {logging_mixin.py:188} INFO - [2026-09-16T10:07:29.878+0000] {dag.py:3096} INFO - Sync 1 DAGs
[2026-09-16T10:07:29.895+0000] {logging_mixin.py:188} INFO - [2026-09-16T10:07:29.895+0000] {dag.py:3954} INFO - Setting next_dagrun for youtube_extraction to None, run_after=None
[2026-09-16T10:07:29.928+0000] {processor.py:183} INFO - Processing /opt/airflow/dags/youtube_extraction.py took 0.112 seconds
[2026-09-16T10:08:00.125+0000] {processor.py:161} INFO - Started process (PID=2185) to work on /opt/airflow/dags/youtube_extraction.py
[2026-09-16T10:08:00.128+0000] {processor.py:830} INFO - Processing file /opt/airflow/dags/youtube_extraction.py for tasks to queue
[2026-09-16T10:08:00.132+0000] {logging_mixin.py:188} INFO - [2026-09-16T10:08:00.132+0000] {dagbag.py:545} INFO - Filling up the DagBag from /opt/airflow/dags/youtube_extraction.py
[2026-09-16T10:08:00.149+0000] {processor.py:840} INFO - DAG(s) 'youtube_extraction' retrieved from /opt/airflow/dags/youtube_extraction.py
[2026-09-16T10:08:00.181+0000] {logging_mixin.py:188} INFO - [2026-09-16T10:08:00.181+0000] {dag.py:3096} INFO - Sync 1 DAGs
[2026-09-16T10:08:00.201+0000] {logging_mixin.py:188} INFO - [2026-09-16T10:08:00.200+0000] {dag.py:3954} INFO - Setting next_dagrun for youtube_extraction to None, run_after=None
[2026-09-16T10:08:00.233+0000] {processor.py:183} INFO - Processing /opt/airflow/dags/youtube_extraction.py took 0.114 seconds
[2026-09-16T10:08:30.323+0000] {processor.py:161} INFO - Started process (PID=2196) to work on /opt/airflow/dags/youtube_extraction.py
[2026-09-16T10:08:30.326+0000] {processor.py:830} INFO - Processing file /opt/airflow/dags/youtube_extraction.py for tasks to queue
[2026-09-16T10:08:30.330+0000] {logging_mixin.py:188} INFO - [2026-09-16T10:08:30.329+0000] {dagbag.py:545} INFO - Filling up the DagBag from /opt/airflow/dags/youtube_extraction.py
[2026-09-16T10:08:30.348+0000] {processor.py:840} INFO - DAG(s) 'youtube_extraction' retrieved from /opt/airflow/dags/youtube_extraction.py
[2026-09-16T10:08:30.385+0000] {logging_mixin.py:188} INFO - [2026-09-16T10:08:30.385+0000] {dag.py:3096} INFO - Sync 1 DAGs
[2026-09-16T10:08:30.402+0000] {logging_mixin.py:188} INFO - [2026-09-16T10:08:30.402+0000] {dag.py:3954} INFO - Setting next_dagrun for youtube_extraction to None, run_after=None
[2026-09-16T10:08:30.429+0000] {processor.py:183} INFO - Processing /opt/airflow/dags/youtube_extraction.py took 0.114 seconds
[2026-09-16T10:09:00.606+0000] {processor.py:161} INFO - Started process (PID=2207) to work on /opt/airflow/dags/youtube_extraction.py
[2026-09-16T10:09:00.608+0000] {processor.py:830} INFO - Processing file /opt/airflow/dags/youtube_extraction.py for tasks to queue
[2026-09-16T10:09:00.612+0000] {logging_mixin.py:188} INFO - [2026-09-16T10:09:00.612+0000] {dagbag.py:545} INFO - Filling up the DagBag from /opt/airflow/dags/youtube_extraction.py
[2026-09-16T10:09:00.631+0000] {processor.py:840} INFO - DAG(s) 'youtube_extraction' retrieved from /opt/airflow/dags/youtube_extraction.py
[2026-09-16T10:09:00.670+0000] {logging_mixin.py:188} INFO - [2026-09-16T10:09:00.670+0000] {dag.py:3096} INFO - Sync 1 DAGs
[2026-09-16T10:09:00.687+0000] {logging_mixin.py:188} INFO - [2026-09-16T10:09:00.687+0000] {dag.py:3954} INFO - Setting next_dagrun for youtube_extraction to None, run_after=None
[2026-09-16T10:09:00.715+0000] {processor.py:183} INFO - Processing /opt/airflow/dags/youtube_extraction.py took 0.117 seconds
[2026-09-16T10:09:30.791+0000] {processor.py:161} INFO - Started process (PID=2218) to work on /opt/airflow/dags/youtube_extraction.py
[2026-09-16T10:09:30.794+0000] {processor.py:830} INFO - Processing file /opt/airflow/dags/youtube_extraction.py for tasks to queue
[2026-09-16T10:09:30.798+0000] {logging_mixin.py:188} INFO - [2026-09-16T10:09:30.798+0000] {dagbag.py:545} INFO - Filling up the DagBag from /opt/airflow/dags/youtube_extraction.py
[2026-09-16T10:09:30.815+0000] {processor.py:840} INFO - DAG(s) 'youtube_extraction' retrieved from /opt/airflow/dags/youtube_extraction.py
[2026-09-16T10:09:30.849+0000] {logging_mixin.py:188} INFO - [2026-09-16T10:09:30.848+0000] {dag.py:3096} INFO - Sync 1 DAGs
[2026-09-16T10:09:30.866+0000] {logging_mixin.py:188} INFO - [2026-09-16T10:09:30.865+0000] {dag.py:3954} INFO - Setting next_dagrun for youtube_extraction to None, run_after=None
[2026-09-16T10:09:30.891+0000] {processor.py:183} INFO - Processing /opt/airflow/dags/youtube_extraction.py took 0.107 seconds
[2026-09-16T10:10:01.057+0000] {processor.py:161} INFO - Started process (PID=2229) to work on /opt/airflow/dags/youtube_extraction.py
[2026-09-16T10:10:01.059+0000] {processor.py:830} INFO - Processing file /opt/airflow/dags/youtube_extraction.py for tasks to queue
[2026-09-16T10:10:01.063+0000] {logging_mixin.py:188} INFO - [2026-09-16T10:10:01.062+0000] {dagbag.py:545} INFO - Filling up the DagBag from /opt/airflow/dags/youtube_extraction.py
[2026-09-16T10:10:01.081+0000] {processor.py:840} INFO - DAG(s) 'youtube_extraction' retrieved from /opt/airflow/dags/youtube_extraction.py
[2026-09-16T10:10:01.119+0000] {logging_mixin.py:188} INFO - [2026-09-16T10:10:01.119+0000] {dag.py:3096} INFO - Sync 1 DAGs
[2026-09-16T10:10:01.136+0000] {logging_mixin.py:188} INFO - [2026-09-16T10:10:01.135+0000] {dag.py:3954} INFO - Setting next_dagrun for youtube_extraction to None, run_after=None
[2026-09-16T10:10:01.164+0000] {processor.py:183} INFO - Processing /opt/airflow/dags/youtube_extraction.py took 0.115 seconds
[2026-09-16T10:10:31.239+0000] {processor.py:161} INFO - Started process (PID=2240) to work on /opt/airflow/dags/youtube_extraction.py
[2026-09-16T10:10:31.241+0000] {processor.py:830} INFO - Processing file /opt/airflow/dags/youtube_extraction.py for tasks to queue
[2026-09-16T10:10:31.244+0000] {logging_mixin.py:188} INFO - [2026-09-16T10:10:31.244+0000] {dagbag.py:545} INFO - Filling up the DagBag from /opt/airflow/dags/youtube_extraction.py
[2026-09-16T10:10:31.261+0000] {processor.py:840} INFO - DAG(s) 'youtube_extraction' retrieved from /opt/airflow/dags/youtube_extraction.py
[2026-09-16T10:10:31.295+0000] {logging_mixin.py:188} INFO - [2026-09-16T10:10:31.294+0000] {dag.py:3096} INFO - Sync 1 DAGs
[2026-09-16T10:10:31.312+0000] {logging_mixin.py:188} INFO - [2026-09-16T10:10:31.312+0000] {dag.py:3954} INFO - Setting next_dagrun for youtube_extraction to None, run_after=None
[2026-09-16T10:10:31.349+0000] {processor.py:183} INFO - Processing /opt/airflow/dags/youtube_extraction.py took 0.117 seconds
[2026-09-16T10:11:01.520+0000] {processor.py:161} INFO - Started process (PID=2251) to work on /opt/airflow/dags/youtube_extraction.py
[2026-09-16T10:11:01.522+0000] {processor.py:830} INFO - Processing file /opt/airflow/dags/youtube_extraction.py for tasks to queue
[2026-09-16T10:11:01.525+0000] {logging_mixin.py:188} INFO - [2026-09-16T10:11:01.525+0000] {dagbag.py:545} INFO - Filling up the DagBag from /opt/airflow/dags/youtube_extraction.py
[2026-09-16T10:11:01.542+0000] {processor.py:840} INFO - DAG(s) 'youtube_extraction' retrieved from /opt/airflow/dags/youtube_extraction.py
[2026-09-16T10:11:01.576+0000] {logging_mixin.py:188} INFO - [2026-09-16T10:11:01.575+0000] {dag.py:3096} INFO - Sync 1 DAGs
[2026-09-16T10:11:01.590+0000] {logging_mixin.py:188} INFO - [2026-09-16T10:11:01.590+0000] {dag.py:3954} INFO - Setting next_dagrun for youtube_extraction to None, run_after=None
[2026-09-16T10:11:01.624+0000] {processor.py:183} INFO - Processing /opt/airflow/dags/youtube_extraction.py took 0.111 seconds
[2026-09-16T10:11:31.725+0000] {processor.py:161} INFO - Started process (PID=2263) to work on /opt/airflow/dags/youtube_extraction.py
[2026-09-16T10:11:31.728+0000] {processor.py:830} INFO - Processing file /opt/airflow/dags/youtube_extraction.py for tasks to queue
[2026-09-16T10:11:31.731+0000] {logging_mixin.py:188} INFO - [2026-09-16T10:11:31.731+0000] {dagbag.py:545} INFO - Filling up the DagBag from /opt/airflow/dags/youtube_extraction.py
[2026-09-16T10:11:31.753+0000] {processor.py:840} INFO - DAG(s) 'youtube_extraction' retrieved from /opt/airflow/dags/youtube_extraction.py
[2026-09-16T10:11:31.800+0000] {logging_mixin.py:188} INFO - [2026-09-16T10:11:31.799+0000] {dag.py:3096} INFO - Sync 1 DAGs
[2026-09-16T10:11:31.817+0000] {logging_mixin.py:188} INFO - [2026-09-16T10:11:31.817+0000] {dag.py:3954} INFO - Setting next_dagrun for youtube_extraction to None, run_after=None
[2026-09-16T10:11:31.845+0000] {processor.py:183} INFO - Processing /opt/airflow/dags/youtube_extraction.py took 0.129 seconds
[2026-09-16T10:12:01.985+0000] {processor.py:161} INFO - Started process (PID=2274) to work on /opt/airflow/dags/youtube_extraction.py
[2026-09-16T10:12:01.987+0000] {processor.py:830} INFO - Processing file /opt/airflow/dags/youtube_extraction.py for tasks to queue
[2026-09-16T10:12:01.990+0000] {logging_mixin.py:188} INFO - [2026-09-16T10:12:01.990+0000] {dagbag.py:545} INFO - Filling up the DagBag from /opt/airflow/dags/youtube_extraction.py
[2026-09-16T10:12:02.009+0000] {processor.py:840} INFO - DAG(s) 'youtube_extraction' retrieved from /opt/airflow/dags/youtube_extraction.py
[2026-09-16T10:12:02.044+0000] {logging_mixin.py:188} INFO - [2026-09-16T10:12:02.044+0000] {dag.py:3096} INFO - Sync 1 DAGs
[2026-09-16T10:12:02.062+0000] {logging_mixin.py:188} INFO - [2026-09-16T10:12:02.062+0000] {dag.py:3954} INFO - Setting next_dagrun for youtube_extraction to None, run_after=None
[2026-09-16T10:12:02.099+0000] {processor.py:183} INFO - Processing /opt/airflow/dags/youtube_extraction.py took 0.122 seconds
[2026-09-16T10:12:32.266+0000] {processor.py:161} INFO - Started process (PID=2285) to work on /opt/airflow/dags/youtube_extraction.py
[2026-09-16T10:12:32.268+0000] {processor.py:830} INFO - Processing file /opt/airflow/dags/youtube_extraction.py for tasks to queue
[2026-09-16T10:12:32.272+0000] {logging_mixin.py:188} INFO - [2026-09-16T10:12:32.272+0000] {dagbag.py:545} INFO - Filling up the DagBag from /opt/airflow/dags/youtube_extraction.py
[2026-09-16T10:12:32.289+0000] {processor.py:840} INFO - DAG(s) 'youtube_extraction' retrieved from /opt/airflow/dags/youtube_extraction.py
[2026-09-16T10:12:32.322+0000] {logging_mixin.py:188} INFO - [2026-09-16T10:12:32.322+0000] {dag.py:3096} INFO - Sync 1 DAGs
[2026-09-16T10:12:32.336+0000] {logging_mixin.py:188} INFO - [2026-09-16T10:12:32.336+0000] {dag.py:3954} INFO - Setting next_dagrun for youtube_extraction to None, run_after=None
[2026-09-16T10:12:32.368+0000] {processor.py:183} INFO - Processing /opt/airflow/dags/youtube_extraction.py took 0.109 seconds
[2026-09-16T10:13:02.457+0000] {processor.py:161} INFO - Started process (PID=2296) to work on /opt/airflow/dags/youtube_extraction.py
[2026-09-16T10:13:02.459+0000] {processor.py:830} INFO - Processing file /opt/airflow/dags/youtube_extraction.py for tasks to queue
[2026-09-16T10:13:02.462+0000] {logging_mixin.py:188} INFO - [2026-09-16T10:13:02.462+0000] {dagbag.py:545} INFO - Filling up the DagBag from /opt/airflow/dags/youtube_extraction.py
[2026-09-16T10:13:02.479+0000] {processor.py:840} INFO - DAG(s) 'youtube_extraction' retrieved from /opt/airflow/dags/youtube_extraction.py
[2026-09-16T10:13:02.514+0000] {logging_mixin.py:188} INFO - [2026-09-16T10:13:02.513+0000] {dag.py:3096} INFO - Sync 1 DAGs
[2026-09-16T10:13:02.530+0000] {logging_mixin.py:188} INFO - [2026-09-16T10:13:02.530+0000] {dag.py:3954} INFO - Setting next_dagrun for youtube_extraction to None, run_after=None
[2026-09-16T10:13:02.569+0000] {processor.py:183} INFO - Processing /opt/airflow/dags/youtube_extraction.py took 0.120 seconds
[2026-09-16T10:13:32.718+0000] {processor.py:161} INFO - Started process (PID=2307) to work on /opt/airflow/dags/youtube_extraction.py
[2026-09-16T10:13:32.720+0000] {processor.py:830} INFO - Processing file /opt/airflow/dags/youtube_extraction.py for tasks to queue
[2026-09-16T10:13:32.723+0000] {logging_mixin.py:188} INFO - [2026-09-16T10:13:32.723+0000] {dagbag.py:545} INFO - Filling up the DagBag from /opt/airflow/dags/youtube_extraction.py
[2026-09-16T10:13:32.740+0000] {processor.py:840} INFO - DAG(s) 'youtube_extraction' retrieved from /opt/airflow/dags/youtube_extraction.py
[2026-09-16T10:13:32.771+0000] {logging_mixin.py:188} INFO - [2026-09-16T10:13:32.771+0000] {dag.py:3096} INFO - Sync 1 DAGs
[2026-09-16T10:13:32.788+0000] {logging_mixin.py:188} INFO - [2026-09-16T10:13:32.788+0000] {dag.py:3954} INFO - Setting next_dagrun for youtube_extraction to None, run_after=None
[2026-09-16T10:13:32.823+0000] {processor.py:183} INFO - Processing /opt/airflow/dags/youtube_extraction.py took 0.115 seconds
[2026-09-16T10:14:02.924+0000] {processor.py:161} INFO - Started process (PID=2318) to work on /opt/airflow/dags/youtube_extraction.py
[2026-09-16T10:14:02.926+0000] {processor.py:830} INFO - Processing file /opt/airflow/dags/youtube_extraction.py for tasks to queue
[2026-09-16T10:14:02.930+0000] {logging_mixin.py:188} INFO - [2026-09-16T10:14:02.930+0000] {dagbag.py:545} INFO - Filling up the DagBag from /opt/airflow/dags/youtube_extraction.py
[2026-09-16T10:14:02.946+0000] {processor.py:840} INFO - DAG(s) 'youtube_extraction' retrieved from /opt/airflow/dags/youtube_extraction.py
[2026-09-16T10:14:02.980+0000] {logging_mixin.py:188} INFO - [2026-09-16T10:14:02.980+0000] {dag.py:3096} INFO - Sync 1 DAGs
[2026-09-16T10:14:02.995+0000] {logging_mixin.py:188} INFO - [2026-09-16T10:14:02.995+0000] {dag.py:3954} INFO - Setting next_dagrun for youtube_extraction to None, run_after=None
[2026-09-16T10:14:03.029+0000] {processor.py:183} INFO - Processing /opt/airflow/dags/youtube_extraction.py took 0.113 seconds
[2026-09-16T10:14:33.183+0000] {processor.py:161} INFO - Started process (PID=2329) to work on /opt/airflow/dags/youtube_extraction.py
[2026-09-16T10:14:33.186+0000] {processor.py:830} INFO - Processing file /opt/airflow/dags/youtube_extraction.py for tasks to queue
[2026-09-16T10:14:33.190+0000] {logging_mixin.py:188} INFO - [2026-09-16T10:14:33.189+0000] {dagbag.py:545} INFO - Filling up the DagBag from /opt/airflow/dags/youtube_extraction.py
[2026-09-16T10:14:33.208+0000] {processor.py:840} INFO - DAG(s) 'youtube_extraction' retrieved from /opt/airflow/dags/youtube_extraction.py
[2026-09-16T10:14:33.240+0000] {logging_mixin.py:188} INFO - [2026-09-16T10:14:33.240+0000] {dag.py:3096} INFO - Sync 1 DAGs
[2026-09-16T10:14:33.255+0000] {logging_mixin.py:188} INFO - [2026-09-16T10:14:33.254+0000] {dag.py:3954} INFO - Setting next_dagrun for youtube_extraction to None, run_after=None
[2026-09-16T10:14:33.281+0000] {processor.py:183} INFO - Processing /opt/airflow/dags/youtube_extraction.py took 0.109 seconds
[2026-09-16T10:15:03.391+0000] {processor.py:161} INFO - Started process (PID=2340) to work on /opt/airflow/dags/youtube_extraction.py
[2026-09-16T10:15:03.394+0000] {processor.py:830} INFO - Processing file /opt/airflow/dags/youtube_extraction.py for tasks to queue
[2026-09-16T10:15:03.398+0000] {logging_mixin.py:188} INFO - [2026-09-16T10:15:03.397+0000] {dagbag.py:545} INFO - Filling up the DagBag from /opt/airflow/dags/youtube_extraction.py
[2026-09-16T10:15:03.413+0000] {processor.py:840} INFO - DAG(s) 'youtube_extraction' retrieved from /opt/airflow/dags/youtube_extraction.py
[2026-09-16T10:15:03.451+0000] {logging_mixin.py:188} INFO - [2026-09-16T10:15:03.451+0000] {dag.py:3096} INFO - Sync 1 DAGs
[2026-09-16T10:15:03.467+0000] {logging_mixin.py:188} INFO - [2026-09-16T10:15:03.467+0000] {dag.py:3954} INFO - Setting next_dagrun for youtube_extraction to None, run_after=None
[2026-09-16T10:15:03.503+0000] {processor.py:183} INFO - Processing /opt/airflow/dags/youtube_extraction.py took 0.120 seconds
[2026-09-16T10:15:33.640+0000] {processor.py:161} INFO - Started process (PID=2351) to work on /opt/airflow/dags/youtube_extraction.py
[2026-09-16T10:15:33.642+0000] {processor.py:830} INFO - Processing file /opt/airflow/dags/youtube_extraction.py for tasks to queue
[2026-09-16T10:15:33.646+0000] {logging_mixin.py:188} INFO - [2026-09-16T10:15:33.646+0000] {dagbag.py:545} INFO - Filling up the DagBag from /opt/airflow/dags/youtube_extraction.py
[2026-09-16T10:15:33.665+0000] {processor.py:840} INFO - DAG(s) 'youtube_extraction' retrieved from /opt/airflow/dags/youtube_extraction.py
[2026-09-16T10:15:33.700+0000] {logging_mixin.py:188} INFO - [2026-09-16T10:15:33.700+0000] {dag.py:3096} INFO - Sync 1 DAGs
[2026-09-16T10:15:33.714+0000] {logging_mixin.py:188} INFO - [2026-09-16T10:15:33.714+0000] {dag.py:3954} INFO - Setting next_dagrun for youtube_extraction to None, run_after=None
[2026-09-16T10:15:33.741+0000] {processor.py:183} INFO - Processing /opt/airflow/dags/youtube_extraction.py took 0.109 seconds
[2026-09-16T10:16:03.866+0000] {processor.py:161} INFO - Started process (PID=2362) to work on /opt/airflow/dags/youtube_extraction.py
[2026-09-16T10:16:03.868+0000] {processor.py:830} INFO - Processing file /opt/airflow/dags/youtube_extraction.py for tasks to queue
[2026-09-16T10:16:03.872+0000] {logging_mixin.py:188} INFO - [2026-09-16T10:16:03.872+0000] {dagbag.py:545} INFO - Filling up the DagBag from /opt/airflow/dags/youtube_extraction.py
[2026-09-16T10:16:03.890+0000] {processor.py:840} INFO - DAG(s) 'youtube_extraction' retrieved from /opt/airflow/dags/youtube_extraction.py
[2026-09-16T10:16:03.926+0000] {logging_mixin.py:188} INFO - [2026-09-16T10:16:03.925+0000] {dag.py:3096} INFO - Sync 1 DAGs
[2026-09-16T10:16:03.941+0000] {logging_mixin.py:188} INFO - [2026-09-16T10:16:03.941+0000] {dag.py:3954} INFO - Setting next_dagrun for youtube_extraction to None, run_after=None
[2026-09-16T10:16:03.976+0000] {processor.py:183} INFO - Processing /opt/airflow/dags/youtube_extraction.py took 0.117 seconds
[2026-09-16T10:16:34.091+0000] {processor.py:161} INFO - Started process (PID=2374) to work on /opt/airflow/dags/youtube_extraction.py
[2026-09-16T10:16:34.094+0000] {processor.py:830} INFO - Processing file /opt/airflow/dags/youtube_extraction.py for tasks to queue
[2026-09-16T10:16:34.097+0000] {logging_mixin.py:188} INFO - [2026-09-16T10:16:34.096+0000] {dagbag.py:545} INFO - Filling up the DagBag from /opt/airflow/dags/youtube_extraction.py
[2026-09-16T10:16:34.114+0000] {processor.py:840} INFO - DAG(s) 'youtube_extraction' retrieved from /opt/airflow/dags/youtube_extraction.py
[2026-09-16T10:16:34.146+0000] {logging_mixin.py:188} INFO - [2026-09-16T10:16:34.145+0000] {dag.py:3096} INFO - Sync 1 DAGs
[2026-09-16T10:16:34.161+0000] {logging_mixin.py:188} INFO - [2026-09-16T10:16:34.161+0000] {dag.py:3954} INFO - Setting next_dagrun for youtube_extraction to None, run_after=None
[2026-09-16T10:16:34.190+0000] {processor.py:183} INFO - Processing /opt/airflow/dags/youtube_extraction.py took 0.106 seconds
[2026-09-16T10:17:04.341+0000] {processor.py:161} INFO - Started process (PID=2385) to work on /opt/airflow/dags/youtube_extraction.py
[2026-09-16T10:17:04.343+0000] {processor.py:830} INFO - Processing file /opt/airflow/dags/youtube_extraction.py for tasks to queue
[2026-09-16T10:17:04.346+0000] {logging_mixin.py:188} INFO - [2026-09-16T10:17:04.346+0000] {dagbag.py:545} INFO - Filling up the DagBag from /opt/airflow/dags/youtube_extraction.py
[2026-09-16T10:17:04.362+0000] {processor.py:840} INFO - DAG(s) 'youtube_extraction' retrieved from /opt/airflow/dags/youtube_extraction.py
[2026-09-16T10:17:04.395+0000] {logging_mixin.py:188} INFO - [2026-09-16T10:17:04.395+0000] {dag.py:3096} INFO - Sync 1 DAGs
[2026-09-16T10:17:04.414+0000] {logging_mixin.py:188} INFO - [2026-09-16T10:17:04.413+0000] {dag.py:3954} INFO - Setting next_dagrun for youtube_extraction to None, run_after=None
[2026-09-16T10:17:04.445+0000] {processor.py:183} INFO - Processing /opt/airflow/dags/youtube_extraction.py took 0.111 seconds
[2026-09-16T10:17:34.610+0000] {processor.py:161} INFO - Started process (PID=2396) to work on /opt/airflow/dags/youtube_extraction.py
[2026-09-16T10:17:34.612+0000] {processor.py:830} INFO - Processing file /opt/airflow/dags/youtube_extraction.py for tasks to queue
[2026-09-16T10:17:34.616+0000] {logging_mixin.py:188} INFO - [2026-09-16T10:17:34.615+0000] {dagbag.py:545} INFO - Filling up the DagBag from /opt/airflow/dags/youtube_extraction.py
[2026-09-16T10:17:34.632+0000] {processor.py:840} INFO - DAG(s) 'youtube_extraction' retrieved from /opt/airflow/dags/youtube_extraction.py
[2026-09-16T10:17:34.662+0000] {logging_mixin.py:188} INFO - [2026-09-16T10:17:34.661+0000] {dag.py:3096} INFO - Sync 1 DAGs
[2026-09-16T10:17:34.676+0000] {logging_mixin.py:188} INFO - [2026-09-16T10:17:34.676+0000] {dag.py:3954} INFO - Setting next_dagrun for youtube_extraction to None, run_after=None
[2026-09-16T10:17:34.708+0000] {processor.py:183} INFO - Processing /opt/airflow/dags/youtube_extraction.py took 0.106 seconds
[2026-09-16T10:18:04.813+0000] {processor.py:161} INFO - Started process (PID=2407) to work on /opt/airflow/dags/youtube_extraction.py
[2026-09-16T10:18:04.815+0000] {processor.py:830} INFO - Processing file /opt/airflow/dags/youtube_extraction.py for tasks to queue
[2026-09-16T10:18:04.819+0000] {logging_mixin.py:188} INFO - [2026-09-16T10:18:04.818+0000] {dagbag.py:545} INFO - Filling up the DagBag from /opt/airflow/dags/youtube_extraction.py
[2026-09-16T10:18:04.840+0000] {processor.py:840} INFO - DAG(s) 'youtube_extraction' retrieved from /opt/airflow/dags/youtube_extraction.py
[2026-09-16T10:18:04.882+0000] {logging_mixin.py:188} INFO - [2026-09-16T10:18:04.881+0000] {dag.py:3096} INFO - Sync 1 DAGs
[2026-09-16T10:18:04.904+0000] {logging_mixin.py:188} INFO - [2026-09-16T10:18:04.903+0000] {dag.py:3954} INFO - Setting next_dagrun for youtube_extraction to None, run_after=None
[2026-09-16T10:18:04.961+0000] {processor.py:183} INFO - Processing /opt/airflow/dags/youtube_extraction.py took 0.157 seconds
[2026-09-16T10:18:35.061+0000] {processor.py:161} INFO - Started process (PID=2418) to work on /opt/airflow/dags/youtube_extraction.py
[2026-09-16T10:18:35.063+0000] {processor.py:830} INFO - Processing file /opt/airflow/dags/youtube_extraction.py for tasks to queue
[2026-09-16T10:18:35.067+0000] {logging_mixin.py:188} INFO - [2026-09-16T10:18:35.067+0000] {dagbag.py:545} INFO - Filling up the DagBag from /opt/airflow/dags/youtube_extraction.py
[2026-09-16T10:18:35.084+0000] {processor.py:840} INFO - DAG(s) 'youtube_extraction' retrieved from /opt/airflow/dags/youtube_extraction.py
[2026-09-16T10:18:35.122+0000] {logging_mixin.py:188} INFO - [2026-09-16T10:18:35.121+0000] {dag.py:3096} INFO - Sync 1 DAGs
[2026-09-16T10:18:35.138+0000] {logging_mixin.py:188} INFO - [2026-09-16T10:18:35.138+0000] {dag.py:3954} INFO - Setting next_dagrun for youtube_extraction to None, run_after=None
[2026-09-16T10:18:35.165+0000] {processor.py:183} INFO - Processing /opt/airflow/dags/youtube_extraction.py took 0.111 seconds
[2026-09-16T10:19:05.332+0000] {processor.py:161} INFO - Started process (PID=2429) to work on /opt/airflow/dags/youtube_extraction.py
[2026-09-16T10:19:05.334+0000] {processor.py:830} INFO - Processing file /opt/airflow/dags/youtube_extraction.py for tasks to queue
[2026-09-16T10:19:05.338+0000] {logging_mixin.py:188} INFO - [2026-09-16T10:19:05.337+0000] {dagbag.py:545} INFO - Filling up the DagBag from /opt/airflow/dags/youtube_extraction.py
[2026-09-16T10:19:05.353+0000] {processor.py:840} INFO - DAG(s) 'youtube_extraction' retrieved from /opt/airflow/dags/youtube_extraction.py
[2026-09-16T10:19:05.386+0000] {logging_mixin.py:188} INFO - [2026-09-16T10:19:05.386+0000] {dag.py:3096} INFO - Sync 1 DAGs
[2026-09-16T10:19:05.402+0000] {logging_mixin.py:188} INFO - [2026-09-16T10:19:05.402+0000] {dag.py:3954} INFO - Setting next_dagrun for youtube_extraction to None, run_after=None
[2026-09-16T10:19:05.435+0000] {processor.py:183} INFO - Processing /opt/airflow/dags/youtube_extraction.py took 0.111 seconds
[2026-09-16T10:19:35.530+0000] {processor.py:161} INFO - Started process (PID=2440) to work on /opt/airflow/dags/youtube_extraction.py
[2026-09-16T10:19:35.532+0000] {processor.py:830} INFO - Processing file /opt/airflow/dags/youtube_extraction.py for tasks to queue
[2026-09-16T10:19:35.536+0000] {logging_mixin.py:188} INFO - [2026-09-16T10:19:35.535+0000] {dagbag.py:545} INFO - Filling up the DagBag from /opt/airflow/dags/youtube_extraction.py
[2026-09-16T10:19:35.551+0000] {processor.py:840} INFO - DAG(s) 'youtube_extraction' retrieved from /opt/airflow/dags/youtube_extraction.py
[2026-09-16T10:19:35.584+0000] {logging_mixin.py:188} INFO - [2026-09-16T10:19:35.583+0000] {dag.py:3096} INFO - Sync 1 DAGs
[2026-09-16T10:19:35.600+0000] {logging_mixin.py:188} INFO - [2026-09-16T10:19:35.599+0000] {dag.py:3954} INFO - Setting next_dagrun for youtube_extraction to None, run_after=None
[2026-09-16T10:19:35.633+0000] {processor.py:183} INFO - Processing /opt/airflow/dags/youtube_extraction.py took 0.111 seconds
[2026-09-16T10:20:05.855+0000] {processor.py:161} INFO - Started process (PID=2451) to work on /opt/airflow/dags/youtube_extraction.py
[2026-09-16T10:20:05.859+0000] {processor.py:830} INFO - Processing file /opt/airflow/dags/youtube_extraction.py for tasks to queue
[2026-09-16T10:20:05.867+0000] {logging_mixin.py:188} INFO - [2026-09-16T10:20:05.866+0000] {dagbag.py:545} INFO - Filling up the DagBag from /opt/airflow/dags/youtube_extraction.py
[2026-09-16T10:20:05.895+0000] {processor.py:840} INFO - DAG(s) 'youtube_extraction' retrieved from /opt/airflow/dags/youtube_extraction.py
[2026-09-16T10:20:05.934+0000] {logging_mixin.py:188} INFO - [2026-09-16T10:20:05.934+0000] {dag.py:3096} INFO - Sync 1 DAGs
[2026-09-16T10:20:05.953+0000] {logging_mixin.py:188} INFO - [2026-09-16T10:20:05.952+0000] {dag.py:3954} INFO - Setting next_dagrun for youtube_extraction to None, run_after=None
[2026-09-16T10:20:05.986+0000] {processor.py:183} INFO - Processing /opt/airflow/dags/youtube_extraction.py took 0.153 seconds
[2026-09-16T10:20:36.181+0000] {processor.py:161} INFO - Started process (PID=2462) to work on /opt/airflow/dags/youtube_extraction.py
[2026-09-16T10:20:36.183+0000] {processor.py:830} INFO - Processing file /opt/airflow/dags/youtube_extraction.py for tasks to queue
[2026-09-16T10:20:36.188+0000] {logging_mixin.py:188} INFO - [2026-09-16T10:20:36.188+0000] {dagbag.py:545} INFO - Filling up the DagBag from /opt/airflow/dags/youtube_extraction.py
[2026-09-16T10:20:36.204+0000] {processor.py:840} INFO - DAG(s) 'youtube_extraction' retrieved from /opt/airflow/dags/youtube_extraction.py
[2026-09-16T10:20:36.241+0000] {logging_mixin.py:188} INFO - [2026-09-16T10:20:36.241+0000] {dag.py:3096} INFO - Sync 1 DAGs
[2026-09-16T10:20:36.258+0000] {logging_mixin.py:188} INFO - [2026-09-16T10:20:36.258+0000] {dag.py:3954} INFO - Setting next_dagrun for youtube_extraction to None, run_after=None
[2026-09-16T10:20:36.294+0000] {processor.py:183} INFO - Processing /opt/airflow/dags/youtube_extraction.py took 0.121 seconds
[2026-09-16T10:21:06.381+0000] {processor.py:161} INFO - Started process (PID=2473) to work on /opt/airflow/dags/youtube_extraction.py
[2026-09-16T10:21:06.385+0000] {processor.py:830} INFO - Processing file /opt/airflow/dags/youtube_extraction.py for tasks to queue
[2026-09-16T10:21:06.389+0000] {logging_mixin.py:188} INFO - [2026-09-16T10:21:06.388+0000] {dagbag.py:545} INFO - Filling up the DagBag from /opt/airflow/dags/youtube_extraction.py
[2026-09-16T10:21:06.419+0000] {processor.py:840} INFO - DAG(s) 'youtube_extraction' retrieved from /opt/airflow/dags/youtube_extraction.py
[2026-09-16T10:21:06.489+0000] {logging_mixin.py:188} INFO - [2026-09-16T10:21:06.488+0000] {dag.py:3096} INFO - Sync 1 DAGs
[2026-09-16T10:21:06.519+0000] {logging_mixin.py:188} INFO - [2026-09-16T10:21:06.518+0000] {dag.py:3954} INFO - Setting next_dagrun for youtube_extraction to None, run_after=None
[2026-09-16T10:21:06.583+0000] {processor.py:183} INFO - Processing /opt/airflow/dags/youtube_extraction.py took 0.215 seconds
[2026-09-16T10:21:36.673+0000] {processor.py:161} INFO - Started process (PID=2484) to work on /opt/airflow/dags/youtube_extraction.py
[2026-09-16T10:21:36.675+0000] {processor.py:830} INFO - Processing file /opt/airflow/dags/youtube_extraction.py for tasks to queue
[2026-09-16T10:21:36.678+0000] {logging_mixin.py:188} INFO - [2026-09-16T10:21:36.678+0000] {dagbag.py:545} INFO - Filling up the DagBag from /opt/airflow/dags/youtube_extraction.py
[2026-09-16T10:21:36.697+0000] {processor.py:840} INFO - DAG(s) 'youtube_extraction' retrieved from /opt/airflow/dags/youtube_extraction.py
[2026-09-16T10:21:36.738+0000] {logging_mixin.py:188} INFO - [2026-09-16T10:21:36.738+0000] {dag.py:3096} INFO - Sync 1 DAGs
[2026-09-16T10:21:36.758+0000] {logging_mixin.py:188} INFO - [2026-09-16T10:21:36.758+0000] {dag.py:3954} INFO - Setting next_dagrun for youtube_extraction to None, run_after=None
[2026-09-16T10:21:36.796+0000] {processor.py:183} INFO - Processing /opt/airflow/dags/youtube_extraction.py took 0.131 seconds
[2026-09-16T10:22:06.954+0000] {processor.py:161} INFO - Started process (PID=2495) to work on /opt/airflow/dags/youtube_extraction.py
[2026-09-16T10:22:06.956+0000] {processor.py:830} INFO - Processing file /opt/airflow/dags/youtube_extraction.py for tasks to queue
[2026-09-16T10:22:06.960+0000] {logging_mixin.py:188} INFO - [2026-09-16T10:22:06.960+0000] {dagbag.py:545} INFO - Filling up the DagBag from /opt/airflow/dags/youtube_extraction.py
[2026-09-16T10:22:06.977+0000] {processor.py:840} INFO - DAG(s) 'youtube_extraction' retrieved from /opt/airflow/dags/youtube_extraction.py
[2026-09-16T10:22:07.012+0000] {logging_mixin.py:188} INFO - [2026-09-16T10:22:07.011+0000] {dag.py:3096} INFO - Sync 1 DAGs
[2026-09-16T10:22:07.029+0000] {logging_mixin.py:188} INFO - [2026-09-16T10:22:07.029+0000] {dag.py:3954} INFO - Setting next_dagrun for youtube_extraction to None, run_after=None
[2026-09-16T10:22:07.064+0000] {processor.py:183} INFO - Processing /opt/airflow/dags/youtube_extraction.py took 0.118 seconds
[2026-09-16T10:22:37.188+0000] {processor.py:161} INFO - Started process (PID=2506) to work on /opt/airflow/dags/youtube_extraction.py
[2026-09-16T10:22:37.191+0000] {processor.py:830} INFO - Processing file /opt/airflow/dags/youtube_extraction.py for tasks to queue
[2026-09-16T10:22:37.195+0000] {logging_mixin.py:188} INFO - [2026-09-16T10:22:37.194+0000] {dagbag.py:545} INFO - Filling up the DagBag from /opt/airflow/dags/youtube_extraction.py
[2026-09-16T10:22:37.212+0000] {processor.py:840} INFO - DAG(s) 'youtube_extraction' retrieved from /opt/airflow/dags/youtube_extraction.py
[2026-09-16T10:22:37.246+0000] {logging_mixin.py:188} INFO - [2026-09-16T10:22:37.246+0000] {dag.py:3096} INFO - Sync 1 DAGs
[2026-09-16T10:22:37.262+0000] {logging_mixin.py:188} INFO - [2026-09-16T10:22:37.262+0000] {dag.py:3954} INFO - Setting next_dagrun for youtube_extraction to None, run_after=None
[2026-09-16T10:22:37.296+0000] {processor.py:183} INFO - Processing /opt/airflow/dags/youtube_extraction.py took 0.114 seconds
[2026-09-16T10:23:07.429+0000] {processor.py:161} INFO - Started process (PID=2517) to work on /opt/airflow/dags/youtube_extraction.py
[2026-09-16T10:23:07.431+0000] {processor.py:830} INFO - Processing file /opt/airflow/dags/youtube_extraction.py for tasks to queue
[2026-09-16T10:23:07.436+0000] {logging_mixin.py:188} INFO - [2026-09-16T10:23:07.435+0000] {dagbag.py:545} INFO - Filling up the DagBag from /opt/airflow/dags/youtube_extraction.py
[2026-09-16T10:23:07.453+0000] {processor.py:840} INFO - DAG(s) 'youtube_extraction' retrieved from /opt/airflow/dags/youtube_extraction.py
[2026-09-16T10:23:07.486+0000] {logging_mixin.py:188} INFO - [2026-09-16T10:23:07.486+0000] {dag.py:3096} INFO - Sync 1 DAGs
[2026-09-16T10:23:07.501+0000] {logging_mixin.py:188} INFO - [2026-09-16T10:23:07.500+0000] {dag.py:3954} INFO - Setting next_dagrun for youtube_extraction to None, run_after=None
[2026-09-16T10:23:07.525+0000] {processor.py:183} INFO - Processing /opt/airflow/dags/youtube_extraction.py took 0.106 seconds
[2026-09-16T10:23:37.650+0000] {processor.py:161} INFO - Started process (PID=2528) to work on /opt/airflow/dags/youtube_extraction.py
[2026-09-16T10:23:37.654+0000] {processor.py:830} INFO - Processing file /opt/airflow/dags/youtube_extraction.py for tasks to queue
[2026-09-16T10:23:37.657+0000] {logging_mixin.py:188} INFO - [2026-09-16T10:23:37.657+0000] {dagbag.py:545} INFO - Filling up the DagBag from /opt/airflow/dags/youtube_extraction.py
[2026-09-16T10:23:37.686+0000] {processor.py:840} INFO - DAG(s) 'youtube_extraction' retrieved from /opt/airflow/dags/youtube_extraction.py
[2026-09-16T10:23:37.721+0000] {logging_mixin.py:188} INFO - [2026-09-16T10:23:37.720+0000] {dag.py:3096} INFO - Sync 1 DAGs
[2026-09-16T10:23:37.736+0000] {logging_mixin.py:188} INFO - [2026-09-16T10:23:37.736+0000] {dag.py:3954} INFO - Setting next_dagrun for youtube_extraction to None, run_after=None
[2026-09-16T10:23:37.763+0000] {processor.py:183} INFO - Processing /opt/airflow/dags/youtube_extraction.py took 0.122 seconds
[2026-09-16T10:24:07.897+0000] {processor.py:161} INFO - Started process (PID=2539) to work on /opt/airflow/dags/youtube_extraction.py
[2026-09-16T10:24:07.900+0000] {processor.py:830} INFO - Processing file /opt/airflow/dags/youtube_extraction.py for tasks to queue
[2026-09-16T10:24:07.904+0000] {logging_mixin.py:188} INFO - [2026-09-16T10:24:07.903+0000] {dagbag.py:545} INFO - Filling up the DagBag from /opt/airflow/dags/youtube_extraction.py
[2026-09-16T10:24:07.922+0000] {processor.py:840} INFO - DAG(s) 'youtube_extraction' retrieved from /opt/airflow/dags/youtube_extraction.py
[2026-09-16T10:24:07.958+0000] {logging_mixin.py:188} INFO - [2026-09-16T10:24:07.957+0000] {dag.py:3096} INFO - Sync 1 DAGs
[2026-09-16T10:24:07.974+0000] {logging_mixin.py:188} INFO - [2026-09-16T10:24:07.974+0000] {dag.py:3954} INFO - Setting next_dagrun for youtube_extraction to None, run_after=None
[2026-09-16T10:24:08.013+0000] {processor.py:183} INFO - Processing /opt/airflow/dags/youtube_extraction.py took 0.126 seconds
[2026-09-16T10:24:38.137+0000] {processor.py:161} INFO - Started process (PID=2550) to work on /opt/airflow/dags/youtube_extraction.py
[2026-09-16T10:24:38.140+0000] {processor.py:830} INFO - Processing file /opt/airflow/dags/youtube_extraction.py for tasks to queue
[2026-09-16T10:24:38.144+0000] {logging_mixin.py:188} INFO - [2026-09-16T10:24:38.144+0000] {dagbag.py:545} INFO - Filling up the DagBag from /opt/airflow/dags/youtube_extraction.py
[2026-09-16T10:24:38.167+0000] {processor.py:840} INFO - DAG(s) 'youtube_extraction' retrieved from /opt/airflow/dags/youtube_extraction.py
[2026-09-16T10:24:38.208+0000] {logging_mixin.py:188} INFO - [2026-09-16T10:24:38.208+0000] {dag.py:3096} INFO - Sync 1 DAGs
[2026-09-16T10:24:38.225+0000] {logging_mixin.py:188} INFO - [2026-09-16T10:24:38.225+0000] {dag.py:3954} INFO - Setting next_dagrun for youtube_extraction to None, run_after=None
[2026-09-16T10:24:38.258+0000] {processor.py:183} INFO - Processing /opt/airflow/dags/youtube_extraction.py took 0.132 seconds
[2026-09-16T10:25:08.384+0000] {processor.py:161} INFO - Started process (PID=2561) to work on /opt/airflow/dags/youtube_extraction.py
[2026-09-16T10:25:08.386+0000] {processor.py:830} INFO - Processing file /opt/airflow/dags/youtube_extraction.py for tasks to queue
[2026-09-16T10:25:08.390+0000] {logging_mixin.py:188} INFO - [2026-09-16T10:25:08.389+0000] {dagbag.py:545} INFO - Filling up the DagBag from /opt/airflow/dags/youtube_extraction.py
[2026-09-16T10:25:08.409+0000] {processor.py:840} INFO - DAG(s) 'youtube_extraction' retrieved from /opt/airflow/dags/youtube_extraction.py
[2026-09-16T10:25:08.439+0000] {logging_mixin.py:188} INFO - [2026-09-16T10:25:08.439+0000] {dag.py:3096} INFO - Sync 1 DAGs
[2026-09-16T10:25:08.455+0000] {logging_mixin.py:188} INFO - [2026-09-16T10:25:08.455+0000] {dag.py:3954} INFO - Setting next_dagrun for youtube_extraction to None, run_after=None
[2026-09-16T10:25:08.486+0000] {processor.py:183} INFO - Processing /opt/airflow/dags/youtube_extraction.py took 0.110 seconds
[2026-09-16T10:25:38.613+0000] {processor.py:161} INFO - Started process (PID=2572) to work on /opt/airflow/dags/youtube_extraction.py
[2026-09-16T10:25:38.615+0000] {processor.py:830} INFO - Processing file /opt/airflow/dags/youtube_extraction.py for tasks to queue
[2026-09-16T10:25:38.619+0000] {logging_mixin.py:188} INFO - [2026-09-16T10:25:38.618+0000] {dagbag.py:545} INFO - Filling up the DagBag from /opt/airflow/dags/youtube_extraction.py
[2026-09-16T10:25:38.638+0000] {processor.py:840} INFO - DAG(s) 'youtube_extraction' retrieved from /opt/airflow/dags/youtube_extraction.py
[2026-09-16T10:25:38.671+0000] {logging_mixin.py:188} INFO - [2026-09-16T10:25:38.670+0000] {dag.py:3096} INFO - Sync 1 DAGs
[2026-09-16T10:25:38.686+0000] {logging_mixin.py:188} INFO - [2026-09-16T10:25:38.686+0000] {dag.py:3954} INFO - Setting next_dagrun for youtube_extraction to None, run_after=None
[2026-09-16T10:25:38.718+0000] {processor.py:183} INFO - Processing /opt/airflow/dags/youtube_extraction.py took 0.112 seconds
[2026-09-16T10:26:08.853+0000] {processor.py:161} INFO - Started process (PID=2584) to work on /opt/airflow/dags/youtube_extraction.py
[2026-09-16T10:26:08.857+0000] {processor.py:830} INFO - Processing file /opt/airflow/dags/youtube_extraction.py for tasks to queue
[2026-09-16T10:26:08.862+0000] {logging_mixin.py:188} INFO - [2026-09-16T10:26:08.861+0000] {dagbag.py:545} INFO - Filling up the DagBag from /opt/airflow/dags/youtube_extraction.py
[2026-09-16T10:26:08.886+0000] {processor.py:840} INFO - DAG(s) 'youtube_extraction' retrieved from /opt/airflow/dags/youtube_extraction.py
[2026-09-16T10:26:08.928+0000] {logging_mixin.py:188} INFO - [2026-09-16T10:26:08.928+0000] {dag.py:3096} INFO - Sync 1 DAGs
[2026-09-16T10:26:08.944+0000] {logging_mixin.py:188} INFO - [2026-09-16T10:26:08.944+0000] {dag.py:3954} INFO - Setting next_dagrun for youtube_extraction to None, run_after=None
[2026-09-16T10:26:08.976+0000] {processor.py:183} INFO - Processing /opt/airflow/dags/youtube_extraction.py took 0.133 seconds
[2026-09-16T10:26:39.085+0000] {processor.py:161} INFO - Started process (PID=2595) to work on /opt/airflow/dags/youtube_extraction.py
[2026-09-16T10:26:39.087+0000] {processor.py:830} INFO - Processing file /opt/airflow/dags/youtube_extraction.py for tasks to queue
[2026-09-16T10:26:39.091+0000] {logging_mixin.py:188} INFO - [2026-09-16T10:26:39.091+0000] {dagbag.py:545} INFO - Filling up the DagBag from /opt/airflow/dags/youtube_extraction.py
[2026-09-16T10:26:39.109+0000] {processor.py:840} INFO - DAG(s) 'youtube_extraction' retrieved from /opt/airflow/dags/youtube_extraction.py
[2026-09-16T10:26:39.147+0000] {logging_mixin.py:188} INFO - [2026-09-16T10:26:39.146+0000] {dag.py:3096} INFO - Sync 1 DAGs
[2026-09-16T10:26:39.162+0000] {logging_mixin.py:188} INFO - [2026-09-16T10:26:39.162+0000] {dag.py:3954} INFO - Setting next_dagrun for youtube_extraction to None, run_after=None
[2026-09-16T10:26:39.196+0000] {processor.py:183} INFO - Processing /opt/airflow/dags/youtube_extraction.py took 0.118 seconds
[2026-09-16T10:27:09.342+0000] {processor.py:161} INFO - Started process (PID=2606) to work on /opt/airflow/dags/youtube_extraction.py
[2026-09-16T10:27:09.344+0000] {processor.py:830} INFO - Processing file /opt/airflow/dags/youtube_extraction.py for tasks to queue
[2026-09-16T10:27:09.348+0000] {logging_mixin.py:188} INFO - [2026-09-16T10:27:09.348+0000] {dagbag.py:545} INFO - Filling up the DagBag from /opt/airflow/dags/youtube_extraction.py
[2026-09-16T10:27:09.369+0000] {processor.py:840} INFO - DAG(s) 'youtube_extraction' retrieved from /opt/airflow/dags/youtube_extraction.py
[2026-09-16T10:27:09.417+0000] {logging_mixin.py:188} INFO - [2026-09-16T10:27:09.417+0000] {dag.py:3096} INFO - Sync 1 DAGs
[2026-09-16T10:27:09.435+0000] {logging_mixin.py:188} INFO - [2026-09-16T10:27:09.435+0000] {dag.py:3954} INFO - Setting next_dagrun for youtube_extraction to None, run_after=None
[2026-09-16T10:27:09.467+0000] {processor.py:183} INFO - Processing /opt/airflow/dags/youtube_extraction.py took 0.133 seconds
[2026-09-16T10:27:39.582+0000] {processor.py:161} INFO - Started process (PID=2617) to work on /opt/airflow/dags/youtube_extraction.py
[2026-09-16T10:27:39.584+0000] {processor.py:830} INFO - Processing file /opt/airflow/dags/youtube_extraction.py for tasks to queue
[2026-09-16T10:27:39.588+0000] {logging_mixin.py:188} INFO - [2026-09-16T10:27:39.588+0000] {dagbag.py:545} INFO - Filling up the DagBag from /opt/airflow/dags/youtube_extraction.py
[2026-09-16T10:27:39.605+0000] {processor.py:840} INFO - DAG(s) 'youtube_extraction' retrieved from /opt/airflow/dags/youtube_extraction.py
[2026-09-16T10:27:39.641+0000] {logging_mixin.py:188} INFO - [2026-09-16T10:27:39.640+0000] {dag.py:3096} INFO - Sync 1 DAGs
[2026-09-16T10:27:39.658+0000] {logging_mixin.py:188} INFO - [2026-09-16T10:27:39.658+0000] {dag.py:3954} INFO - Setting next_dagrun for youtube_extraction to None, run_after=None
[2026-09-16T10:27:39.691+0000] {processor.py:183} INFO - Processing /opt/airflow/dags/youtube_extraction.py took 0.116 seconds
[2026-09-16T10:28:09.832+0000] {processor.py:161} INFO - Started process (PID=2628) to work on /opt/airflow/dags/youtube_extraction.py
[2026-09-16T10:28:09.836+0000] {processor.py:830} INFO - Processing file /opt/airflow/dags/youtube_extraction.py for tasks to queue
[2026-09-16T10:28:09.839+0000] {logging_mixin.py:188} INFO - [2026-09-16T10:28:09.838+0000] {dagbag.py:545} INFO - Filling up the DagBag from /opt/airflow/dags/youtube_extraction.py
[2026-09-16T10:28:09.856+0000] {processor.py:840} INFO - DAG(s) 'youtube_extraction' retrieved from /opt/airflow/dags/youtube_extraction.py
[2026-09-16T10:28:09.889+0000] {logging_mixin.py:188} INFO - [2026-09-16T10:28:09.888+0000] {dag.py:3096} INFO - Sync 1 DAGs
[2026-09-16T10:28:09.905+0000] {logging_mixin.py:188} INFO - [2026-09-16T10:28:09.904+0000] {dag.py:3954} INFO - Setting next_dagrun for youtube_extraction to None, run_after=None
[2026-09-16T10:28:09.931+0000] {processor.py:183} INFO - Processing /opt/airflow/dags/youtube_extraction.py took 0.106 seconds
[2026-09-16T10:28:40.046+0000] {processor.py:161} INFO - Started process (PID=2639) to work on /opt/airflow/dags/youtube_extraction.py
[2026-09-16T10:28:40.048+0000] {processor.py:830} INFO - Processing file /opt/airflow/dags/youtube_extraction.py for tasks to queue
[2026-09-16T10:28:40.051+0000] {logging_mixin.py:188} INFO - [2026-09-16T10:28:40.051+0000] {dagbag.py:545} INFO - Filling up the DagBag from /opt/airflow/dags/youtube_extraction.py
[2026-09-16T10:28:40.066+0000] {processor.py:840} INFO - DAG(s) 'youtube_extraction' retrieved from /opt/airflow/dags/youtube_extraction.py
[2026-09-16T10:28:40.100+0000] {logging_mixin.py:188} INFO - [2026-09-16T10:28:40.099+0000] {dag.py:3096} INFO - Sync 1 DAGs
[2026-09-16T10:28:40.114+0000] {logging_mixin.py:188} INFO - [2026-09-16T10:28:40.113+0000] {dag.py:3954} INFO - Setting next_dagrun for youtube_extraction to None, run_after=None
[2026-09-16T10:28:40.147+0000] {processor.py:183} INFO - Processing /opt/airflow/dags/youtube_extraction.py took 0.110 seconds
[2026-09-16T10:29:10.292+0000] {processor.py:161} INFO - Started process (PID=2650) to work on /opt/airflow/dags/youtube_extraction.py
[2026-09-16T10:29:10.294+0000] {processor.py:830} INFO - Processing file /opt/airflow/dags/youtube_extraction.py for tasks to queue
[2026-09-16T10:29:10.297+0000] {logging_mixin.py:188} INFO - [2026-09-16T10:29:10.297+0000] {dagbag.py:545} INFO - Filling up the DagBag from /opt/airflow/dags/youtube_extraction.py
[2026-09-16T10:29:10.314+0000] {processor.py:840} INFO - DAG(s) 'youtube_extraction' retrieved from /opt/airflow/dags/youtube_extraction.py
[2026-09-16T10:29:10.345+0000] {logging_mixin.py:188} INFO - [2026-09-16T10:29:10.345+0000] {dag.py:3096} INFO - Sync 1 DAGs
[2026-09-16T10:29:10.360+0000] {logging_mixin.py:188} INFO - [2026-09-16T10:29:10.359+0000] {dag.py:3954} INFO - Setting next_dagrun for youtube_extraction to None, run_after=None
[2026-09-16T10:29:10.386+0000] {processor.py:183} INFO - Processing /opt/airflow/dags/youtube_extraction.py took 0.102 seconds
[2026-09-16T10:29:40.510+0000] {processor.py:161} INFO - Started process (PID=2661) to work on /opt/airflow/dags/youtube_extraction.py
[2026-09-16T10:29:40.512+0000] {processor.py:830} INFO - Processing file /opt/airflow/dags/youtube_extraction.py for tasks to queue
[2026-09-16T10:29:40.516+0000] {logging_mixin.py:188} INFO - [2026-09-16T10:29:40.515+0000] {dagbag.py:545} INFO - Filling up the DagBag from /opt/airflow/dags/youtube_extraction.py
[2026-09-16T10:29:40.532+0000] {processor.py:840} INFO - DAG(s) 'youtube_extraction' retrieved from /opt/airflow/dags/youtube_extraction.py
[2026-09-16T10:29:40.564+0000] {logging_mixin.py:188} INFO - [2026-09-16T10:29:40.564+0000] {dag.py:3096} INFO - Sync 1 DAGs
[2026-09-16T10:29:40.579+0000] {logging_mixin.py:188} INFO - [2026-09-16T10:29:40.578+0000] {dag.py:3954} INFO - Setting next_dagrun for youtube_extraction to None, run_after=None
[2026-09-16T10:29:40.611+0000] {processor.py:183} INFO - Processing /opt/airflow/dags/youtube_extraction.py took 0.109 seconds
[2026-09-16T10:30:10.741+0000] {processor.py:161} INFO - Started process (PID=2672) to work on /opt/airflow/dags/youtube_extraction.py
[2026-09-16T10:30:10.744+0000] {processor.py:830} INFO - Processing file /opt/airflow/dags/youtube_extraction.py for tasks to queue
[2026-09-16T10:30:10.747+0000] {logging_mixin.py:188} INFO - [2026-09-16T10:30:10.746+0000] {dagbag.py:545} INFO - Filling up the DagBag from /opt/airflow/dags/youtube_extraction.py
[2026-09-16T10:30:10.764+0000] {processor.py:840} INFO - DAG(s) 'youtube_extraction' retrieved from /opt/airflow/dags/youtube_extraction.py
[2026-09-16T10:30:10.798+0000] {logging_mixin.py:188} INFO - [2026-09-16T10:30:10.798+0000] {dag.py:3096} INFO - Sync 1 DAGs
[2026-09-16T10:30:10.812+0000] {logging_mixin.py:188} INFO - [2026-09-16T10:30:10.811+0000] {dag.py:3954} INFO - Setting next_dagrun for youtube_extraction to None, run_after=None
[2026-09-16T10:30:10.843+0000] {processor.py:183} INFO - Processing /opt/airflow/dags/youtube_extraction.py took 0.109 seconds
[2026-09-16T10:30:40.996+0000] {processor.py:161} INFO - Started process (PID=2683) to work on /opt/airflow/dags/youtube_extraction.py
[2026-09-16T10:30:40.998+0000] {processor.py:830} INFO - Processing file /opt/airflow/dags/youtube_extraction.py for tasks to queue
[2026-09-16T10:30:41.001+0000] {logging_mixin.py:188} INFO - [2026-09-16T10:30:41.001+0000] {dagbag.py:545} INFO - Filling up the DagBag from /opt/airflow/dags/youtube_extraction.py
[2026-09-16T10:30:41.020+0000] {processor.py:840} INFO - DAG(s) 'youtube_extraction' retrieved from /opt/airflow/dags/youtube_extraction.py
[2026-09-16T10:30:41.054+0000] {logging_mixin.py:188} INFO - [2026-09-16T10:30:41.053+0000] {dag.py:3096} INFO - Sync 1 DAGs
[2026-09-16T10:30:41.076+0000] {logging_mixin.py:188} INFO - [2026-09-16T10:30:41.076+0000] {dag.py:3954} INFO - Setting next_dagrun for youtube_extraction to None, run_after=None
[2026-09-16T10:30:41.112+0000] {processor.py:183} INFO - Processing /opt/airflow/dags/youtube_extraction.py took 0.128 seconds
[2026-09-16T10:31:11.202+0000] {processor.py:161} INFO - Started process (PID=2694) to work on /opt/airflow/dags/youtube_extraction.py
[2026-09-16T10:31:11.204+0000] {processor.py:830} INFO - Processing file /opt/airflow/dags/youtube_extraction.py for tasks to queue
[2026-09-16T10:31:11.207+0000] {logging_mixin.py:188} INFO - [2026-09-16T10:31:11.207+0000] {dagbag.py:545} INFO - Filling up the DagBag from /opt/airflow/dags/youtube_extraction.py
[2026-09-16T10:31:11.223+0000] {processor.py:840} INFO - DAG(s) 'youtube_extraction' retrieved from /opt/airflow/dags/youtube_extraction.py
[2026-09-16T10:31:11.256+0000] {logging_mixin.py:188} INFO - [2026-09-16T10:31:11.256+0000] {dag.py:3096} INFO - Sync 1 DAGs
[2026-09-16T10:31:11.273+0000] {logging_mixin.py:188} INFO - [2026-09-16T10:31:11.272+0000] {dag.py:3954} INFO - Setting next_dagrun for youtube_extraction to None, run_after=None
[2026-09-16T10:31:11.303+0000] {processor.py:183} INFO - Processing /opt/airflow/dags/youtube_extraction.py took 0.108 seconds
[2026-09-16T10:31:41.483+0000] {processor.py:161} INFO - Started process (PID=2705) to work on /opt/airflow/dags/youtube_extraction.py
[2026-09-16T10:31:41.485+0000] {processor.py:830} INFO - Processing file /opt/airflow/dags/youtube_extraction.py for tasks to queue
[2026-09-16T10:31:41.488+0000] {logging_mixin.py:188} INFO - [2026-09-16T10:31:41.488+0000] {dagbag.py:545} INFO - Filling up the DagBag from /opt/airflow/dags/youtube_extraction.py
[2026-09-16T10:31:41.504+0000] {processor.py:840} INFO - DAG(s) 'youtube_extraction' retrieved from /opt/airflow/dags/youtube_extraction.py
[2026-09-16T10:31:41.534+0000] {logging_mixin.py:188} INFO - [2026-09-16T10:31:41.533+0000] {dag.py:3096} INFO - Sync 1 DAGs
[2026-09-16T10:31:41.547+0000] {logging_mixin.py:188} INFO - [2026-09-16T10:31:41.547+0000] {dag.py:3954} INFO - Setting next_dagrun for youtube_extraction to None, run_after=None
[2026-09-16T10:31:41.578+0000] {processor.py:183} INFO - Processing /opt/airflow/dags/youtube_extraction.py took 0.101 seconds
[2026-09-16T10:32:11.660+0000] {processor.py:161} INFO - Started process (PID=2716) to work on /opt/airflow/dags/youtube_extraction.py
[2026-09-16T10:32:11.663+0000] {processor.py:830} INFO - Processing file /opt/airflow/dags/youtube_extraction.py for tasks to queue
[2026-09-16T10:32:11.674+0000] {logging_mixin.py:188} INFO - [2026-09-16T10:32:11.674+0000] {dagbag.py:545} INFO - Filling up the DagBag from /opt/airflow/dags/youtube_extraction.py
[2026-09-16T10:32:11.692+0000] {processor.py:840} INFO - DAG(s) 'youtube_extraction' retrieved from /opt/airflow/dags/youtube_extraction.py
[2026-09-16T10:32:11.726+0000] {logging_mixin.py:188} INFO - [2026-09-16T10:32:11.726+0000] {dag.py:3096} INFO - Sync 1 DAGs
[2026-09-16T10:32:11.742+0000] {logging_mixin.py:188} INFO - [2026-09-16T10:32:11.741+0000] {dag.py:3954} INFO - Setting next_dagrun for youtube_extraction to None, run_after=None
[2026-09-16T10:32:11.774+0000] {processor.py:183} INFO - Processing /opt/airflow/dags/youtube_extraction.py took 0.121 seconds
[2026-09-16T10:32:41.950+0000] {processor.py:161} INFO - Started process (PID=2727) to work on /opt/airflow/dags/youtube_extraction.py
[2026-09-16T10:32:41.952+0000] {processor.py:830} INFO - Processing file /opt/airflow/dags/youtube_extraction.py for tasks to queue
[2026-09-16T10:32:41.956+0000] {logging_mixin.py:188} INFO - [2026-09-16T10:32:41.955+0000] {dagbag.py:545} INFO - Filling up the DagBag from /opt/airflow/dags/youtube_extraction.py
[2026-09-16T10:32:41.971+0000] {processor.py:840} INFO - DAG(s) 'youtube_extraction' retrieved from /opt/airflow/dags/youtube_extraction.py
[2026-09-16T10:32:42.006+0000] {logging_mixin.py:188} INFO - [2026-09-16T10:32:42.005+0000] {dag.py:3096} INFO - Sync 1 DAGs
[2026-09-16T10:32:42.023+0000] {logging_mixin.py:188} INFO - [2026-09-16T10:32:42.023+0000] {dag.py:3954} INFO - Setting next_dagrun for youtube_extraction to None, run_after=None
[2026-09-16T10:32:42.057+0000] {processor.py:183} INFO - Processing /opt/airflow/dags/youtube_extraction.py took 0.114 seconds
[2026-09-16T10:33:12.131+0000] {processor.py:161} INFO - Started process (PID=2738) to work on /opt/airflow/dags/youtube_extraction.py
[2026-09-16T10:33:12.133+0000] {processor.py:830} INFO - Processing file /opt/airflow/dags/youtube_extraction.py for tasks to queue
[2026-09-16T10:33:12.137+0000] {logging_mixin.py:188} INFO - [2026-09-16T10:33:12.136+0000] {dagbag.py:545} INFO - Filling up the DagBag from /opt/airflow/dags/youtube_extraction.py
[2026-09-16T10:33:12.154+0000] {processor.py:840} INFO - DAG(s) 'youtube_extraction' retrieved from /opt/airflow/dags/youtube_extraction.py
[2026-09-16T10:33:12.188+0000] {logging_mixin.py:188} INFO - [2026-09-16T10:33:12.187+0000] {dag.py:3096} INFO - Sync 1 DAGs
[2026-09-16T10:33:12.204+0000] {logging_mixin.py:188} INFO - [2026-09-16T10:33:12.204+0000] {dag.py:3954} INFO - Setting next_dagrun for youtube_extraction to None, run_after=None
[2026-09-16T10:33:12.231+0000] {processor.py:183} INFO - Processing /opt/airflow/dags/youtube_extraction.py took 0.109 seconds
[2026-09-16T10:33:42.402+0000] {processor.py:161} INFO - Started process (PID=2749) to work on /opt/airflow/dags/youtube_extraction.py
[2026-09-16T10:33:42.404+0000] {processor.py:830} INFO - Processing file /opt/airflow/dags/youtube_extraction.py for tasks to queue
[2026-09-16T10:33:42.407+0000] {logging_mixin.py:188} INFO - [2026-09-16T10:33:42.407+0000] {dagbag.py:545} INFO - Filling up the DagBag from /opt/airflow/dags/youtube_extraction.py
[2026-09-16T10:33:42.424+0000] {processor.py:840} INFO - DAG(s) 'youtube_extraction' retrieved from /opt/airflow/dags/youtube_extraction.py
[2026-09-16T10:33:42.457+0000] {logging_mixin.py:188} INFO - [2026-09-16T10:33:42.457+0000] {dag.py:3096} INFO - Sync 1 DAGs
[2026-09-16T10:33:42.475+0000] {logging_mixin.py:188} INFO - [2026-09-16T10:33:42.475+0000] {dag.py:3954} INFO - Setting next_dagrun for youtube_extraction to None, run_after=None
[2026-09-16T10:33:42.503+0000] {processor.py:183} INFO - Processing /opt/airflow/dags/youtube_extraction.py took 0.107 seconds
[2026-09-16T10:34:12.583+0000] {processor.py:161} INFO - Started process (PID=2760) to work on /opt/airflow/dags/youtube_extraction.py
[2026-09-16T10:34:12.587+0000] {processor.py:830} INFO - Processing file /opt/airflow/dags/youtube_extraction.py for tasks to queue
[2026-09-16T10:34:12.591+0000] {logging_mixin.py:188} INFO - [2026-09-16T10:34:12.591+0000] {dagbag.py:545} INFO - Filling up the DagBag from /opt/airflow/dags/youtube_extraction.py
[2026-09-16T10:34:12.607+0000] {processor.py:840} INFO - DAG(s) 'youtube_extraction' retrieved from /opt/airflow/dags/youtube_extraction.py
[2026-09-16T10:34:12.639+0000] {logging_mixin.py:188} INFO - [2026-09-16T10:34:12.639+0000] {dag.py:3096} INFO - Sync 1 DAGs
[2026-09-16T10:34:12.655+0000] {logging_mixin.py:188} INFO - [2026-09-16T10:34:12.654+0000] {dag.py:3954} INFO - Setting next_dagrun for youtube_extraction to None, run_after=None
[2026-09-16T10:34:12.685+0000] {processor.py:183} INFO - Processing /opt/airflow/dags/youtube_extraction.py took 0.110 seconds
[2026-09-16T10:34:42.850+0000] {processor.py:161} INFO - Started process (PID=2771) to work on /opt/airflow/dags/youtube_extraction.py
[2026-09-16T10:34:42.852+0000] {processor.py:830} INFO - Processing file /opt/airflow/dags/youtube_extraction.py for tasks to queue
[2026-09-16T10:34:42.855+0000] {logging_mixin.py:188} INFO - [2026-09-16T10:34:42.855+0000] {dagbag.py:545} INFO - Filling up the DagBag from /opt/airflow/dags/youtube_extraction.py
[2026-09-16T10:34:42.873+0000] {processor.py:840} INFO - DAG(s) 'youtube_extraction' retrieved from /opt/airflow/dags/youtube_extraction.py
[2026-09-16T10:34:42.904+0000] {logging_mixin.py:188} INFO - [2026-09-16T10:34:42.904+0000] {dag.py:3096} INFO - Sync 1 DAGs
[2026-09-16T10:34:42.919+0000] {logging_mixin.py:188} INFO - [2026-09-16T10:34:42.918+0000] {dag.py:3954} INFO - Setting next_dagrun for youtube_extraction to None, run_after=None
[2026-09-16T10:34:42.952+0000] {processor.py:183} INFO - Processing /opt/airflow/dags/youtube_extraction.py took 0.108 seconds
[2026-09-16T10:35:13.033+0000] {processor.py:161} INFO - Started process (PID=2782) to work on /opt/airflow/dags/youtube_extraction.py
[2026-09-16T10:35:13.037+0000] {processor.py:830} INFO - Processing file /opt/airflow/dags/youtube_extraction.py for tasks to queue
[2026-09-16T10:35:13.040+0000] {logging_mixin.py:188} INFO - [2026-09-16T10:35:13.039+0000] {dagbag.py:545} INFO - Filling up the DagBag from /opt/airflow/dags/youtube_extraction.py
[2026-09-16T10:35:13.056+0000] {processor.py:840} INFO - DAG(s) 'youtube_extraction' retrieved from /opt/airflow/dags/youtube_extraction.py
[2026-09-16T10:35:13.087+0000] {logging_mixin.py:188} INFO - [2026-09-16T10:35:13.087+0000] {dag.py:3096} INFO - Sync 1 DAGs
[2026-09-16T10:35:13.102+0000] {logging_mixin.py:188} INFO - [2026-09-16T10:35:13.102+0000] {dag.py:3954} INFO - Setting next_dagrun for youtube_extraction to None, run_after=None
[2026-09-16T10:35:13.135+0000] {processor.py:183} INFO - Processing /opt/airflow/dags/youtube_extraction.py took 0.109 seconds
[2026-09-16T10:35:43.301+0000] {processor.py:161} INFO - Started process (PID=2793) to work on /opt/airflow/dags/youtube_extraction.py
[2026-09-16T10:35:43.303+0000] {processor.py:830} INFO - Processing file /opt/airflow/dags/youtube_extraction.py for tasks to queue
[2026-09-16T10:35:43.305+0000] {logging_mixin.py:188} INFO - [2026-09-16T10:35:43.305+0000] {dagbag.py:545} INFO - Filling up the DagBag from /opt/airflow/dags/youtube_extraction.py
[2026-09-16T10:35:43.322+0000] {processor.py:840} INFO - DAG(s) 'youtube_extraction' retrieved from /opt/airflow/dags/youtube_extraction.py
[2026-09-16T10:35:43.354+0000] {logging_mixin.py:188} INFO - [2026-09-16T10:35:43.354+0000] {dag.py:3096} INFO - Sync 1 DAGs
[2026-09-16T10:35:43.371+0000] {logging_mixin.py:188} INFO - [2026-09-16T10:35:43.371+0000] {dag.py:3954} INFO - Setting next_dagrun for youtube_extraction to None, run_after=None
[2026-09-16T10:35:43.411+0000] {processor.py:183} INFO - Processing /opt/airflow/dags/youtube_extraction.py took 0.117 seconds
[2026-09-16T10:36:13.483+0000] {processor.py:161} INFO - Started process (PID=2804) to work on /opt/airflow/dags/youtube_extraction.py
[2026-09-16T10:36:13.487+0000] {processor.py:830} INFO - Processing file /opt/airflow/dags/youtube_extraction.py for tasks to queue
[2026-09-16T10:36:13.490+0000] {logging_mixin.py:188} INFO - [2026-09-16T10:36:13.489+0000] {dagbag.py:545} INFO - Filling up the DagBag from /opt/airflow/dags/youtube_extraction.py
[2026-09-16T10:36:13.507+0000] {processor.py:840} INFO - DAG(s) 'youtube_extraction' retrieved from /opt/airflow/dags/youtube_extraction.py
[2026-09-16T10:36:13.537+0000] {logging_mixin.py:188} INFO - [2026-09-16T10:36:13.537+0000] {dag.py:3096} INFO - Sync 1 DAGs
[2026-09-16T10:36:13.553+0000] {logging_mixin.py:188} INFO - [2026-09-16T10:36:13.553+0000] {dag.py:3954} INFO - Setting next_dagrun for youtube_extraction to None, run_after=None
[2026-09-16T10:36:13.587+0000] {processor.py:183} INFO - Processing /opt/airflow/dags/youtube_extraction.py took 0.111 seconds
[2026-09-16T10:36:43.771+0000] {processor.py:161} INFO - Started process (PID=2815) to work on /opt/airflow/dags/youtube_extraction.py
[2026-09-16T10:36:43.773+0000] {processor.py:830} INFO - Processing file /opt/airflow/dags/youtube_extraction.py for tasks to queue
[2026-09-16T10:36:43.776+0000] {logging_mixin.py:188} INFO - [2026-09-16T10:36:43.775+0000] {dagbag.py:545} INFO - Filling up the DagBag from /opt/airflow/dags/youtube_extraction.py
[2026-09-16T10:36:43.794+0000] {processor.py:840} INFO - DAG(s) 'youtube_extraction' retrieved from /opt/airflow/dags/youtube_extraction.py
[2026-09-16T10:36:43.828+0000] {logging_mixin.py:188} INFO - [2026-09-16T10:36:43.828+0000] {dag.py:3096} INFO - Sync 1 DAGs
[2026-09-16T10:36:43.843+0000] {logging_mixin.py:188} INFO - [2026-09-16T10:36:43.843+0000] {dag.py:3954} INFO - Setting next_dagrun for youtube_extraction to None, run_after=None
[2026-09-16T10:36:43.875+0000] {processor.py:183} INFO - Processing /opt/airflow/dags/youtube_extraction.py took 0.111 seconds
[2026-09-16T10:37:13.953+0000] {processor.py:161} INFO - Started process (PID=2826) to work on /opt/airflow/dags/youtube_extraction.py
[2026-09-16T10:37:13.955+0000] {processor.py:830} INFO - Processing file /opt/airflow/dags/youtube_extraction.py for tasks to queue
[2026-09-16T10:37:13.958+0000] {logging_mixin.py:188} INFO - [2026-09-16T10:37:13.957+0000] {dagbag.py:545} INFO - Filling up the DagBag from /opt/airflow/dags/youtube_extraction.py
[2026-09-16T10:37:13.976+0000] {processor.py:840} INFO - DAG(s) 'youtube_extraction' retrieved from /opt/airflow/dags/youtube_extraction.py
[2026-09-16T10:37:14.009+0000] {logging_mixin.py:188} INFO - [2026-09-16T10:37:14.008+0000] {dag.py:3096} INFO - Sync 1 DAGs
[2026-09-16T10:37:14.025+0000] {logging_mixin.py:188} INFO - [2026-09-16T10:37:14.024+0000] {dag.py:3954} INFO - Setting next_dagrun for youtube_extraction to None, run_after=None
[2026-09-16T10:37:14.055+0000] {processor.py:183} INFO - Processing /opt/airflow/dags/youtube_extraction.py took 0.109 seconds
[2026-09-16T10:37:44.263+0000] {processor.py:161} INFO - Started process (PID=2837) to work on /opt/airflow/dags/youtube_extraction.py
[2026-09-16T10:37:44.265+0000] {processor.py:830} INFO - Processing file /opt/airflow/dags/youtube_extraction.py for tasks to queue
[2026-09-16T10:37:44.269+0000] {logging_mixin.py:188} INFO - [2026-09-16T10:37:44.268+0000] {dagbag.py:545} INFO - Filling up the DagBag from /opt/airflow/dags/youtube_extraction.py
[2026-09-16T10:37:44.288+0000] {processor.py:840} INFO - DAG(s) 'youtube_extraction' retrieved from /opt/airflow/dags/youtube_extraction.py
[2026-09-16T10:37:44.320+0000] {logging_mixin.py:188} INFO - [2026-09-16T10:37:44.319+0000] {dag.py:3096} INFO - Sync 1 DAGs
[2026-09-16T10:37:44.334+0000] {logging_mixin.py:188} INFO - [2026-09-16T10:37:44.334+0000] {dag.py:3954} INFO - Setting next_dagrun for youtube_extraction to None, run_after=None
[2026-09-16T10:37:44.369+0000] {processor.py:183} INFO - Processing /opt/airflow/dags/youtube_extraction.py took 0.113 seconds
[2026-09-16T10:38:14.432+0000] {processor.py:161} INFO - Started process (PID=2848) to work on /opt/airflow/dags/youtube_extraction.py
[2026-09-16T10:38:14.443+0000] {processor.py:830} INFO - Processing file /opt/airflow/dags/youtube_extraction.py for tasks to queue
[2026-09-16T10:38:14.447+0000] {logging_mixin.py:188} INFO - [2026-09-16T10:38:14.446+0000] {dagbag.py:545} INFO - Filling up the DagBag from /opt/airflow/dags/youtube_extraction.py
[2026-09-16T10:38:14.462+0000] {processor.py:840} INFO - DAG(s) 'youtube_extraction' retrieved from /opt/airflow/dags/youtube_extraction.py
[2026-09-16T10:38:14.499+0000] {logging_mixin.py:188} INFO - [2026-09-16T10:38:14.499+0000] {dag.py:3096} INFO - Sync 1 DAGs
[2026-09-16T10:38:14.516+0000] {logging_mixin.py:188} INFO - [2026-09-16T10:38:14.516+0000] {dag.py:3954} INFO - Setting next_dagrun for youtube_extraction to None, run_after=None
[2026-09-16T10:38:14.542+0000] {processor.py:183} INFO - Processing /opt/airflow/dags/youtube_extraction.py took 0.118 seconds
[2026-09-16T10:38:44.720+0000] {processor.py:161} INFO - Started process (PID=2858) to work on /opt/airflow/dags/youtube_extraction.py
[2026-09-16T10:38:44.722+0000] {processor.py:830} INFO - Processing file /opt/airflow/dags/youtube_extraction.py for tasks to queue
[2026-09-16T10:38:44.726+0000] {logging_mixin.py:188} INFO - [2026-09-16T10:38:44.725+0000] {dagbag.py:545} INFO - Filling up the DagBag from /opt/airflow/dags/youtube_extraction.py
[2026-09-16T10:38:44.746+0000] {processor.py:840} INFO - DAG(s) 'youtube_extraction' retrieved from /opt/airflow/dags/youtube_extraction.py
[2026-09-16T10:38:44.784+0000] {logging_mixin.py:188} INFO - [2026-09-16T10:38:44.784+0000] {dag.py:3096} INFO - Sync 1 DAGs
[2026-09-16T10:38:44.800+0000] {logging_mixin.py:188} INFO - [2026-09-16T10:38:44.799+0000] {dag.py:3954} INFO - Setting next_dagrun for youtube_extraction to None, run_after=None
[2026-09-16T10:38:44.835+0000] {processor.py:183} INFO - Processing /opt/airflow/dags/youtube_extraction.py took 0.124 seconds
[2026-09-16T10:39:14.893+0000] {processor.py:161} INFO - Started process (PID=2869) to work on /opt/airflow/dags/youtube_extraction.py
[2026-09-16T10:39:14.895+0000] {processor.py:830} INFO - Processing file /opt/airflow/dags/youtube_extraction.py for tasks to queue
[2026-09-16T10:39:14.898+0000] {logging_mixin.py:188} INFO - [2026-09-16T10:39:14.898+0000] {dagbag.py:545} INFO - Filling up the DagBag from /opt/airflow/dags/youtube_extraction.py
[2026-09-16T10:39:14.916+0000] {processor.py:840} INFO - DAG(s) 'youtube_extraction' retrieved from /opt/airflow/dags/youtube_extraction.py
[2026-09-16T10:39:14.949+0000] {logging_mixin.py:188} INFO - [2026-09-16T10:39:14.949+0000] {dag.py:3096} INFO - Sync 1 DAGs
[2026-09-16T10:39:14.964+0000] {logging_mixin.py:188} INFO - [2026-09-16T10:39:14.964+0000] {dag.py:3954} INFO - Setting next_dagrun for youtube_extraction to None, run_after=None
[2026-09-16T10:39:14.996+0000] {processor.py:183} INFO - Processing /opt/airflow/dags/youtube_extraction.py took 0.111 seconds
[2026-09-16T10:39:45.188+0000] {processor.py:161} INFO - Started process (PID=2880) to work on /opt/airflow/dags/youtube_extraction.py
[2026-09-16T10:39:45.190+0000] {processor.py:830} INFO - Processing file /opt/airflow/dags/youtube_extraction.py for tasks to queue
[2026-09-16T10:39:45.193+0000] {logging_mixin.py:188} INFO - [2026-09-16T10:39:45.193+0000] {dagbag.py:545} INFO - Filling up the DagBag from /opt/airflow/dags/youtube_extraction.py
[2026-09-16T10:39:45.209+0000] {processor.py:840} INFO - DAG(s) 'youtube_extraction' retrieved from /opt/airflow/dags/youtube_extraction.py
[2026-09-16T10:39:45.247+0000] {logging_mixin.py:188} INFO - [2026-09-16T10:39:45.247+0000] {dag.py:3096} INFO - Sync 1 DAGs
[2026-09-16T10:39:45.261+0000] {logging_mixin.py:188} INFO - [2026-09-16T10:39:45.261+0000] {dag.py:3954} INFO - Setting next_dagrun for youtube_extraction to None, run_after=None
[2026-09-16T10:39:45.288+0000] {processor.py:183} INFO - Processing /opt/airflow/dags/youtube_extraction.py took 0.106 seconds
[2026-09-16T10:40:15.374+0000] {processor.py:161} INFO - Started process (PID=2891) to work on /opt/airflow/dags/youtube_extraction.py
[2026-09-16T10:40:15.377+0000] {processor.py:830} INFO - Processing file /opt/airflow/dags/youtube_extraction.py for tasks to queue
[2026-09-16T10:40:15.380+0000] {logging_mixin.py:188} INFO - [2026-09-16T10:40:15.379+0000] {dagbag.py:545} INFO - Filling up the DagBag from /opt/airflow/dags/youtube_extraction.py
[2026-09-16T10:40:15.398+0000] {processor.py:840} INFO - DAG(s) 'youtube_extraction' retrieved from /opt/airflow/dags/youtube_extraction.py
[2026-09-16T10:40:15.432+0000] {logging_mixin.py:188} INFO - [2026-09-16T10:40:15.432+0000] {dag.py:3096} INFO - Sync 1 DAGs
[2026-09-16T10:40:15.447+0000] {logging_mixin.py:188} INFO - [2026-09-16T10:40:15.447+0000] {dag.py:3954} INFO - Setting next_dagrun for youtube_extraction to None, run_after=None
[2026-09-16T10:40:15.481+0000] {processor.py:183} INFO - Processing /opt/airflow/dags/youtube_extraction.py took 0.115 seconds
[2026-09-16T10:40:45.627+0000] {processor.py:161} INFO - Started process (PID=2902) to work on /opt/airflow/dags/youtube_extraction.py
[2026-09-16T10:40:45.630+0000] {processor.py:830} INFO - Processing file /opt/airflow/dags/youtube_extraction.py for tasks to queue
[2026-09-16T10:40:45.633+0000] {logging_mixin.py:188} INFO - [2026-09-16T10:40:45.633+0000] {dagbag.py:545} INFO - Filling up the DagBag from /opt/airflow/dags/youtube_extraction.py
[2026-09-16T10:40:45.650+0000] {processor.py:840} INFO - DAG(s) 'youtube_extraction' retrieved from /opt/airflow/dags/youtube_extraction.py
[2026-09-16T10:40:45.681+0000] {logging_mixin.py:188} INFO - [2026-09-16T10:40:45.680+0000] {dag.py:3096} INFO - Sync 1 DAGs
[2026-09-16T10:40:45.697+0000] {logging_mixin.py:188} INFO - [2026-09-16T10:40:45.697+0000] {dag.py:3954} INFO - Setting next_dagrun for youtube_extraction to None, run_after=None
[2026-09-16T10:40:45.729+0000] {processor.py:183} INFO - Processing /opt/airflow/dags/youtube_extraction.py took 0.111 seconds
[2026-09-16T10:41:15.830+0000] {processor.py:161} INFO - Started process (PID=2913) to work on /opt/airflow/dags/youtube_extraction.py
[2026-09-16T10:41:15.832+0000] {processor.py:830} INFO - Processing file /opt/airflow/dags/youtube_extraction.py for tasks to queue
[2026-09-16T10:41:15.835+0000] {logging_mixin.py:188} INFO - [2026-09-16T10:41:15.835+0000] {dagbag.py:545} INFO - Filling up the DagBag from /opt/airflow/dags/youtube_extraction.py
[2026-09-16T10:41:15.856+0000] {processor.py:840} INFO - DAG(s) 'youtube_extraction' retrieved from /opt/airflow/dags/youtube_extraction.py
[2026-09-16T10:41:15.900+0000] {logging_mixin.py:188} INFO - [2026-09-16T10:41:15.899+0000] {dag.py:3096} INFO - Sync 1 DAGs
[2026-09-16T10:41:15.924+0000] {logging_mixin.py:188} INFO - [2026-09-16T10:41:15.924+0000] {dag.py:3954} INFO - Setting next_dagrun for youtube_extraction to None, run_after=None
[2026-09-16T10:41:15.955+0000] {processor.py:183} INFO - Processing /opt/airflow/dags/youtube_extraction.py took 0.133 seconds
[2026-09-16T10:41:46.089+0000] {processor.py:161} INFO - Started process (PID=2924) to work on /opt/airflow/dags/youtube_extraction.py
[2026-09-16T10:41:46.091+0000] {processor.py:830} INFO - Processing file /opt/airflow/dags/youtube_extraction.py for tasks to queue
[2026-09-16T10:41:46.095+0000] {logging_mixin.py:188} INFO - [2026-09-16T10:41:46.095+0000] {dagbag.py:545} INFO - Filling up the DagBag from /opt/airflow/dags/youtube_extraction.py
[2026-09-16T10:41:46.117+0000] {processor.py:840} INFO - DAG(s) 'youtube_extraction' retrieved from /opt/airflow/dags/youtube_extraction.py
[2026-09-16T10:41:46.150+0000] {logging_mixin.py:188} INFO - [2026-09-16T10:41:46.150+0000] {dag.py:3096} INFO - Sync 1 DAGs
[2026-09-16T10:41:46.166+0000] {logging_mixin.py:188} INFO - [2026-09-16T10:41:46.166+0000] {dag.py:3954} INFO - Setting next_dagrun for youtube_extraction to None, run_after=None
[2026-09-16T10:41:46.200+0000] {processor.py:183} INFO - Processing /opt/airflow/dags/youtube_extraction.py took 0.119 seconds
[2026-09-16T10:42:16.309+0000] {processor.py:161} INFO - Started process (PID=2935) to work on /opt/airflow/dags/youtube_extraction.py
[2026-09-16T10:42:16.313+0000] {processor.py:830} INFO - Processing file /opt/airflow/dags/youtube_extraction.py for tasks to queue
[2026-09-16T10:42:16.316+0000] {logging_mixin.py:188} INFO - [2026-09-16T10:42:16.316+0000] {dagbag.py:545} INFO - Filling up the DagBag from /opt/airflow/dags/youtube_extraction.py
[2026-09-16T10:42:16.332+0000] {processor.py:840} INFO - DAG(s) 'youtube_extraction' retrieved from /opt/airflow/dags/youtube_extraction.py
[2026-09-16T10:42:16.365+0000] {logging_mixin.py:188} INFO - [2026-09-16T10:42:16.365+0000] {dag.py:3096} INFO - Sync 1 DAGs
[2026-09-16T10:42:16.382+0000] {logging_mixin.py:188} INFO - [2026-09-16T10:42:16.382+0000] {dag.py:3954} INFO - Setting next_dagrun for youtube_extraction to None, run_after=None
[2026-09-16T10:42:16.414+0000] {processor.py:183} INFO - Processing /opt/airflow/dags/youtube_extraction.py took 0.113 seconds
[2026-09-16T10:42:46.577+0000] {processor.py:161} INFO - Started process (PID=2946) to work on /opt/airflow/dags/youtube_extraction.py
[2026-09-16T10:42:46.579+0000] {processor.py:830} INFO - Processing file /opt/airflow/dags/youtube_extraction.py for tasks to queue
[2026-09-16T10:42:46.582+0000] {logging_mixin.py:188} INFO - [2026-09-16T10:42:46.582+0000] {dagbag.py:545} INFO - Filling up the DagBag from /opt/airflow/dags/youtube_extraction.py
[2026-09-16T10:42:46.599+0000] {processor.py:840} INFO - DAG(s) 'youtube_extraction' retrieved from /opt/airflow/dags/youtube_extraction.py
[2026-09-16T10:42:46.630+0000] {logging_mixin.py:188} INFO - [2026-09-16T10:42:46.630+0000] {dag.py:3096} INFO - Sync 1 DAGs
[2026-09-16T10:42:46.645+0000] {logging_mixin.py:188} INFO - [2026-09-16T10:42:46.644+0000] {dag.py:3954} INFO - Setting next_dagrun for youtube_extraction to None, run_after=None
[2026-09-16T10:42:46.680+0000] {processor.py:183} INFO - Processing /opt/airflow/dags/youtube_extraction.py took 0.110 seconds
[2026-09-16T10:43:16.760+0000] {processor.py:161} INFO - Started process (PID=2957) to work on /opt/airflow/dags/youtube_extraction.py
[2026-09-16T10:43:16.762+0000] {processor.py:830} INFO - Processing file /opt/airflow/dags/youtube_extraction.py for tasks to queue
[2026-09-16T10:43:16.765+0000] {logging_mixin.py:188} INFO - [2026-09-16T10:43:16.764+0000] {dagbag.py:545} INFO - Filling up the DagBag from /opt/airflow/dags/youtube_extraction.py
[2026-09-16T10:43:16.781+0000] {processor.py:840} INFO - DAG(s) 'youtube_extraction' retrieved from /opt/airflow/dags/youtube_extraction.py
[2026-09-16T10:43:16.813+0000] {logging_mixin.py:188} INFO - [2026-09-16T10:43:16.813+0000] {dag.py:3096} INFO - Sync 1 DAGs
[2026-09-16T10:43:16.827+0000] {logging_mixin.py:188} INFO - [2026-09-16T10:43:16.826+0000] {dag.py:3954} INFO - Setting next_dagrun for youtube_extraction to None, run_after=None
[2026-09-16T10:43:16.859+0000] {processor.py:183} INFO - Processing /opt/airflow/dags/youtube_extraction.py took 0.107 seconds
[2026-09-16T10:43:47.038+0000] {processor.py:161} INFO - Started process (PID=2968) to work on /opt/airflow/dags/youtube_extraction.py
[2026-09-16T10:43:47.041+0000] {processor.py:830} INFO - Processing file /opt/airflow/dags/youtube_extraction.py for tasks to queue
[2026-09-16T10:43:47.045+0000] {logging_mixin.py:188} INFO - [2026-09-16T10:43:47.045+0000] {dagbag.py:545} INFO - Filling up the DagBag from /opt/airflow/dags/youtube_extraction.py
[2026-09-16T10:43:47.062+0000] {processor.py:840} INFO - DAG(s) 'youtube_extraction' retrieved from /opt/airflow/dags/youtube_extraction.py
[2026-09-16T10:43:47.093+0000] {logging_mixin.py:188} INFO - [2026-09-16T10:43:47.092+0000] {dag.py:3096} INFO - Sync 1 DAGs
[2026-09-16T10:43:47.109+0000] {logging_mixin.py:188} INFO - [2026-09-16T10:43:47.109+0000] {dag.py:3954} INFO - Setting next_dagrun for youtube_extraction to None, run_after=None
[2026-09-16T10:43:47.136+0000] {processor.py:183} INFO - Processing /opt/airflow/dags/youtube_extraction.py took 0.105 seconds
[2026-09-16T10:44:17.213+0000] {processor.py:161} INFO - Started process (PID=2979) to work on /opt/airflow/dags/youtube_extraction.py
[2026-09-16T10:44:17.216+0000] {processor.py:830} INFO - Processing file /opt/airflow/dags/youtube_extraction.py for tasks to queue
[2026-09-16T10:44:17.220+0000] {logging_mixin.py:188} INFO - [2026-09-16T10:44:17.219+0000] {dagbag.py:545} INFO - Filling up the DagBag from /opt/airflow/dags/youtube_extraction.py
[2026-09-16T10:44:17.236+0000] {processor.py:840} INFO - DAG(s) 'youtube_extraction' retrieved from /opt/airflow/dags/youtube_extraction.py
[2026-09-16T10:44:17.267+0000] {logging_mixin.py:188} INFO - [2026-09-16T10:44:17.267+0000] {dag.py:3096} INFO - Sync 1 DAGs
[2026-09-16T10:44:17.288+0000] {logging_mixin.py:188} INFO - [2026-09-16T10:44:17.288+0000] {dag.py:3954} INFO - Setting next_dagrun for youtube_extraction to None, run_after=None
[2026-09-16T10:44:17.321+0000] {processor.py:183} INFO - Processing /opt/airflow/dags/youtube_extraction.py took 0.115 seconds
[2026-09-16T10:44:47.490+0000] {processor.py:161} INFO - Started process (PID=2989) to work on /opt/airflow/dags/youtube_extraction.py
[2026-09-16T10:44:47.492+0000] {processor.py:830} INFO - Processing file /opt/airflow/dags/youtube_extraction.py for tasks to queue
[2026-09-16T10:44:47.495+0000] {logging_mixin.py:188} INFO - [2026-09-16T10:44:47.494+0000] {dagbag.py:545} INFO - Filling up the DagBag from /opt/airflow/dags/youtube_extraction.py
[2026-09-16T10:44:47.513+0000] {processor.py:840} INFO - DAG(s) 'youtube_extraction' retrieved from /opt/airflow/dags/youtube_extraction.py
[2026-09-16T10:44:47.544+0000] {logging_mixin.py:188} INFO - [2026-09-16T10:44:47.543+0000] {dag.py:3096} INFO - Sync 1 DAGs
[2026-09-16T10:44:47.559+0000] {logging_mixin.py:188} INFO - [2026-09-16T10:44:47.559+0000] {dag.py:3954} INFO - Setting next_dagrun for youtube_extraction to None, run_after=None
[2026-09-16T10:44:47.595+0000] {processor.py:183} INFO - Processing /opt/airflow/dags/youtube_extraction.py took 0.112 seconds
[2026-09-16T10:45:17.674+0000] {processor.py:161} INFO - Started process (PID=3000) to work on /opt/airflow/dags/youtube_extraction.py
[2026-09-16T10:45:17.676+0000] {processor.py:830} INFO - Processing file /opt/airflow/dags/youtube_extraction.py for tasks to queue
[2026-09-16T10:45:17.679+0000] {logging_mixin.py:188} INFO - [2026-09-16T10:45:17.679+0000] {dagbag.py:545} INFO - Filling up the DagBag from /opt/airflow/dags/youtube_extraction.py
[2026-09-16T10:45:17.701+0000] {processor.py:840} INFO - DAG(s) 'youtube_extraction' retrieved from /opt/airflow/dags/youtube_extraction.py
[2026-09-16T10:45:17.736+0000] {logging_mixin.py:188} INFO - [2026-09-16T10:45:17.735+0000] {dag.py:3096} INFO - Sync 1 DAGs
[2026-09-16T10:45:17.751+0000] {logging_mixin.py:188} INFO - [2026-09-16T10:45:17.751+0000] {dag.py:3954} INFO - Setting next_dagrun for youtube_extraction to None, run_after=None
[2026-09-16T10:45:17.781+0000] {processor.py:183} INFO - Processing /opt/airflow/dags/youtube_extraction.py took 0.115 seconds
[2026-09-16T10:45:47.948+0000] {processor.py:161} INFO - Started process (PID=3011) to work on /opt/airflow/dags/youtube_extraction.py
[2026-09-16T10:45:47.950+0000] {processor.py:830} INFO - Processing file /opt/airflow/dags/youtube_extraction.py for tasks to queue
[2026-09-16T10:45:47.953+0000] {logging_mixin.py:188} INFO - [2026-09-16T10:45:47.953+0000] {dagbag.py:545} INFO - Filling up the DagBag from /opt/airflow/dags/youtube_extraction.py
[2026-09-16T10:45:47.971+0000] {processor.py:840} INFO - DAG(s) 'youtube_extraction' retrieved from /opt/airflow/dags/youtube_extraction.py
[2026-09-16T10:45:48.003+0000] {logging_mixin.py:188} INFO - [2026-09-16T10:45:48.002+0000] {dag.py:3096} INFO - Sync 1 DAGs
[2026-09-16T10:45:48.018+0000] {logging_mixin.py:188} INFO - [2026-09-16T10:45:48.018+0000] {dag.py:3954} INFO - Setting next_dagrun for youtube_extraction to None, run_after=None
[2026-09-16T10:45:48.050+0000] {processor.py:183} INFO - Processing /opt/airflow/dags/youtube_extraction.py took 0.108 seconds
[2026-09-16T10:46:18.127+0000] {processor.py:161} INFO - Started process (PID=3022) to work on /opt/airflow/dags/youtube_extraction.py
[2026-09-16T10:46:18.129+0000] {processor.py:830} INFO - Processing file /opt/airflow/dags/youtube_extraction.py for tasks to queue
[2026-09-16T10:46:18.133+0000] {logging_mixin.py:188} INFO - [2026-09-16T10:46:18.132+0000] {dagbag.py:545} INFO - Filling up the DagBag from /opt/airflow/dags/youtube_extraction.py
[2026-09-16T10:46:18.153+0000] {processor.py:840} INFO - DAG(s) 'youtube_extraction' retrieved from /opt/airflow/dags/youtube_extraction.py
[2026-09-16T10:46:18.187+0000] {logging_mixin.py:188} INFO - [2026-09-16T10:46:18.187+0000] {dag.py:3096} INFO - Sync 1 DAGs
[2026-09-16T10:46:18.203+0000] {logging_mixin.py:188} INFO - [2026-09-16T10:46:18.203+0000] {dag.py:3954} INFO - Setting next_dagrun for youtube_extraction to None, run_after=None
[2026-09-16T10:46:18.230+0000] {processor.py:183} INFO - Processing /opt/airflow/dags/youtube_extraction.py took 0.110 seconds
[2026-09-16T10:46:48.403+0000] {processor.py:161} INFO - Started process (PID=3033) to work on /opt/airflow/dags/youtube_extraction.py
[2026-09-16T10:46:48.405+0000] {processor.py:830} INFO - Processing file /opt/airflow/dags/youtube_extraction.py for tasks to queue
[2026-09-16T10:46:48.409+0000] {logging_mixin.py:188} INFO - [2026-09-16T10:46:48.408+0000] {dagbag.py:545} INFO - Filling up the DagBag from /opt/airflow/dags/youtube_extraction.py
[2026-09-16T10:46:48.426+0000] {processor.py:840} INFO - DAG(s) 'youtube_extraction' retrieved from /opt/airflow/dags/youtube_extraction.py
[2026-09-16T10:46:48.459+0000] {logging_mixin.py:188} INFO - [2026-09-16T10:46:48.459+0000] {dag.py:3096} INFO - Sync 1 DAGs
[2026-09-16T10:46:48.474+0000] {logging_mixin.py:188} INFO - [2026-09-16T10:46:48.474+0000] {dag.py:3954} INFO - Setting next_dagrun for youtube_extraction to None, run_after=None
[2026-09-16T10:46:48.500+0000] {processor.py:183} INFO - Processing /opt/airflow/dags/youtube_extraction.py took 0.103 seconds
[2026-09-16T10:47:18.576+0000] {processor.py:161} INFO - Started process (PID=3044) to work on /opt/airflow/dags/youtube_extraction.py
[2026-09-16T10:47:18.578+0000] {processor.py:830} INFO - Processing file /opt/airflow/dags/youtube_extraction.py for tasks to queue
[2026-09-16T10:47:18.582+0000] {logging_mixin.py:188} INFO - [2026-09-16T10:47:18.581+0000] {dagbag.py:545} INFO - Filling up the DagBag from /opt/airflow/dags/youtube_extraction.py
[2026-09-16T10:47:18.597+0000] {processor.py:840} INFO - DAG(s) 'youtube_extraction' retrieved from /opt/airflow/dags/youtube_extraction.py
[2026-09-16T10:47:18.628+0000] {logging_mixin.py:188} INFO - [2026-09-16T10:47:18.628+0000] {dag.py:3096} INFO - Sync 1 DAGs
[2026-09-16T10:47:18.642+0000] {logging_mixin.py:188} INFO - [2026-09-16T10:47:18.642+0000] {dag.py:3954} INFO - Setting next_dagrun for youtube_extraction to None, run_after=None
[2026-09-16T10:47:18.676+0000] {processor.py:183} INFO - Processing /opt/airflow/dags/youtube_extraction.py took 0.107 seconds
[2026-09-16T10:47:48.873+0000] {processor.py:161} INFO - Started process (PID=3055) to work on /opt/airflow/dags/youtube_extraction.py
[2026-09-16T10:47:48.875+0000] {processor.py:830} INFO - Processing file /opt/airflow/dags/youtube_extraction.py for tasks to queue
[2026-09-16T10:47:48.878+0000] {logging_mixin.py:188} INFO - [2026-09-16T10:47:48.878+0000] {dagbag.py:545} INFO - Filling up the DagBag from /opt/airflow/dags/youtube_extraction.py
[2026-09-16T10:47:48.897+0000] {processor.py:840} INFO - DAG(s) 'youtube_extraction' retrieved from /opt/airflow/dags/youtube_extraction.py
[2026-09-16T10:47:48.931+0000] {logging_mixin.py:188} INFO - [2026-09-16T10:47:48.930+0000] {dag.py:3096} INFO - Sync 1 DAGs
[2026-09-16T10:47:48.947+0000] {logging_mixin.py:188} INFO - [2026-09-16T10:47:48.947+0000] {dag.py:3954} INFO - Setting next_dagrun for youtube_extraction to None, run_after=None
[2026-09-16T10:47:48.980+0000] {processor.py:183} INFO - Processing /opt/airflow/dags/youtube_extraction.py took 0.115 seconds
[2026-09-16T10:48:19.050+0000] {processor.py:161} INFO - Started process (PID=3066) to work on /opt/airflow/dags/youtube_extraction.py
[2026-09-16T10:48:19.053+0000] {processor.py:830} INFO - Processing file /opt/airflow/dags/youtube_extraction.py for tasks to queue
[2026-09-16T10:48:19.056+0000] {logging_mixin.py:188} INFO - [2026-09-16T10:48:19.056+0000] {dagbag.py:545} INFO - Filling up the DagBag from /opt/airflow/dags/youtube_extraction.py
[2026-09-16T10:48:19.072+0000] {processor.py:840} INFO - DAG(s) 'youtube_extraction' retrieved from /opt/airflow/dags/youtube_extraction.py
[2026-09-16T10:48:19.104+0000] {logging_mixin.py:188} INFO - [2026-09-16T10:48:19.103+0000] {dag.py:3096} INFO - Sync 1 DAGs
[2026-09-16T10:48:19.122+0000] {logging_mixin.py:188} INFO - [2026-09-16T10:48:19.121+0000] {dag.py:3954} INFO - Setting next_dagrun for youtube_extraction to None, run_after=None
[2026-09-16T10:48:19.155+0000] {processor.py:183} INFO - Processing /opt/airflow/dags/youtube_extraction.py took 0.112 seconds
[2026-09-16T10:48:49.330+0000] {processor.py:161} INFO - Started process (PID=3077) to work on /opt/airflow/dags/youtube_extraction.py
[2026-09-16T10:48:49.332+0000] {processor.py:830} INFO - Processing file /opt/airflow/dags/youtube_extraction.py for tasks to queue
[2026-09-16T10:48:49.335+0000] {logging_mixin.py:188} INFO - [2026-09-16T10:48:49.335+0000] {dagbag.py:545} INFO - Filling up the DagBag from /opt/airflow/dags/youtube_extraction.py
[2026-09-16T10:48:49.351+0000] {processor.py:840} INFO - DAG(s) 'youtube_extraction' retrieved from /opt/airflow/dags/youtube_extraction.py
[2026-09-16T10:48:49.382+0000] {logging_mixin.py:188} INFO - [2026-09-16T10:48:49.382+0000] {dag.py:3096} INFO - Sync 1 DAGs
[2026-09-16T10:48:49.398+0000] {logging_mixin.py:188} INFO - [2026-09-16T10:48:49.397+0000] {dag.py:3954} INFO - Setting next_dagrun for youtube_extraction to None, run_after=None
[2026-09-16T10:48:49.429+0000] {processor.py:183} INFO - Processing /opt/airflow/dags/youtube_extraction.py took 0.106 seconds
[2026-09-16T10:49:19.513+0000] {processor.py:161} INFO - Started process (PID=3088) to work on /opt/airflow/dags/youtube_extraction.py
[2026-09-16T10:49:19.515+0000] {processor.py:830} INFO - Processing file /opt/airflow/dags/youtube_extraction.py for tasks to queue
[2026-09-16T10:49:19.519+0000] {logging_mixin.py:188} INFO - [2026-09-16T10:49:19.518+0000] {dagbag.py:545} INFO - Filling up the DagBag from /opt/airflow/dags/youtube_extraction.py
[2026-09-16T10:49:19.541+0000] {processor.py:840} INFO - DAG(s) 'youtube_extraction' retrieved from /opt/airflow/dags/youtube_extraction.py
[2026-09-16T10:49:19.582+0000] {logging_mixin.py:188} INFO - [2026-09-16T10:49:19.581+0000] {dag.py:3096} INFO - Sync 1 DAGs
[2026-09-16T10:49:19.597+0000] {logging_mixin.py:188} INFO - [2026-09-16T10:49:19.596+0000] {dag.py:3954} INFO - Setting next_dagrun for youtube_extraction to None, run_after=None
[2026-09-16T10:49:19.623+0000] {processor.py:183} INFO - Processing /opt/airflow/dags/youtube_extraction.py took 0.120 seconds
[2026-09-16T10:49:49.801+0000] {processor.py:161} INFO - Started process (PID=3099) to work on /opt/airflow/dags/youtube_extraction.py
[2026-09-16T10:49:49.804+0000] {processor.py:830} INFO - Processing file /opt/airflow/dags/youtube_extraction.py for tasks to queue
[2026-09-16T10:49:49.808+0000] {logging_mixin.py:188} INFO - [2026-09-16T10:49:49.807+0000] {dagbag.py:545} INFO - Filling up the DagBag from /opt/airflow/dags/youtube_extraction.py
[2026-09-16T10:49:49.832+0000] {processor.py:840} INFO - DAG(s) 'youtube_extraction' retrieved from /opt/airflow/dags/youtube_extraction.py
[2026-09-16T10:49:49.875+0000] {logging_mixin.py:188} INFO - [2026-09-16T10:49:49.874+0000] {dag.py:3096} INFO - Sync 1 DAGs
[2026-09-16T10:49:49.905+0000] {logging_mixin.py:188} INFO - [2026-09-16T10:49:49.905+0000] {dag.py:3954} INFO - Setting next_dagrun for youtube_extraction to None, run_after=None
[2026-09-16T10:49:49.955+0000] {processor.py:183} INFO - Processing /opt/airflow/dags/youtube_extraction.py took 0.163 seconds
[2026-09-16T10:50:20.160+0000] {processor.py:161} INFO - Started process (PID=3110) to work on /opt/airflow/dags/youtube_extraction.py
[2026-09-16T10:50:20.162+0000] {processor.py:830} INFO - Processing file /opt/airflow/dags/youtube_extraction.py for tasks to queue
[2026-09-16T10:50:20.167+0000] {logging_mixin.py:188} INFO - [2026-09-16T10:50:20.166+0000] {dagbag.py:545} INFO - Filling up the DagBag from /opt/airflow/dags/youtube_extraction.py
[2026-09-16T10:50:20.186+0000] {processor.py:840} INFO - DAG(s) 'youtube_extraction' retrieved from /opt/airflow/dags/youtube_extraction.py
[2026-09-16T10:50:20.223+0000] {logging_mixin.py:188} INFO - [2026-09-16T10:50:20.223+0000] {dag.py:3096} INFO - Sync 1 DAGs
[2026-09-16T10:50:20.240+0000] {logging_mixin.py:188} INFO - [2026-09-16T10:50:20.239+0000] {dag.py:3954} INFO - Setting next_dagrun for youtube_extraction to None, run_after=None
[2026-09-16T10:50:20.274+0000] {processor.py:183} INFO - Processing /opt/airflow/dags/youtube_extraction.py took 0.122 seconds
[2026-09-16T10:50:50.337+0000] {processor.py:161} INFO - Started process (PID=3121) to work on /opt/airflow/dags/youtube_extraction.py
[2026-09-16T10:50:50.340+0000] {processor.py:830} INFO - Processing file /opt/airflow/dags/youtube_extraction.py for tasks to queue
[2026-09-16T10:50:50.343+0000] {logging_mixin.py:188} INFO - [2026-09-16T10:50:50.343+0000] {dagbag.py:545} INFO - Filling up the DagBag from /opt/airflow/dags/youtube_extraction.py
[2026-09-16T10:50:50.364+0000] {processor.py:840} INFO - DAG(s) 'youtube_extraction' retrieved from /opt/airflow/dags/youtube_extraction.py
[2026-09-16T10:50:50.398+0000] {logging_mixin.py:188} INFO - [2026-09-16T10:50:50.398+0000] {dag.py:3096} INFO - Sync 1 DAGs
[2026-09-16T10:50:50.414+0000] {logging_mixin.py:188} INFO - [2026-09-16T10:50:50.413+0000] {dag.py:3954} INFO - Setting next_dagrun for youtube_extraction to None, run_after=None
[2026-09-16T10:50:50.448+0000] {processor.py:183} INFO - Processing /opt/airflow/dags/youtube_extraction.py took 0.118 seconds
[2026-09-16T10:51:20.782+0000] {processor.py:161} INFO - Started process (PID=3132) to work on /opt/airflow/dags/youtube_extraction.py
[2026-09-16T10:51:20.784+0000] {processor.py:830} INFO - Processing file /opt/airflow/dags/youtube_extraction.py for tasks to queue
[2026-09-16T10:51:20.787+0000] {logging_mixin.py:188} INFO - [2026-09-16T10:51:20.787+0000] {dagbag.py:545} INFO - Filling up the DagBag from /opt/airflow/dags/youtube_extraction.py
[2026-09-16T10:51:20.823+0000] {processor.py:840} INFO - DAG(s) 'youtube_extraction' retrieved from /opt/airflow/dags/youtube_extraction.py
[2026-09-16T10:51:20.857+0000] {logging_mixin.py:188} INFO - [2026-09-16T10:51:20.857+0000] {dag.py:3096} INFO - Sync 1 DAGs
[2026-09-16T10:51:20.873+0000] {logging_mixin.py:188} INFO - [2026-09-16T10:51:20.873+0000] {dag.py:3954} INFO - Setting next_dagrun for youtube_extraction to None, run_after=None
[2026-09-16T10:51:20.898+0000] {processor.py:183} INFO - Processing /opt/airflow/dags/youtube_extraction.py took 0.124 seconds
[2026-09-16T10:51:50.960+0000] {processor.py:161} INFO - Started process (PID=3143) to work on /opt/airflow/dags/youtube_extraction.py
[2026-09-16T10:51:50.963+0000] {processor.py:830} INFO - Processing file /opt/airflow/dags/youtube_extraction.py for tasks to queue
[2026-09-16T10:51:50.967+0000] {logging_mixin.py:188} INFO - [2026-09-16T10:51:50.966+0000] {dagbag.py:545} INFO - Filling up the DagBag from /opt/airflow/dags/youtube_extraction.py
[2026-09-16T10:51:50.985+0000] {processor.py:840} INFO - DAG(s) 'youtube_extraction' retrieved from /opt/airflow/dags/youtube_extraction.py
[2026-09-16T10:51:51.019+0000] {logging_mixin.py:188} INFO - [2026-09-16T10:51:51.019+0000] {dag.py:3096} INFO - Sync 1 DAGs
[2026-09-16T10:51:51.034+0000] {logging_mixin.py:188} INFO - [2026-09-16T10:51:51.034+0000] {dag.py:3954} INFO - Setting next_dagrun for youtube_extraction to None, run_after=None
[2026-09-16T10:51:51.060+0000] {processor.py:183} INFO - Processing /opt/airflow/dags/youtube_extraction.py took 0.107 seconds
[2026-09-16T10:52:21.274+0000] {processor.py:161} INFO - Started process (PID=3154) to work on /opt/airflow/dags/youtube_extraction.py
[2026-09-16T10:52:21.277+0000] {processor.py:830} INFO - Processing file /opt/airflow/dags/youtube_extraction.py for tasks to queue
[2026-09-16T10:52:21.281+0000] {logging_mixin.py:188} INFO - [2026-09-16T10:52:21.280+0000] {dagbag.py:545} INFO - Filling up the DagBag from /opt/airflow/dags/youtube_extraction.py
[2026-09-16T10:52:21.297+0000] {processor.py:840} INFO - DAG(s) 'youtube_extraction' retrieved from /opt/airflow/dags/youtube_extraction.py
[2026-09-16T10:52:21.333+0000] {logging_mixin.py:188} INFO - [2026-09-16T10:52:21.333+0000] {dag.py:3096} INFO - Sync 1 DAGs
[2026-09-16T10:52:21.354+0000] {logging_mixin.py:188} INFO - [2026-09-16T10:52:21.353+0000] {dag.py:3954} INFO - Setting next_dagrun for youtube_extraction to None, run_after=None
[2026-09-16T10:52:21.396+0000] {processor.py:183} INFO - Processing /opt/airflow/dags/youtube_extraction.py took 0.130 seconds
[2026-09-16T10:52:51.452+0000] {processor.py:161} INFO - Started process (PID=3165) to work on /opt/airflow/dags/youtube_extraction.py
[2026-09-16T10:52:51.455+0000] {processor.py:830} INFO - Processing file /opt/airflow/dags/youtube_extraction.py for tasks to queue
[2026-09-16T10:52:51.458+0000] {logging_mixin.py:188} INFO - [2026-09-16T10:52:51.457+0000] {dagbag.py:545} INFO - Filling up the DagBag from /opt/airflow/dags/youtube_extraction.py
[2026-09-16T10:52:51.481+0000] {processor.py:840} INFO - DAG(s) 'youtube_extraction' retrieved from /opt/airflow/dags/youtube_extraction.py
[2026-09-16T10:52:51.513+0000] {logging_mixin.py:188} INFO - [2026-09-16T10:52:51.512+0000] {dag.py:3096} INFO - Sync 1 DAGs
[2026-09-16T10:52:51.528+0000] {logging_mixin.py:188} INFO - [2026-09-16T10:52:51.528+0000] {dag.py:3954} INFO - Setting next_dagrun for youtube_extraction to None, run_after=None
[2026-09-16T10:52:51.560+0000] {processor.py:183} INFO - Processing /opt/airflow/dags/youtube_extraction.py took 0.115 seconds
[2026-09-16T10:53:21.749+0000] {processor.py:161} INFO - Started process (PID=3176) to work on /opt/airflow/dags/youtube_extraction.py
[2026-09-16T10:53:21.751+0000] {processor.py:830} INFO - Processing file /opt/airflow/dags/youtube_extraction.py for tasks to queue
[2026-09-16T10:53:21.754+0000] {logging_mixin.py:188} INFO - [2026-09-16T10:53:21.754+0000] {dagbag.py:545} INFO - Filling up the DagBag from /opt/airflow/dags/youtube_extraction.py
[2026-09-16T10:53:21.770+0000] {processor.py:840} INFO - DAG(s) 'youtube_extraction' retrieved from /opt/airflow/dags/youtube_extraction.py
[2026-09-16T10:53:21.801+0000] {logging_mixin.py:188} INFO - [2026-09-16T10:53:21.800+0000] {dag.py:3096} INFO - Sync 1 DAGs
[2026-09-16T10:53:21.816+0000] {logging_mixin.py:188} INFO - [2026-09-16T10:53:21.816+0000] {dag.py:3954} INFO - Setting next_dagrun for youtube_extraction to None, run_after=None
[2026-09-16T10:53:21.849+0000] {processor.py:183} INFO - Processing /opt/airflow/dags/youtube_extraction.py took 0.106 seconds
[2026-09-16T10:53:51.932+0000] {processor.py:161} INFO - Started process (PID=3187) to work on /opt/airflow/dags/youtube_extraction.py
[2026-09-16T10:53:51.934+0000] {processor.py:830} INFO - Processing file /opt/airflow/dags/youtube_extraction.py for tasks to queue
[2026-09-16T10:53:51.938+0000] {logging_mixin.py:188} INFO - [2026-09-16T10:53:51.938+0000] {dagbag.py:545} INFO - Filling up the DagBag from /opt/airflow/dags/youtube_extraction.py
[2026-09-16T10:53:51.958+0000] {processor.py:840} INFO - DAG(s) 'youtube_extraction' retrieved from /opt/airflow/dags/youtube_extraction.py
[2026-09-16T10:53:52.002+0000] {logging_mixin.py:188} INFO - [2026-09-16T10:53:52.002+0000] {dag.py:3096} INFO - Sync 1 DAGs
[2026-09-16T10:53:52.024+0000] {logging_mixin.py:188} INFO - [2026-09-16T10:53:52.023+0000] {dag.py:3954} INFO - Setting next_dagrun for youtube_extraction to None, run_after=None
[2026-09-16T10:53:52.052+0000] {processor.py:183} INFO - Processing /opt/airflow/dags/youtube_extraction.py took 0.130 seconds
[2026-09-16T10:54:22.200+0000] {processor.py:161} INFO - Started process (PID=3198) to work on /opt/airflow/dags/youtube_extraction.py
[2026-09-16T10:54:22.203+0000] {processor.py:830} INFO - Processing file /opt/airflow/dags/youtube_extraction.py for tasks to queue
[2026-09-16T10:54:22.207+0000] {logging_mixin.py:188} INFO - [2026-09-16T10:54:22.206+0000] {dagbag.py:545} INFO - Filling up the DagBag from /opt/airflow/dags/youtube_extraction.py
[2026-09-16T10:54:22.230+0000] {processor.py:840} INFO - DAG(s) 'youtube_extraction' retrieved from /opt/airflow/dags/youtube_extraction.py
[2026-09-16T10:54:22.261+0000] {logging_mixin.py:188} INFO - [2026-09-16T10:54:22.260+0000] {dag.py:3096} INFO - Sync 1 DAGs
[2026-09-16T10:54:22.276+0000] {logging_mixin.py:188} INFO - [2026-09-16T10:54:22.276+0000] {dag.py:3954} INFO - Setting next_dagrun for youtube_extraction to None, run_after=None
[2026-09-16T10:54:22.308+0000] {processor.py:183} INFO - Processing /opt/airflow/dags/youtube_extraction.py took 0.114 seconds
[2026-09-16T10:54:52.396+0000] {processor.py:161} INFO - Started process (PID=3209) to work on /opt/airflow/dags/youtube_extraction.py
[2026-09-16T10:54:52.398+0000] {processor.py:830} INFO - Processing file /opt/airflow/dags/youtube_extraction.py for tasks to queue
[2026-09-16T10:54:52.401+0000] {logging_mixin.py:188} INFO - [2026-09-16T10:54:52.401+0000] {dagbag.py:545} INFO - Filling up the DagBag from /opt/airflow/dags/youtube_extraction.py
[2026-09-16T10:54:52.418+0000] {processor.py:840} INFO - DAG(s) 'youtube_extraction' retrieved from /opt/airflow/dags/youtube_extraction.py
[2026-09-16T10:54:52.450+0000] {logging_mixin.py:188} INFO - [2026-09-16T10:54:52.450+0000] {dag.py:3096} INFO - Sync 1 DAGs
[2026-09-16T10:54:52.465+0000] {logging_mixin.py:188} INFO - [2026-09-16T10:54:52.464+0000] {dag.py:3954} INFO - Setting next_dagrun for youtube_extraction to None, run_after=None
[2026-09-16T10:54:52.496+0000] {processor.py:183} INFO - Processing /opt/airflow/dags/youtube_extraction.py took 0.107 seconds
[2026-09-16T10:55:22.661+0000] {processor.py:161} INFO - Started process (PID=3220) to work on /opt/airflow/dags/youtube_extraction.py
[2026-09-16T10:55:22.663+0000] {processor.py:830} INFO - Processing file /opt/airflow/dags/youtube_extraction.py for tasks to queue
[2026-09-16T10:55:22.668+0000] {logging_mixin.py:188} INFO - [2026-09-16T10:55:22.667+0000] {dagbag.py:545} INFO - Filling up the DagBag from /opt/airflow/dags/youtube_extraction.py
[2026-09-16T10:55:22.690+0000] {processor.py:840} INFO - DAG(s) 'youtube_extraction' retrieved from /opt/airflow/dags/youtube_extraction.py
[2026-09-16T10:55:22.735+0000] {logging_mixin.py:188} INFO - [2026-09-16T10:55:22.735+0000] {dag.py:3096} INFO - Sync 1 DAGs
[2026-09-16T10:55:22.752+0000] {logging_mixin.py:188} INFO - [2026-09-16T10:55:22.752+0000] {dag.py:3954} INFO - Setting next_dagrun for youtube_extraction to None, run_after=None
[2026-09-16T10:55:22.778+0000] {processor.py:183} INFO - Processing /opt/airflow/dags/youtube_extraction.py took 0.126 seconds
[2026-09-16T10:55:52.843+0000] {processor.py:161} INFO - Started process (PID=3231) to work on /opt/airflow/dags/youtube_extraction.py
[2026-09-16T10:55:52.845+0000] {processor.py:830} INFO - Processing file /opt/airflow/dags/youtube_extraction.py for tasks to queue
[2026-09-16T10:55:52.848+0000] {logging_mixin.py:188} INFO - [2026-09-16T10:55:52.848+0000] {dagbag.py:545} INFO - Filling up the DagBag from /opt/airflow/dags/youtube_extraction.py
[2026-09-16T10:55:52.873+0000] {processor.py:840} INFO - DAG(s) 'youtube_extraction' retrieved from /opt/airflow/dags/youtube_extraction.py
[2026-09-16T10:55:52.909+0000] {logging_mixin.py:188} INFO - [2026-09-16T10:55:52.908+0000] {dag.py:3096} INFO - Sync 1 DAGs
[2026-09-16T10:55:52.924+0000] {logging_mixin.py:188} INFO - [2026-09-16T10:55:52.924+0000] {dag.py:3954} INFO - Setting next_dagrun for youtube_extraction to None, run_after=None
[2026-09-16T10:55:52.964+0000] {processor.py:183} INFO - Processing /opt/airflow/dags/youtube_extraction.py took 0.128 seconds
[2026-09-16T10:56:23.135+0000] {processor.py:161} INFO - Started process (PID=3242) to work on /opt/airflow/dags/youtube_extraction.py
[2026-09-16T10:56:23.137+0000] {processor.py:830} INFO - Processing file /opt/airflow/dags/youtube_extraction.py for tasks to queue
[2026-09-16T10:56:23.143+0000] {logging_mixin.py:188} INFO - [2026-09-16T10:56:23.143+0000] {dagbag.py:545} INFO - Filling up the DagBag from /opt/airflow/dags/youtube_extraction.py
[2026-09-16T10:56:23.163+0000] {processor.py:840} INFO - DAG(s) 'youtube_extraction' retrieved from /opt/airflow/dags/youtube_extraction.py
[2026-09-16T10:56:23.194+0000] {logging_mixin.py:188} INFO - [2026-09-16T10:56:23.194+0000] {dag.py:3096} INFO - Sync 1 DAGs
[2026-09-16T10:56:23.210+0000] {logging_mixin.py:188} INFO - [2026-09-16T10:56:23.209+0000] {dag.py:3954} INFO - Setting next_dagrun for youtube_extraction to None, run_after=None
[2026-09-16T10:56:23.241+0000] {processor.py:183} INFO - Processing /opt/airflow/dags/youtube_extraction.py took 0.114 seconds
[2026-09-16T10:56:53.333+0000] {processor.py:161} INFO - Started process (PID=3253) to work on /opt/airflow/dags/youtube_extraction.py
[2026-09-16T10:56:53.337+0000] {processor.py:830} INFO - Processing file /opt/airflow/dags/youtube_extraction.py for tasks to queue
[2026-09-16T10:56:53.341+0000] {logging_mixin.py:188} INFO - [2026-09-16T10:56:53.341+0000] {dagbag.py:545} INFO - Filling up the DagBag from /opt/airflow/dags/youtube_extraction.py
[2026-09-16T10:56:53.362+0000] {processor.py:840} INFO - DAG(s) 'youtube_extraction' retrieved from /opt/airflow/dags/youtube_extraction.py
[2026-09-16T10:56:53.400+0000] {logging_mixin.py:188} INFO - [2026-09-16T10:56:53.400+0000] {dag.py:3096} INFO - Sync 1 DAGs
[2026-09-16T10:56:53.416+0000] {logging_mixin.py:188} INFO - [2026-09-16T10:56:53.415+0000] {dag.py:3954} INFO - Setting next_dagrun for youtube_extraction to None, run_after=None
[2026-09-16T10:56:53.439+0000] {processor.py:183} INFO - Processing /opt/airflow/dags/youtube_extraction.py took 0.116 seconds
[2026-09-16T10:57:23.626+0000] {processor.py:161} INFO - Started process (PID=3264) to work on /opt/airflow/dags/youtube_extraction.py
[2026-09-16T10:57:23.628+0000] {processor.py:830} INFO - Processing file /opt/airflow/dags/youtube_extraction.py for tasks to queue
[2026-09-16T10:57:23.631+0000] {logging_mixin.py:188} INFO - [2026-09-16T10:57:23.631+0000] {dagbag.py:545} INFO - Filling up the DagBag from /opt/airflow/dags/youtube_extraction.py
[2026-09-16T10:57:23.649+0000] {processor.py:840} INFO - DAG(s) 'youtube_extraction' retrieved from /opt/airflow/dags/youtube_extraction.py
[2026-09-16T10:57:23.681+0000] {logging_mixin.py:188} INFO - [2026-09-16T10:57:23.680+0000] {dag.py:3096} INFO - Sync 1 DAGs
[2026-09-16T10:57:23.696+0000] {logging_mixin.py:188} INFO - [2026-09-16T10:57:23.696+0000] {dag.py:3954} INFO - Setting next_dagrun for youtube_extraction to None, run_after=None
[2026-09-16T10:57:23.730+0000] {processor.py:183} INFO - Processing /opt/airflow/dags/youtube_extraction.py took 0.110 seconds
[2026-09-16T10:57:53.811+0000] {processor.py:161} INFO - Started process (PID=3275) to work on /opt/airflow/dags/youtube_extraction.py
[2026-09-16T10:57:53.815+0000] {processor.py:830} INFO - Processing file /opt/airflow/dags/youtube_extraction.py for tasks to queue
[2026-09-16T10:57:53.818+0000] {logging_mixin.py:188} INFO - [2026-09-16T10:57:53.818+0000] {dagbag.py:545} INFO - Filling up the DagBag from /opt/airflow/dags/youtube_extraction.py
[2026-09-16T10:57:53.834+0000] {processor.py:840} INFO - DAG(s) 'youtube_extraction' retrieved from /opt/airflow/dags/youtube_extraction.py
[2026-09-16T10:57:53.864+0000] {logging_mixin.py:188} INFO - [2026-09-16T10:57:53.864+0000] {dag.py:3096} INFO - Sync 1 DAGs
[2026-09-16T10:57:53.880+0000] {logging_mixin.py:188} INFO - [2026-09-16T10:57:53.880+0000] {dag.py:3954} INFO - Setting next_dagrun for youtube_extraction to None, run_after=None
[2026-09-16T10:57:53.911+0000] {processor.py:183} INFO - Processing /opt/airflow/dags/youtube_extraction.py took 0.107 seconds
[2026-09-16T10:58:24.071+0000] {processor.py:161} INFO - Started process (PID=3286) to work on /opt/airflow/dags/youtube_extraction.py
[2026-09-16T10:58:24.074+0000] {processor.py:830} INFO - Processing file /opt/airflow/dags/youtube_extraction.py for tasks to queue
[2026-09-16T10:58:24.077+0000] {logging_mixin.py:188} INFO - [2026-09-16T10:58:24.077+0000] {dagbag.py:545} INFO - Filling up the DagBag from /opt/airflow/dags/youtube_extraction.py
[2026-09-16T10:58:24.095+0000] {processor.py:840} INFO - DAG(s) 'youtube_extraction' retrieved from /opt/airflow/dags/youtube_extraction.py
[2026-09-16T10:58:24.124+0000] {logging_mixin.py:188} INFO - [2026-09-16T10:58:24.124+0000] {dag.py:3096} INFO - Sync 1 DAGs
[2026-09-16T10:58:24.139+0000] {logging_mixin.py:188} INFO - [2026-09-16T10:58:24.139+0000] {dag.py:3954} INFO - Setting next_dagrun for youtube_extraction to None, run_after=None
[2026-09-16T10:58:24.171+0000] {processor.py:183} INFO - Processing /opt/airflow/dags/youtube_extraction.py took 0.106 seconds
[2026-09-16T10:58:54.262+0000] {processor.py:161} INFO - Started process (PID=3297) to work on /opt/airflow/dags/youtube_extraction.py
[2026-09-16T10:58:54.264+0000] {processor.py:830} INFO - Processing file /opt/airflow/dags/youtube_extraction.py for tasks to queue
[2026-09-16T10:58:54.268+0000] {logging_mixin.py:188} INFO - [2026-09-16T10:58:54.267+0000] {dagbag.py:545} INFO - Filling up the DagBag from /opt/airflow/dags/youtube_extraction.py
[2026-09-16T10:58:54.284+0000] {processor.py:840} INFO - DAG(s) 'youtube_extraction' retrieved from /opt/airflow/dags/youtube_extraction.py
[2026-09-16T10:58:54.317+0000] {logging_mixin.py:188} INFO - [2026-09-16T10:58:54.317+0000] {dag.py:3096} INFO - Sync 1 DAGs
[2026-09-16T10:58:54.332+0000] {logging_mixin.py:188} INFO - [2026-09-16T10:58:54.332+0000] {dag.py:3954} INFO - Setting next_dagrun for youtube_extraction to None, run_after=None
[2026-09-16T10:58:54.367+0000] {processor.py:183} INFO - Processing /opt/airflow/dags/youtube_extraction.py took 0.113 seconds
[2026-09-16T10:59:24.521+0000] {processor.py:161} INFO - Started process (PID=3308) to work on /opt/airflow/dags/youtube_extraction.py
[2026-09-16T10:59:24.524+0000] {processor.py:830} INFO - Processing file /opt/airflow/dags/youtube_extraction.py for tasks to queue
[2026-09-16T10:59:24.527+0000] {logging_mixin.py:188} INFO - [2026-09-16T10:59:24.526+0000] {dagbag.py:545} INFO - Filling up the DagBag from /opt/airflow/dags/youtube_extraction.py
[2026-09-16T10:59:24.545+0000] {processor.py:840} INFO - DAG(s) 'youtube_extraction' retrieved from /opt/airflow/dags/youtube_extraction.py
[2026-09-16T10:59:24.577+0000] {logging_mixin.py:188} INFO - [2026-09-16T10:59:24.576+0000] {dag.py:3096} INFO - Sync 1 DAGs
[2026-09-16T10:59:24.592+0000] {logging_mixin.py:188} INFO - [2026-09-16T10:59:24.592+0000] {dag.py:3954} INFO - Setting next_dagrun for youtube_extraction to None, run_after=None
[2026-09-16T10:59:24.625+0000] {processor.py:183} INFO - Processing /opt/airflow/dags/youtube_extraction.py took 0.111 seconds
[2026-09-16T10:59:54.722+0000] {processor.py:161} INFO - Started process (PID=3319) to work on /opt/airflow/dags/youtube_extraction.py
[2026-09-16T10:59:54.724+0000] {processor.py:830} INFO - Processing file /opt/airflow/dags/youtube_extraction.py for tasks to queue
[2026-09-16T10:59:54.727+0000] {logging_mixin.py:188} INFO - [2026-09-16T10:59:54.727+0000] {dagbag.py:545} INFO - Filling up the DagBag from /opt/airflow/dags/youtube_extraction.py
[2026-09-16T10:59:54.747+0000] {processor.py:840} INFO - DAG(s) 'youtube_extraction' retrieved from /opt/airflow/dags/youtube_extraction.py
[2026-09-16T10:59:54.780+0000] {logging_mixin.py:188} INFO - [2026-09-16T10:59:54.780+0000] {dag.py:3096} INFO - Sync 1 DAGs
[2026-09-16T10:59:54.796+0000] {logging_mixin.py:188} INFO - [2026-09-16T10:59:54.796+0000] {dag.py:3954} INFO - Setting next_dagrun for youtube_extraction to None, run_after=None
[2026-09-16T10:59:54.828+0000] {processor.py:183} INFO - Processing /opt/airflow/dags/youtube_extraction.py took 0.114 seconds
[2026-09-16T11:00:24.971+0000] {processor.py:161} INFO - Started process (PID=3330) to work on /opt/airflow/dags/youtube_extraction.py
[2026-09-16T11:00:24.973+0000] {processor.py:830} INFO - Processing file /opt/airflow/dags/youtube_extraction.py for tasks to queue
[2026-09-16T11:00:24.978+0000] {logging_mixin.py:188} INFO - [2026-09-16T11:00:24.977+0000] {dagbag.py:545} INFO - Filling up the DagBag from /opt/airflow/dags/youtube_extraction.py
[2026-09-16T11:00:24.996+0000] {processor.py:840} INFO - DAG(s) 'youtube_extraction' retrieved from /opt/airflow/dags/youtube_extraction.py
[2026-09-16T11:00:25.029+0000] {logging_mixin.py:188} INFO - [2026-09-16T11:00:25.029+0000] {dag.py:3096} INFO - Sync 1 DAGs
[2026-09-16T11:00:25.044+0000] {logging_mixin.py:188} INFO - [2026-09-16T11:00:25.044+0000] {dag.py:3954} INFO - Setting next_dagrun for youtube_extraction to None, run_after=None
[2026-09-16T11:00:25.075+0000] {processor.py:183} INFO - Processing /opt/airflow/dags/youtube_extraction.py took 0.113 seconds
[2026-09-16T11:00:55.186+0000] {processor.py:161} INFO - Started process (PID=3341) to work on /opt/airflow/dags/youtube_extraction.py
[2026-09-16T11:00:55.188+0000] {processor.py:830} INFO - Processing file /opt/airflow/dags/youtube_extraction.py for tasks to queue
[2026-09-16T11:00:55.192+0000] {logging_mixin.py:188} INFO - [2026-09-16T11:00:55.191+0000] {dagbag.py:545} INFO - Filling up the DagBag from /opt/airflow/dags/youtube_extraction.py
[2026-09-16T11:00:55.208+0000] {processor.py:840} INFO - DAG(s) 'youtube_extraction' retrieved from /opt/airflow/dags/youtube_extraction.py
[2026-09-16T11:00:55.243+0000] {logging_mixin.py:188} INFO - [2026-09-16T11:00:55.242+0000] {dag.py:3096} INFO - Sync 1 DAGs
[2026-09-16T11:00:55.257+0000] {logging_mixin.py:188} INFO - [2026-09-16T11:00:55.257+0000] {dag.py:3954} INFO - Setting next_dagrun for youtube_extraction to None, run_after=None
[2026-09-16T11:00:55.289+0000] {processor.py:183} INFO - Processing /opt/airflow/dags/youtube_extraction.py took 0.111 seconds
[2026-09-16T11:01:25.419+0000] {processor.py:161} INFO - Started process (PID=3352) to work on /opt/airflow/dags/youtube_extraction.py
[2026-09-16T11:01:25.421+0000] {processor.py:830} INFO - Processing file /opt/airflow/dags/youtube_extraction.py for tasks to queue
[2026-09-16T11:01:25.424+0000] {logging_mixin.py:188} INFO - [2026-09-16T11:01:25.424+0000] {dagbag.py:545} INFO - Filling up the DagBag from /opt/airflow/dags/youtube_extraction.py
[2026-09-16T11:01:25.442+0000] {processor.py:840} INFO - DAG(s) 'youtube_extraction' retrieved from /opt/airflow/dags/youtube_extraction.py
[2026-09-16T11:01:25.476+0000] {logging_mixin.py:188} INFO - [2026-09-16T11:01:25.475+0000] {dag.py:3096} INFO - Sync 1 DAGs
[2026-09-16T11:01:25.491+0000] {logging_mixin.py:188} INFO - [2026-09-16T11:01:25.491+0000] {dag.py:3954} INFO - Setting next_dagrun for youtube_extraction to None, run_after=None
[2026-09-16T11:01:25.524+0000] {processor.py:183} INFO - Processing /opt/airflow/dags/youtube_extraction.py took 0.112 seconds
[2026-09-16T11:01:55.637+0000] {processor.py:161} INFO - Started process (PID=3363) to work on /opt/airflow/dags/youtube_extraction.py
[2026-09-16T11:01:55.639+0000] {processor.py:830} INFO - Processing file /opt/airflow/dags/youtube_extraction.py for tasks to queue
[2026-09-16T11:01:55.644+0000] {logging_mixin.py:188} INFO - [2026-09-16T11:01:55.643+0000] {dagbag.py:545} INFO - Filling up the DagBag from /opt/airflow/dags/youtube_extraction.py
[2026-09-16T11:01:55.659+0000] {processor.py:840} INFO - DAG(s) 'youtube_extraction' retrieved from /opt/airflow/dags/youtube_extraction.py
[2026-09-16T11:01:55.694+0000] {logging_mixin.py:188} INFO - [2026-09-16T11:01:55.694+0000] {dag.py:3096} INFO - Sync 1 DAGs
[2026-09-16T11:01:55.711+0000] {logging_mixin.py:188} INFO - [2026-09-16T11:01:55.711+0000] {dag.py:3954} INFO - Setting next_dagrun for youtube_extraction to None, run_after=None
[2026-09-16T11:01:55.741+0000] {processor.py:183} INFO - Processing /opt/airflow/dags/youtube_extraction.py took 0.111 seconds
[2026-09-16T11:02:25.885+0000] {processor.py:161} INFO - Started process (PID=3374) to work on /opt/airflow/dags/youtube_extraction.py
[2026-09-16T11:02:25.889+0000] {processor.py:830} INFO - Processing file /opt/airflow/dags/youtube_extraction.py for tasks to queue
[2026-09-16T11:02:25.895+0000] {logging_mixin.py:188} INFO - [2026-09-16T11:02:25.894+0000] {dagbag.py:545} INFO - Filling up the DagBag from /opt/airflow/dags/youtube_extraction.py
[2026-09-16T11:02:25.913+0000] {processor.py:840} INFO - DAG(s) 'youtube_extraction' retrieved from /opt/airflow/dags/youtube_extraction.py
[2026-09-16T11:02:25.945+0000] {logging_mixin.py:188} INFO - [2026-09-16T11:02:25.945+0000] {dag.py:3096} INFO - Sync 1 DAGs
[2026-09-16T11:02:25.961+0000] {logging_mixin.py:188} INFO - [2026-09-16T11:02:25.961+0000] {dag.py:3954} INFO - Setting next_dagrun for youtube_extraction to None, run_after=None
[2026-09-16T11:02:25.993+0000] {processor.py:183} INFO - Processing /opt/airflow/dags/youtube_extraction.py took 0.118 seconds
[2026-09-16T11:02:56.082+0000] {processor.py:161} INFO - Started process (PID=3385) to work on /opt/airflow/dags/youtube_extraction.py
[2026-09-16T11:02:56.085+0000] {processor.py:830} INFO - Processing file /opt/airflow/dags/youtube_extraction.py for tasks to queue
[2026-09-16T11:02:56.088+0000] {logging_mixin.py:188} INFO - [2026-09-16T11:02:56.088+0000] {dagbag.py:545} INFO - Filling up the DagBag from /opt/airflow/dags/youtube_extraction.py
[2026-09-16T11:02:56.104+0000] {processor.py:840} INFO - DAG(s) 'youtube_extraction' retrieved from /opt/airflow/dags/youtube_extraction.py
[2026-09-16T11:02:56.136+0000] {logging_mixin.py:188} INFO - [2026-09-16T11:02:56.136+0000] {dag.py:3096} INFO - Sync 1 DAGs
[2026-09-16T11:02:56.151+0000] {logging_mixin.py:188} INFO - [2026-09-16T11:02:56.150+0000] {dag.py:3954} INFO - Setting next_dagrun for youtube_extraction to None, run_after=None
[2026-09-16T11:02:56.186+0000] {processor.py:183} INFO - Processing /opt/airflow/dags/youtube_extraction.py took 0.111 seconds
[2026-09-16T11:03:26.344+0000] {processor.py:161} INFO - Started process (PID=3396) to work on /opt/airflow/dags/youtube_extraction.py
[2026-09-16T11:03:26.346+0000] {processor.py:830} INFO - Processing file /opt/airflow/dags/youtube_extraction.py for tasks to queue
[2026-09-16T11:03:26.350+0000] {logging_mixin.py:188} INFO - [2026-09-16T11:03:26.349+0000] {dagbag.py:545} INFO - Filling up the DagBag from /opt/airflow/dags/youtube_extraction.py
[2026-09-16T11:03:26.367+0000] {processor.py:840} INFO - DAG(s) 'youtube_extraction' retrieved from /opt/airflow/dags/youtube_extraction.py
[2026-09-16T11:03:26.401+0000] {logging_mixin.py:188} INFO - [2026-09-16T11:03:26.400+0000] {dag.py:3096} INFO - Sync 1 DAGs
[2026-09-16T11:03:26.418+0000] {logging_mixin.py:188} INFO - [2026-09-16T11:03:26.418+0000] {dag.py:3954} INFO - Setting next_dagrun for youtube_extraction to None, run_after=None
[2026-09-16T11:03:26.456+0000] {processor.py:183} INFO - Processing /opt/airflow/dags/youtube_extraction.py took 0.119 seconds
[2026-09-16T11:03:56.541+0000] {processor.py:161} INFO - Started process (PID=3407) to work on /opt/airflow/dags/youtube_extraction.py
[2026-09-16T11:03:56.543+0000] {processor.py:830} INFO - Processing file /opt/airflow/dags/youtube_extraction.py for tasks to queue
[2026-09-16T11:03:56.546+0000] {logging_mixin.py:188} INFO - [2026-09-16T11:03:56.546+0000] {dagbag.py:545} INFO - Filling up the DagBag from /opt/airflow/dags/youtube_extraction.py
[2026-09-16T11:03:56.563+0000] {processor.py:840} INFO - DAG(s) 'youtube_extraction' retrieved from /opt/airflow/dags/youtube_extraction.py
[2026-09-16T11:03:56.594+0000] {logging_mixin.py:188} INFO - [2026-09-16T11:03:56.594+0000] {dag.py:3096} INFO - Sync 1 DAGs
[2026-09-16T11:03:56.610+0000] {logging_mixin.py:188} INFO - [2026-09-16T11:03:56.610+0000] {dag.py:3954} INFO - Setting next_dagrun for youtube_extraction to None, run_after=None
[2026-09-16T11:03:56.642+0000] {processor.py:183} INFO - Processing /opt/airflow/dags/youtube_extraction.py took 0.108 seconds
[2026-09-16T11:04:26.811+0000] {processor.py:161} INFO - Started process (PID=3418) to work on /opt/airflow/dags/youtube_extraction.py
[2026-09-16T11:04:26.813+0000] {processor.py:830} INFO - Processing file /opt/airflow/dags/youtube_extraction.py for tasks to queue
[2026-09-16T11:04:26.817+0000] {logging_mixin.py:188} INFO - [2026-09-16T11:04:26.817+0000] {dagbag.py:545} INFO - Filling up the DagBag from /opt/airflow/dags/youtube_extraction.py
[2026-09-16T11:04:26.834+0000] {processor.py:840} INFO - DAG(s) 'youtube_extraction' retrieved from /opt/airflow/dags/youtube_extraction.py
[2026-09-16T11:04:26.866+0000] {logging_mixin.py:188} INFO - [2026-09-16T11:04:26.865+0000] {dag.py:3096} INFO - Sync 1 DAGs
[2026-09-16T11:04:26.881+0000] {logging_mixin.py:188} INFO - [2026-09-16T11:04:26.880+0000] {dag.py:3954} INFO - Setting next_dagrun for youtube_extraction to None, run_after=None
[2026-09-16T11:04:26.912+0000] {processor.py:183} INFO - Processing /opt/airflow/dags/youtube_extraction.py took 0.109 seconds
[2026-09-16T11:04:57.003+0000] {processor.py:161} INFO - Started process (PID=3429) to work on /opt/airflow/dags/youtube_extraction.py
[2026-09-16T11:04:57.005+0000] {processor.py:830} INFO - Processing file /opt/airflow/dags/youtube_extraction.py for tasks to queue
[2026-09-16T11:04:57.008+0000] {logging_mixin.py:188} INFO - [2026-09-16T11:04:57.007+0000] {dagbag.py:545} INFO - Filling up the DagBag from /opt/airflow/dags/youtube_extraction.py
[2026-09-16T11:04:57.025+0000] {processor.py:840} INFO - DAG(s) 'youtube_extraction' retrieved from /opt/airflow/dags/youtube_extraction.py
[2026-09-16T11:04:57.058+0000] {logging_mixin.py:188} INFO - [2026-09-16T11:04:57.057+0000] {dag.py:3096} INFO - Sync 1 DAGs
[2026-09-16T11:04:57.074+0000] {logging_mixin.py:188} INFO - [2026-09-16T11:04:57.074+0000] {dag.py:3954} INFO - Setting next_dagrun for youtube_extraction to None, run_after=None
[2026-09-16T11:04:57.107+0000] {processor.py:183} INFO - Processing /opt/airflow/dags/youtube_extraction.py took 0.112 seconds
[2026-09-16T11:05:27.258+0000] {processor.py:161} INFO - Started process (PID=3440) to work on /opt/airflow/dags/youtube_extraction.py
[2026-09-16T11:05:27.261+0000] {processor.py:830} INFO - Processing file /opt/airflow/dags/youtube_extraction.py for tasks to queue
[2026-09-16T11:05:27.264+0000] {logging_mixin.py:188} INFO - [2026-09-16T11:05:27.263+0000] {dagbag.py:545} INFO - Filling up the DagBag from /opt/airflow/dags/youtube_extraction.py
[2026-09-16T11:05:27.282+0000] {processor.py:840} INFO - DAG(s) 'youtube_extraction' retrieved from /opt/airflow/dags/youtube_extraction.py
[2026-09-16T11:05:27.312+0000] {logging_mixin.py:188} INFO - [2026-09-16T11:05:27.312+0000] {dag.py:3096} INFO - Sync 1 DAGs
[2026-09-16T11:05:27.328+0000] {logging_mixin.py:188} INFO - [2026-09-16T11:05:27.327+0000] {dag.py:3954} INFO - Setting next_dagrun for youtube_extraction to None, run_after=None
[2026-09-16T11:05:27.353+0000] {processor.py:183} INFO - Processing /opt/airflow/dags/youtube_extraction.py took 0.101 seconds
[2026-09-16T11:05:57.459+0000] {processor.py:161} INFO - Started process (PID=3451) to work on /opt/airflow/dags/youtube_extraction.py
[2026-09-16T11:05:57.462+0000] {processor.py:830} INFO - Processing file /opt/airflow/dags/youtube_extraction.py for tasks to queue
[2026-09-16T11:05:57.465+0000] {logging_mixin.py:188} INFO - [2026-09-16T11:05:57.465+0000] {dagbag.py:545} INFO - Filling up the DagBag from /opt/airflow/dags/youtube_extraction.py
[2026-09-16T11:05:57.481+0000] {processor.py:840} INFO - DAG(s) 'youtube_extraction' retrieved from /opt/airflow/dags/youtube_extraction.py
[2026-09-16T11:05:57.515+0000] {logging_mixin.py:188} INFO - [2026-09-16T11:05:57.515+0000] {dag.py:3096} INFO - Sync 1 DAGs
[2026-09-16T11:05:57.530+0000] {logging_mixin.py:188} INFO - [2026-09-16T11:05:57.530+0000] {dag.py:3954} INFO - Setting next_dagrun for youtube_extraction to None, run_after=None
[2026-09-16T11:05:57.562+0000] {processor.py:183} INFO - Processing /opt/airflow/dags/youtube_extraction.py took 0.110 seconds
[2026-09-16T11:06:27.712+0000] {processor.py:161} INFO - Started process (PID=3462) to work on /opt/airflow/dags/youtube_extraction.py
[2026-09-16T11:06:27.714+0000] {processor.py:830} INFO - Processing file /opt/airflow/dags/youtube_extraction.py for tasks to queue
[2026-09-16T11:06:27.717+0000] {logging_mixin.py:188} INFO - [2026-09-16T11:06:27.717+0000] {dagbag.py:545} INFO - Filling up the DagBag from /opt/airflow/dags/youtube_extraction.py
[2026-09-16T11:06:27.738+0000] {processor.py:840} INFO - DAG(s) 'youtube_extraction' retrieved from /opt/airflow/dags/youtube_extraction.py
[2026-09-16T11:06:27.770+0000] {logging_mixin.py:188} INFO - [2026-09-16T11:06:27.770+0000] {dag.py:3096} INFO - Sync 1 DAGs
[2026-09-16T11:06:27.784+0000] {logging_mixin.py:188} INFO - [2026-09-16T11:06:27.784+0000] {dag.py:3954} INFO - Setting next_dagrun for youtube_extraction to None, run_after=None
[2026-09-16T11:06:27.817+0000] {processor.py:183} INFO - Processing /opt/airflow/dags/youtube_extraction.py took 0.112 seconds
[2026-09-16T11:06:57.940+0000] {processor.py:161} INFO - Started process (PID=3473) to work on /opt/airflow/dags/youtube_extraction.py
[2026-09-16T11:06:57.943+0000] {processor.py:830} INFO - Processing file /opt/airflow/dags/youtube_extraction.py for tasks to queue
[2026-09-16T11:06:57.946+0000] {logging_mixin.py:188} INFO - [2026-09-16T11:06:57.946+0000] {dagbag.py:545} INFO - Filling up the DagBag from /opt/airflow/dags/youtube_extraction.py
[2026-09-16T11:06:57.964+0000] {processor.py:840} INFO - DAG(s) 'youtube_extraction' retrieved from /opt/airflow/dags/youtube_extraction.py
[2026-09-16T11:06:58.003+0000] {logging_mixin.py:188} INFO - [2026-09-16T11:06:58.003+0000] {dag.py:3096} INFO - Sync 1 DAGs
[2026-09-16T11:06:58.036+0000] {logging_mixin.py:188} INFO - [2026-09-16T11:06:58.035+0000] {dag.py:3954} INFO - Setting next_dagrun for youtube_extraction to None, run_after=None
[2026-09-16T11:06:58.085+0000] {processor.py:183} INFO - Processing /opt/airflow/dags/youtube_extraction.py took 0.153 seconds
[2026-09-16T11:07:28.219+0000] {processor.py:161} INFO - Started process (PID=3484) to work on /opt/airflow/dags/youtube_extraction.py
[2026-09-16T11:07:28.222+0000] {processor.py:830} INFO - Processing file /opt/airflow/dags/youtube_extraction.py for tasks to queue
[2026-09-16T11:07:28.227+0000] {logging_mixin.py:188} INFO - [2026-09-16T11:07:28.226+0000] {dagbag.py:545} INFO - Filling up the DagBag from /opt/airflow/dags/youtube_extraction.py
[2026-09-16T11:07:28.244+0000] {processor.py:840} INFO - DAG(s) 'youtube_extraction' retrieved from /opt/airflow/dags/youtube_extraction.py
[2026-09-16T11:07:28.284+0000] {logging_mixin.py:188} INFO - [2026-09-16T11:07:28.284+0000] {dag.py:3096} INFO - Sync 1 DAGs
[2026-09-16T11:07:28.302+0000] {logging_mixin.py:188} INFO - [2026-09-16T11:07:28.302+0000] {dag.py:3954} INFO - Setting next_dagrun for youtube_extraction to None, run_after=None
[2026-09-16T11:07:28.335+0000] {processor.py:183} INFO - Processing /opt/airflow/dags/youtube_extraction.py took 0.125 seconds
[2026-09-16T11:07:58.463+0000] {processor.py:161} INFO - Started process (PID=3495) to work on /opt/airflow/dags/youtube_extraction.py
[2026-09-16T11:07:58.465+0000] {processor.py:830} INFO - Processing file /opt/airflow/dags/youtube_extraction.py for tasks to queue
[2026-09-16T11:07:58.469+0000] {logging_mixin.py:188} INFO - [2026-09-16T11:07:58.469+0000] {dagbag.py:545} INFO - Filling up the DagBag from /opt/airflow/dags/youtube_extraction.py
[2026-09-16T11:07:58.486+0000] {processor.py:840} INFO - DAG(s) 'youtube_extraction' retrieved from /opt/airflow/dags/youtube_extraction.py
[2026-09-16T11:07:58.518+0000] {logging_mixin.py:188} INFO - [2026-09-16T11:07:58.517+0000] {dag.py:3096} INFO - Sync 1 DAGs
[2026-09-16T11:07:58.532+0000] {logging_mixin.py:188} INFO - [2026-09-16T11:07:58.532+0000] {dag.py:3954} INFO - Setting next_dagrun for youtube_extraction to None, run_after=None
[2026-09-16T11:07:58.568+0000] {processor.py:183} INFO - Processing /opt/airflow/dags/youtube_extraction.py took 0.112 seconds
[2026-09-16T11:08:28.690+0000] {processor.py:161} INFO - Started process (PID=3506) to work on /opt/airflow/dags/youtube_extraction.py
[2026-09-16T11:08:28.692+0000] {processor.py:830} INFO - Processing file /opt/airflow/dags/youtube_extraction.py for tasks to queue
[2026-09-16T11:08:28.696+0000] {logging_mixin.py:188} INFO - [2026-09-16T11:08:28.695+0000] {dagbag.py:545} INFO - Filling up the DagBag from /opt/airflow/dags/youtube_extraction.py
[2026-09-16T11:08:28.715+0000] {processor.py:840} INFO - DAG(s) 'youtube_extraction' retrieved from /opt/airflow/dags/youtube_extraction.py
[2026-09-16T11:08:28.749+0000] {logging_mixin.py:188} INFO - [2026-09-16T11:08:28.749+0000] {dag.py:3096} INFO - Sync 1 DAGs
[2026-09-16T11:08:28.763+0000] {logging_mixin.py:188} INFO - [2026-09-16T11:08:28.763+0000] {dag.py:3954} INFO - Setting next_dagrun for youtube_extraction to None, run_after=None
[2026-09-16T11:08:28.800+0000] {processor.py:183} INFO - Processing /opt/airflow/dags/youtube_extraction.py took 0.118 seconds
[2026-09-16T11:08:58.917+0000] {processor.py:161} INFO - Started process (PID=3517) to work on /opt/airflow/dags/youtube_extraction.py
[2026-09-16T11:08:58.920+0000] {processor.py:830} INFO - Processing file /opt/airflow/dags/youtube_extraction.py for tasks to queue
[2026-09-16T11:08:58.924+0000] {logging_mixin.py:188} INFO - [2026-09-16T11:08:58.923+0000] {dagbag.py:545} INFO - Filling up the DagBag from /opt/airflow/dags/youtube_extraction.py
[2026-09-16T11:08:58.945+0000] {processor.py:840} INFO - DAG(s) 'youtube_extraction' retrieved from /opt/airflow/dags/youtube_extraction.py
[2026-09-16T11:08:58.983+0000] {logging_mixin.py:188} INFO - [2026-09-16T11:08:58.983+0000] {dag.py:3096} INFO - Sync 1 DAGs
[2026-09-16T11:08:59.000+0000] {logging_mixin.py:188} INFO - [2026-09-16T11:08:58.999+0000] {dag.py:3954} INFO - Setting next_dagrun for youtube_extraction to None, run_after=None
[2026-09-16T11:08:59.031+0000] {processor.py:183} INFO - Processing /opt/airflow/dags/youtube_extraction.py took 0.122 seconds
[2026-09-16T11:09:29.152+0000] {processor.py:161} INFO - Started process (PID=3528) to work on /opt/airflow/dags/youtube_extraction.py
[2026-09-16T11:09:29.154+0000] {processor.py:830} INFO - Processing file /opt/airflow/dags/youtube_extraction.py for tasks to queue
[2026-09-16T11:09:29.157+0000] {logging_mixin.py:188} INFO - [2026-09-16T11:09:29.157+0000] {dagbag.py:545} INFO - Filling up the DagBag from /opt/airflow/dags/youtube_extraction.py
[2026-09-16T11:09:29.176+0000] {processor.py:840} INFO - DAG(s) 'youtube_extraction' retrieved from /opt/airflow/dags/youtube_extraction.py
[2026-09-16T11:09:29.211+0000] {logging_mixin.py:188} INFO - [2026-09-16T11:09:29.211+0000] {dag.py:3096} INFO - Sync 1 DAGs
[2026-09-16T11:09:29.227+0000] {logging_mixin.py:188} INFO - [2026-09-16T11:09:29.227+0000] {dag.py:3954} INFO - Setting next_dagrun for youtube_extraction to None, run_after=None
[2026-09-16T11:09:29.251+0000] {processor.py:183} INFO - Processing /opt/airflow/dags/youtube_extraction.py took 0.107 seconds
[2026-09-16T11:09:59.425+0000] {processor.py:161} INFO - Started process (PID=3540) to work on /opt/airflow/dags/youtube_extraction.py
[2026-09-16T11:09:59.429+0000] {processor.py:830} INFO - Processing file /opt/airflow/dags/youtube_extraction.py for tasks to queue
[2026-09-16T11:09:59.434+0000] {logging_mixin.py:188} INFO - [2026-09-16T11:09:59.434+0000] {dagbag.py:545} INFO - Filling up the DagBag from /opt/airflow/dags/youtube_extraction.py
[2026-09-16T11:09:59.461+0000] {processor.py:840} INFO - DAG(s) 'youtube_extraction' retrieved from /opt/airflow/dags/youtube_extraction.py
[2026-09-16T11:09:59.511+0000] {logging_mixin.py:188} INFO - [2026-09-16T11:09:59.510+0000] {dag.py:3096} INFO - Sync 1 DAGs
[2026-09-16T11:09:59.533+0000] {logging_mixin.py:188} INFO - [2026-09-16T11:09:59.533+0000] {dag.py:3954} INFO - Setting next_dagrun for youtube_extraction to None, run_after=None
[2026-09-16T11:09:59.578+0000] {processor.py:183} INFO - Processing /opt/airflow/dags/youtube_extraction.py took 0.164 seconds
[2026-09-16T11:10:29.801+0000] {processor.py:161} INFO - Started process (PID=3557) to work on /opt/airflow/dags/youtube_extraction.py
[2026-09-16T11:10:29.804+0000] {processor.py:830} INFO - Processing file /opt/airflow/dags/youtube_extraction.py for tasks to queue
[2026-09-16T11:10:29.810+0000] {logging_mixin.py:188} INFO - [2026-09-16T11:10:29.810+0000] {dagbag.py:545} INFO - Filling up the DagBag from /opt/airflow/dags/youtube_extraction.py
[2026-09-16T11:10:29.835+0000] {processor.py:840} INFO - DAG(s) 'youtube_extraction' retrieved from /opt/airflow/dags/youtube_extraction.py
[2026-09-16T11:10:29.879+0000] {logging_mixin.py:188} INFO - [2026-09-16T11:10:29.879+0000] {dag.py:3096} INFO - Sync 1 DAGs
[2026-09-16T11:10:29.896+0000] {logging_mixin.py:188} INFO - [2026-09-16T11:10:29.895+0000] {dag.py:3954} INFO - Setting next_dagrun for youtube_extraction to None, run_after=None
[2026-09-16T11:10:29.921+0000] {processor.py:183} INFO - Processing /opt/airflow/dags/youtube_extraction.py took 0.132 seconds
[2026-09-16T11:10:59.973+0000] {processor.py:161} INFO - Started process (PID=3568) to work on /opt/airflow/dags/youtube_extraction.py
[2026-09-16T11:10:59.975+0000] {processor.py:830} INFO - Processing file /opt/airflow/dags/youtube_extraction.py for tasks to queue
[2026-09-16T11:10:59.979+0000] {logging_mixin.py:188} INFO - [2026-09-16T11:10:59.979+0000] {dagbag.py:545} INFO - Filling up the DagBag from /opt/airflow/dags/youtube_extraction.py
[2026-09-16T11:10:59.998+0000] {processor.py:840} INFO - DAG(s) 'youtube_extraction' retrieved from /opt/airflow/dags/youtube_extraction.py
[2026-09-16T11:11:00.044+0000] {logging_mixin.py:188} INFO - [2026-09-16T11:11:00.044+0000] {dag.py:3096} INFO - Sync 1 DAGs
[2026-09-16T11:11:00.063+0000] {logging_mixin.py:188} INFO - [2026-09-16T11:11:00.062+0000] {dag.py:3954} INFO - Setting next_dagrun for youtube_extraction to None, run_after=None
[2026-09-16T11:11:00.098+0000] {processor.py:183} INFO - Processing /opt/airflow/dags/youtube_extraction.py took 0.134 seconds
[2026-09-16T11:11:30.304+0000] {processor.py:161} INFO - Started process (PID=3579) to work on /opt/airflow/dags/youtube_extraction.py
[2026-09-16T11:11:30.306+0000] {processor.py:830} INFO - Processing file /opt/airflow/dags/youtube_extraction.py for tasks to queue
[2026-09-16T11:11:30.310+0000] {logging_mixin.py:188} INFO - [2026-09-16T11:11:30.309+0000] {dagbag.py:545} INFO - Filling up the DagBag from /opt/airflow/dags/youtube_extraction.py
[2026-09-16T11:11:30.329+0000] {processor.py:840} INFO - DAG(s) 'youtube_extraction' retrieved from /opt/airflow/dags/youtube_extraction.py
[2026-09-16T11:11:30.368+0000] {logging_mixin.py:188} INFO - [2026-09-16T11:11:30.367+0000] {dag.py:3096} INFO - Sync 1 DAGs
[2026-09-16T11:11:30.384+0000] {logging_mixin.py:188} INFO - [2026-09-16T11:11:30.383+0000] {dag.py:3954} INFO - Setting next_dagrun for youtube_extraction to None, run_after=None
[2026-09-16T11:11:30.417+0000] {processor.py:183} INFO - Processing /opt/airflow/dags/youtube_extraction.py took 0.121 seconds
[2026-09-16T11:12:00.508+0000] {processor.py:161} INFO - Started process (PID=3590) to work on /opt/airflow/dags/youtube_extraction.py
[2026-09-16T11:12:00.510+0000] {processor.py:830} INFO - Processing file /opt/airflow/dags/youtube_extraction.py for tasks to queue
[2026-09-16T11:12:00.515+0000] {logging_mixin.py:188} INFO - [2026-09-16T11:12:00.514+0000] {dagbag.py:545} INFO - Filling up the DagBag from /opt/airflow/dags/youtube_extraction.py
[2026-09-16T11:12:00.540+0000] {processor.py:840} INFO - DAG(s) 'youtube_extraction' retrieved from /opt/airflow/dags/youtube_extraction.py
[2026-09-16T11:12:00.603+0000] {logging_mixin.py:188} INFO - [2026-09-16T11:12:00.603+0000] {dag.py:3096} INFO - Sync 1 DAGs
[2026-09-16T11:12:00.644+0000] {logging_mixin.py:188} INFO - [2026-09-16T11:12:00.643+0000] {dag.py:3954} INFO - Setting next_dagrun for youtube_extraction to None, run_after=None
[2026-09-16T11:12:00.705+0000] {processor.py:183} INFO - Processing /opt/airflow/dags/youtube_extraction.py took 0.207 seconds
[2026-09-16T11:12:30.907+0000] {processor.py:161} INFO - Started process (PID=3601) to work on /opt/airflow/dags/youtube_extraction.py
[2026-09-16T11:12:30.908+0000] {processor.py:830} INFO - Processing file /opt/airflow/dags/youtube_extraction.py for tasks to queue
[2026-09-16T11:12:30.912+0000] {logging_mixin.py:188} INFO - [2026-09-16T11:12:30.912+0000] {dagbag.py:545} INFO - Filling up the DagBag from /opt/airflow/dags/youtube_extraction.py
[2026-09-16T11:12:30.930+0000] {processor.py:840} INFO - DAG(s) 'youtube_extraction' retrieved from /opt/airflow/dags/youtube_extraction.py
[2026-09-16T11:12:30.976+0000] {logging_mixin.py:188} INFO - [2026-09-16T11:12:30.975+0000] {dag.py:3096} INFO - Sync 1 DAGs
[2026-09-16T11:12:30.994+0000] {logging_mixin.py:188} INFO - [2026-09-16T11:12:30.994+0000] {dag.py:3954} INFO - Setting next_dagrun for youtube_extraction to None, run_after=None
[2026-09-16T11:12:31.024+0000] {processor.py:183} INFO - Processing /opt/airflow/dags/youtube_extraction.py took 0.124 seconds
[2026-09-16T11:13:01.092+0000] {processor.py:161} INFO - Started process (PID=3612) to work on /opt/airflow/dags/youtube_extraction.py
[2026-09-16T11:13:01.095+0000] {processor.py:830} INFO - Processing file /opt/airflow/dags/youtube_extraction.py for tasks to queue
[2026-09-16T11:13:01.099+0000] {logging_mixin.py:188} INFO - [2026-09-16T11:13:01.098+0000] {dagbag.py:545} INFO - Filling up the DagBag from /opt/airflow/dags/youtube_extraction.py
[2026-09-16T11:13:01.117+0000] {processor.py:840} INFO - DAG(s) 'youtube_extraction' retrieved from /opt/airflow/dags/youtube_extraction.py
[2026-09-16T11:13:01.148+0000] {logging_mixin.py:188} INFO - [2026-09-16T11:13:01.148+0000] {dag.py:3096} INFO - Sync 1 DAGs
[2026-09-16T11:13:01.164+0000] {logging_mixin.py:188} INFO - [2026-09-16T11:13:01.164+0000] {dag.py:3954} INFO - Setting next_dagrun for youtube_extraction to None, run_after=None
[2026-09-16T11:13:01.189+0000] {processor.py:183} INFO - Processing /opt/airflow/dags/youtube_extraction.py took 0.104 seconds
[2026-09-16T11:13:31.378+0000] {processor.py:161} INFO - Started process (PID=3623) to work on /opt/airflow/dags/youtube_extraction.py
[2026-09-16T11:13:31.380+0000] {processor.py:830} INFO - Processing file /opt/airflow/dags/youtube_extraction.py for tasks to queue
[2026-09-16T11:13:31.383+0000] {logging_mixin.py:188} INFO - [2026-09-16T11:13:31.383+0000] {dagbag.py:545} INFO - Filling up the DagBag from /opt/airflow/dags/youtube_extraction.py
[2026-09-16T11:13:31.401+0000] {processor.py:840} INFO - DAG(s) 'youtube_extraction' retrieved from /opt/airflow/dags/youtube_extraction.py
[2026-09-16T11:13:31.432+0000] {logging_mixin.py:188} INFO - [2026-09-16T11:13:31.432+0000] {dag.py:3096} INFO - Sync 1 DAGs
[2026-09-16T11:13:31.448+0000] {logging_mixin.py:188} INFO - [2026-09-16T11:13:31.448+0000] {dag.py:3954} INFO - Setting next_dagrun for youtube_extraction to None, run_after=None
[2026-09-16T11:13:31.482+0000] {processor.py:183} INFO - Processing /opt/airflow/dags/youtube_extraction.py took 0.111 seconds
[2026-09-16T11:14:01.563+0000] {processor.py:161} INFO - Started process (PID=3634) to work on /opt/airflow/dags/youtube_extraction.py
[2026-09-16T11:14:01.565+0000] {processor.py:830} INFO - Processing file /opt/airflow/dags/youtube_extraction.py for tasks to queue
[2026-09-16T11:14:01.569+0000] {logging_mixin.py:188} INFO - [2026-09-16T11:14:01.569+0000] {dagbag.py:545} INFO - Filling up the DagBag from /opt/airflow/dags/youtube_extraction.py
[2026-09-16T11:14:01.585+0000] {processor.py:840} INFO - DAG(s) 'youtube_extraction' retrieved from /opt/airflow/dags/youtube_extraction.py
[2026-09-16T11:14:01.619+0000] {logging_mixin.py:188} INFO - [2026-09-16T11:14:01.618+0000] {dag.py:3096} INFO - Sync 1 DAGs
[2026-09-16T11:14:01.635+0000] {logging_mixin.py:188} INFO - [2026-09-16T11:14:01.635+0000] {dag.py:3954} INFO - Setting next_dagrun for youtube_extraction to None, run_after=None
[2026-09-16T11:14:01.672+0000] {processor.py:183} INFO - Processing /opt/airflow/dags/youtube_extraction.py took 0.118 seconds
[2026-09-16T11:14:31.874+0000] {processor.py:161} INFO - Started process (PID=3645) to work on /opt/airflow/dags/youtube_extraction.py
[2026-09-16T11:14:31.876+0000] {processor.py:830} INFO - Processing file /opt/airflow/dags/youtube_extraction.py for tasks to queue
[2026-09-16T11:14:31.880+0000] {logging_mixin.py:188} INFO - [2026-09-16T11:14:31.879+0000] {dagbag.py:545} INFO - Filling up the DagBag from /opt/airflow/dags/youtube_extraction.py
[2026-09-16T11:14:31.906+0000] {processor.py:840} INFO - DAG(s) 'youtube_extraction' retrieved from /opt/airflow/dags/youtube_extraction.py
[2026-09-16T11:14:31.943+0000] {logging_mixin.py:188} INFO - [2026-09-16T11:14:31.943+0000] {dag.py:3096} INFO - Sync 1 DAGs
[2026-09-16T11:14:31.964+0000] {logging_mixin.py:188} INFO - [2026-09-16T11:14:31.963+0000] {dag.py:3954} INFO - Setting next_dagrun for youtube_extraction to None, run_after=None
[2026-09-16T11:14:32.000+0000] {processor.py:183} INFO - Processing /opt/airflow/dags/youtube_extraction.py took 0.134 seconds
[2026-09-16T11:15:02.135+0000] {processor.py:161} INFO - Started process (PID=3656) to work on /opt/airflow/dags/youtube_extraction.py
[2026-09-16T11:15:02.139+0000] {processor.py:830} INFO - Processing file /opt/airflow/dags/youtube_extraction.py for tasks to queue
[2026-09-16T11:15:02.149+0000] {logging_mixin.py:188} INFO - [2026-09-16T11:15:02.148+0000] {dagbag.py:545} INFO - Filling up the DagBag from /opt/airflow/dags/youtube_extraction.py
[2026-09-16T11:15:02.191+0000] {processor.py:840} INFO - DAG(s) 'youtube_extraction' retrieved from /opt/airflow/dags/youtube_extraction.py
[2026-09-16T11:15:02.265+0000] {logging_mixin.py:188} INFO - [2026-09-16T11:15:02.264+0000] {dag.py:3096} INFO - Sync 1 DAGs
[2026-09-16T11:15:02.302+0000] {logging_mixin.py:188} INFO - [2026-09-16T11:15:02.302+0000] {dag.py:3954} INFO - Setting next_dagrun for youtube_extraction to None, run_after=None
[2026-09-16T11:15:02.363+0000] {processor.py:183} INFO - Processing /opt/airflow/dags/youtube_extraction.py took 0.244 seconds
[2026-09-16T11:15:32.432+0000] {processor.py:161} INFO - Started process (PID=3667) to work on /opt/airflow/dags/youtube_extraction.py
[2026-09-16T11:15:32.435+0000] {processor.py:830} INFO - Processing file /opt/airflow/dags/youtube_extraction.py for tasks to queue
[2026-09-16T11:15:32.441+0000] {logging_mixin.py:188} INFO - [2026-09-16T11:15:32.440+0000] {dagbag.py:545} INFO - Filling up the DagBag from /opt/airflow/dags/youtube_extraction.py
[2026-09-16T11:15:32.463+0000] {processor.py:840} INFO - DAG(s) 'youtube_extraction' retrieved from /opt/airflow/dags/youtube_extraction.py
[2026-09-16T11:15:32.510+0000] {logging_mixin.py:188} INFO - [2026-09-16T11:15:32.510+0000] {dag.py:3096} INFO - Sync 1 DAGs
[2026-09-16T11:15:32.531+0000] {logging_mixin.py:188} INFO - [2026-09-16T11:15:32.531+0000] {dag.py:3954} INFO - Setting next_dagrun for youtube_extraction to None, run_after=None
[2026-09-16T11:15:32.589+0000] {processor.py:183} INFO - Processing /opt/airflow/dags/youtube_extraction.py took 0.166 seconds
[2026-09-16T11:16:02.803+0000] {processor.py:161} INFO - Started process (PID=3678) to work on /opt/airflow/dags/youtube_extraction.py
[2026-09-16T11:16:02.806+0000] {processor.py:830} INFO - Processing file /opt/airflow/dags/youtube_extraction.py for tasks to queue
[2026-09-16T11:16:02.812+0000] {logging_mixin.py:188} INFO - [2026-09-16T11:16:02.812+0000] {dagbag.py:545} INFO - Filling up the DagBag from /opt/airflow/dags/youtube_extraction.py
[2026-09-16T11:16:02.837+0000] {processor.py:840} INFO - DAG(s) 'youtube_extraction' retrieved from /opt/airflow/dags/youtube_extraction.py
[2026-09-16T11:16:02.872+0000] {logging_mixin.py:188} INFO - [2026-09-16T11:16:02.872+0000] {dag.py:3096} INFO - Sync 1 DAGs
[2026-09-16T11:16:02.889+0000] {logging_mixin.py:188} INFO - [2026-09-16T11:16:02.889+0000] {dag.py:3954} INFO - Setting next_dagrun for youtube_extraction to None, run_after=None
[2026-09-16T11:16:02.927+0000] {processor.py:183} INFO - Processing /opt/airflow/dags/youtube_extraction.py took 0.132 seconds
[2026-09-16T11:16:33.015+0000] {processor.py:161} INFO - Started process (PID=3689) to work on /opt/airflow/dags/youtube_extraction.py
[2026-09-16T11:16:33.023+0000] {processor.py:830} INFO - Processing file /opt/airflow/dags/youtube_extraction.py for tasks to queue
[2026-09-16T11:16:33.029+0000] {logging_mixin.py:188} INFO - [2026-09-16T11:16:33.028+0000] {dagbag.py:545} INFO - Filling up the DagBag from /opt/airflow/dags/youtube_extraction.py
[2026-09-16T11:16:33.064+0000] {processor.py:840} INFO - DAG(s) 'youtube_extraction' retrieved from /opt/airflow/dags/youtube_extraction.py
[2026-09-16T11:16:33.153+0000] {logging_mixin.py:188} INFO - [2026-09-16T11:16:33.152+0000] {dag.py:3096} INFO - Sync 1 DAGs
[2026-09-16T11:16:33.190+0000] {logging_mixin.py:188} INFO - [2026-09-16T11:16:33.189+0000] {dag.py:3954} INFO - Setting next_dagrun for youtube_extraction to None, run_after=None
[2026-09-16T11:16:33.248+0000] {processor.py:183} INFO - Processing /opt/airflow/dags/youtube_extraction.py took 0.250 seconds
[2026-09-16T11:17:03.393+0000] {processor.py:161} INFO - Started process (PID=3700) to work on /opt/airflow/dags/youtube_extraction.py
[2026-09-16T11:17:03.400+0000] {processor.py:830} INFO - Processing file /opt/airflow/dags/youtube_extraction.py for tasks to queue
[2026-09-16T11:17:03.407+0000] {logging_mixin.py:188} INFO - [2026-09-16T11:17:03.406+0000] {dagbag.py:545} INFO - Filling up the DagBag from /opt/airflow/dags/youtube_extraction.py
[2026-09-16T11:17:03.437+0000] {processor.py:840} INFO - DAG(s) 'youtube_extraction' retrieved from /opt/airflow/dags/youtube_extraction.py
[2026-09-16T11:17:03.510+0000] {logging_mixin.py:188} INFO - [2026-09-16T11:17:03.509+0000] {dag.py:3096} INFO - Sync 1 DAGs
[2026-09-16T11:17:03.542+0000] {logging_mixin.py:188} INFO - [2026-09-16T11:17:03.541+0000] {dag.py:3954} INFO - Setting next_dagrun for youtube_extraction to None, run_after=None
[2026-09-16T11:17:03.596+0000] {processor.py:183} INFO - Processing /opt/airflow/dags/youtube_extraction.py took 0.226 seconds
[2026-09-16T11:17:33.842+0000] {processor.py:161} INFO - Started process (PID=3711) to work on /opt/airflow/dags/youtube_extraction.py
[2026-09-16T11:17:33.845+0000] {processor.py:830} INFO - Processing file /opt/airflow/dags/youtube_extraction.py for tasks to queue
[2026-09-16T11:17:33.850+0000] {logging_mixin.py:188} INFO - [2026-09-16T11:17:33.849+0000] {dagbag.py:545} INFO - Filling up the DagBag from /opt/airflow/dags/youtube_extraction.py
[2026-09-16T11:17:33.873+0000] {processor.py:840} INFO - DAG(s) 'youtube_extraction' retrieved from /opt/airflow/dags/youtube_extraction.py
[2026-09-16T11:17:33.912+0000] {logging_mixin.py:188} INFO - [2026-09-16T11:17:33.912+0000] {dag.py:3096} INFO - Sync 1 DAGs
[2026-09-16T11:17:33.930+0000] {logging_mixin.py:188} INFO - [2026-09-16T11:17:33.930+0000] {dag.py:3954} INFO - Setting next_dagrun for youtube_extraction to None, run_after=None
[2026-09-16T11:17:33.960+0000] {processor.py:183} INFO - Processing /opt/airflow/dags/youtube_extraction.py took 0.126 seconds
[2026-09-16T11:18:04.015+0000] {processor.py:161} INFO - Started process (PID=3722) to work on /opt/airflow/dags/youtube_extraction.py
[2026-09-16T11:18:04.017+0000] {processor.py:830} INFO - Processing file /opt/airflow/dags/youtube_extraction.py for tasks to queue
[2026-09-16T11:18:04.021+0000] {logging_mixin.py:188} INFO - [2026-09-16T11:18:04.020+0000] {dagbag.py:545} INFO - Filling up the DagBag from /opt/airflow/dags/youtube_extraction.py
[2026-09-16T11:18:04.040+0000] {processor.py:840} INFO - DAG(s) 'youtube_extraction' retrieved from /opt/airflow/dags/youtube_extraction.py
[2026-09-16T11:18:04.077+0000] {logging_mixin.py:188} INFO - [2026-09-16T11:18:04.077+0000] {dag.py:3096} INFO - Sync 1 DAGs
[2026-09-16T11:18:04.091+0000] {logging_mixin.py:188} INFO - [2026-09-16T11:18:04.091+0000] {dag.py:3954} INFO - Setting next_dagrun for youtube_extraction to None, run_after=None
[2026-09-16T11:18:04.122+0000] {processor.py:183} INFO - Processing /opt/airflow/dags/youtube_extraction.py took 0.115 seconds
[2026-09-16T11:18:34.320+0000] {processor.py:161} INFO - Started process (PID=3733) to work on /opt/airflow/dags/youtube_extraction.py
[2026-09-16T11:18:34.323+0000] {processor.py:830} INFO - Processing file /opt/airflow/dags/youtube_extraction.py for tasks to queue
[2026-09-16T11:18:34.325+0000] {logging_mixin.py:188} INFO - [2026-09-16T11:18:34.325+0000] {dagbag.py:545} INFO - Filling up the DagBag from /opt/airflow/dags/youtube_extraction.py
[2026-09-16T11:18:34.344+0000] {processor.py:840} INFO - DAG(s) 'youtube_extraction' retrieved from /opt/airflow/dags/youtube_extraction.py
[2026-09-16T11:18:34.383+0000] {logging_mixin.py:188} INFO - [2026-09-16T11:18:34.382+0000] {dag.py:3096} INFO - Sync 1 DAGs
[2026-09-16T11:18:34.404+0000] {logging_mixin.py:188} INFO - [2026-09-16T11:18:34.404+0000] {dag.py:3954} INFO - Setting next_dagrun for youtube_extraction to None, run_after=None
[2026-09-16T11:18:34.445+0000] {processor.py:183} INFO - Processing /opt/airflow/dags/youtube_extraction.py took 0.132 seconds
[2026-09-16T11:19:04.516+0000] {processor.py:161} INFO - Started process (PID=3744) to work on /opt/airflow/dags/youtube_extraction.py
[2026-09-16T11:19:04.519+0000] {processor.py:830} INFO - Processing file /opt/airflow/dags/youtube_extraction.py for tasks to queue
[2026-09-16T11:19:04.522+0000] {logging_mixin.py:188} INFO - [2026-09-16T11:19:04.522+0000] {dagbag.py:545} INFO - Filling up the DagBag from /opt/airflow/dags/youtube_extraction.py
[2026-09-16T11:19:04.543+0000] {processor.py:840} INFO - DAG(s) 'youtube_extraction' retrieved from /opt/airflow/dags/youtube_extraction.py
[2026-09-16T11:19:04.586+0000] {logging_mixin.py:188} INFO - [2026-09-16T11:19:04.585+0000] {dag.py:3096} INFO - Sync 1 DAGs
[2026-09-16T11:19:04.608+0000] {logging_mixin.py:188} INFO - [2026-09-16T11:19:04.607+0000] {dag.py:3954} INFO - Setting next_dagrun for youtube_extraction to None, run_after=None
[2026-09-16T11:19:04.647+0000] {processor.py:183} INFO - Processing /opt/airflow/dags/youtube_extraction.py took 0.138 seconds
[2026-09-16T11:19:34.819+0000] {processor.py:161} INFO - Started process (PID=3755) to work on /opt/airflow/dags/youtube_extraction.py
[2026-09-16T11:19:34.823+0000] {processor.py:830} INFO - Processing file /opt/airflow/dags/youtube_extraction.py for tasks to queue
[2026-09-16T11:19:34.827+0000] {logging_mixin.py:188} INFO - [2026-09-16T11:19:34.826+0000] {dagbag.py:545} INFO - Filling up the DagBag from /opt/airflow/dags/youtube_extraction.py
[2026-09-16T11:19:34.844+0000] {processor.py:840} INFO - DAG(s) 'youtube_extraction' retrieved from /opt/airflow/dags/youtube_extraction.py
[2026-09-16T11:19:34.877+0000] {logging_mixin.py:188} INFO - [2026-09-16T11:19:34.877+0000] {dag.py:3096} INFO - Sync 1 DAGs
[2026-09-16T11:19:34.893+0000] {logging_mixin.py:188} INFO - [2026-09-16T11:19:34.893+0000] {dag.py:3954} INFO - Setting next_dagrun for youtube_extraction to None, run_after=None
[2026-09-16T11:19:34.925+0000] {processor.py:183} INFO - Processing /opt/airflow/dags/youtube_extraction.py took 0.113 seconds
[2026-09-16T11:20:05.005+0000] {processor.py:161} INFO - Started process (PID=3766) to work on /opt/airflow/dags/youtube_extraction.py
[2026-09-16T11:20:05.008+0000] {processor.py:830} INFO - Processing file /opt/airflow/dags/youtube_extraction.py for tasks to queue
[2026-09-16T11:20:05.012+0000] {logging_mixin.py:188} INFO - [2026-09-16T11:20:05.011+0000] {dagbag.py:545} INFO - Filling up the DagBag from /opt/airflow/dags/youtube_extraction.py
[2026-09-16T11:20:05.031+0000] {processor.py:840} INFO - DAG(s) 'youtube_extraction' retrieved from /opt/airflow/dags/youtube_extraction.py
[2026-09-16T11:20:05.063+0000] {logging_mixin.py:188} INFO - [2026-09-16T11:20:05.063+0000] {dag.py:3096} INFO - Sync 1 DAGs
[2026-09-16T11:20:05.079+0000] {logging_mixin.py:188} INFO - [2026-09-16T11:20:05.078+0000] {dag.py:3954} INFO - Setting next_dagrun for youtube_extraction to None, run_after=None
[2026-09-16T11:20:05.121+0000] {processor.py:183} INFO - Processing /opt/airflow/dags/youtube_extraction.py took 0.123 seconds
[2026-09-16T11:20:35.270+0000] {processor.py:161} INFO - Started process (PID=3777) to work on /opt/airflow/dags/youtube_extraction.py
[2026-09-16T11:20:35.272+0000] {processor.py:830} INFO - Processing file /opt/airflow/dags/youtube_extraction.py for tasks to queue
[2026-09-16T11:20:35.276+0000] {logging_mixin.py:188} INFO - [2026-09-16T11:20:35.275+0000] {dagbag.py:545} INFO - Filling up the DagBag from /opt/airflow/dags/youtube_extraction.py
[2026-09-16T11:20:35.293+0000] {processor.py:840} INFO - DAG(s) 'youtube_extraction' retrieved from /opt/airflow/dags/youtube_extraction.py
[2026-09-16T11:20:35.326+0000] {logging_mixin.py:188} INFO - [2026-09-16T11:20:35.326+0000] {dag.py:3096} INFO - Sync 1 DAGs
[2026-09-16T11:20:35.341+0000] {logging_mixin.py:188} INFO - [2026-09-16T11:20:35.341+0000] {dag.py:3954} INFO - Setting next_dagrun for youtube_extraction to None, run_after=None
[2026-09-16T11:20:35.373+0000] {processor.py:183} INFO - Processing /opt/airflow/dags/youtube_extraction.py took 0.111 seconds
[2026-09-16T11:21:05.498+0000] {processor.py:161} INFO - Started process (PID=3788) to work on /opt/airflow/dags/youtube_extraction.py
[2026-09-16T11:21:05.500+0000] {processor.py:830} INFO - Processing file /opt/airflow/dags/youtube_extraction.py for tasks to queue
[2026-09-16T11:21:05.504+0000] {logging_mixin.py:188} INFO - [2026-09-16T11:21:05.504+0000] {dagbag.py:545} INFO - Filling up the DagBag from /opt/airflow/dags/youtube_extraction.py
[2026-09-16T11:21:05.522+0000] {processor.py:840} INFO - DAG(s) 'youtube_extraction' retrieved from /opt/airflow/dags/youtube_extraction.py
[2026-09-16T11:21:05.560+0000] {logging_mixin.py:188} INFO - [2026-09-16T11:21:05.560+0000] {dag.py:3096} INFO - Sync 1 DAGs
[2026-09-16T11:21:05.576+0000] {logging_mixin.py:188} INFO - [2026-09-16T11:21:05.575+0000] {dag.py:3954} INFO - Setting next_dagrun for youtube_extraction to None, run_after=None
[2026-09-16T11:21:05.610+0000] {processor.py:183} INFO - Processing /opt/airflow/dags/youtube_extraction.py took 0.120 seconds
[2026-09-16T11:21:35.750+0000] {processor.py:161} INFO - Started process (PID=3799) to work on /opt/airflow/dags/youtube_extraction.py
[2026-09-16T11:21:35.752+0000] {processor.py:830} INFO - Processing file /opt/airflow/dags/youtube_extraction.py for tasks to queue
[2026-09-16T11:21:35.756+0000] {logging_mixin.py:188} INFO - [2026-09-16T11:21:35.755+0000] {dagbag.py:545} INFO - Filling up the DagBag from /opt/airflow/dags/youtube_extraction.py
[2026-09-16T11:21:35.775+0000] {processor.py:840} INFO - DAG(s) 'youtube_extraction' retrieved from /opt/airflow/dags/youtube_extraction.py
[2026-09-16T11:21:35.819+0000] {logging_mixin.py:188} INFO - [2026-09-16T11:21:35.819+0000] {dag.py:3096} INFO - Sync 1 DAGs
[2026-09-16T11:21:35.842+0000] {logging_mixin.py:188} INFO - [2026-09-16T11:21:35.841+0000] {dag.py:3954} INFO - Setting next_dagrun for youtube_extraction to None, run_after=None
[2026-09-16T11:21:35.894+0000] {processor.py:183} INFO - Processing /opt/airflow/dags/youtube_extraction.py took 0.153 seconds
[2026-09-16T11:22:05.981+0000] {processor.py:161} INFO - Started process (PID=3810) to work on /opt/airflow/dags/youtube_extraction.py
[2026-09-16T11:22:05.984+0000] {processor.py:830} INFO - Processing file /opt/airflow/dags/youtube_extraction.py for tasks to queue
[2026-09-16T11:22:05.988+0000] {logging_mixin.py:188} INFO - [2026-09-16T11:22:05.987+0000] {dagbag.py:545} INFO - Filling up the DagBag from /opt/airflow/dags/youtube_extraction.py
[2026-09-16T11:22:06.007+0000] {processor.py:840} INFO - DAG(s) 'youtube_extraction' retrieved from /opt/airflow/dags/youtube_extraction.py
[2026-09-16T11:22:06.043+0000] {logging_mixin.py:188} INFO - [2026-09-16T11:22:06.043+0000] {dag.py:3096} INFO - Sync 1 DAGs
[2026-09-16T11:22:06.061+0000] {logging_mixin.py:188} INFO - [2026-09-16T11:22:06.060+0000] {dag.py:3954} INFO - Setting next_dagrun for youtube_extraction to None, run_after=None
[2026-09-16T11:22:06.096+0000] {processor.py:183} INFO - Processing /opt/airflow/dags/youtube_extraction.py took 0.126 seconds
[2026-09-16T11:22:36.319+0000] {processor.py:161} INFO - Started process (PID=3821) to work on /opt/airflow/dags/youtube_extraction.py
[2026-09-16T11:22:36.321+0000] {processor.py:830} INFO - Processing file /opt/airflow/dags/youtube_extraction.py for tasks to queue
[2026-09-16T11:22:36.324+0000] {logging_mixin.py:188} INFO - [2026-09-16T11:22:36.324+0000] {dagbag.py:545} INFO - Filling up the DagBag from /opt/airflow/dags/youtube_extraction.py
[2026-09-16T11:22:36.342+0000] {processor.py:840} INFO - DAG(s) 'youtube_extraction' retrieved from /opt/airflow/dags/youtube_extraction.py
[2026-09-16T11:22:36.373+0000] {logging_mixin.py:188} INFO - [2026-09-16T11:22:36.372+0000] {dag.py:3096} INFO - Sync 1 DAGs
[2026-09-16T11:22:36.390+0000] {logging_mixin.py:188} INFO - [2026-09-16T11:22:36.390+0000] {dag.py:3954} INFO - Setting next_dagrun for youtube_extraction to None, run_after=None
[2026-09-16T11:22:36.421+0000] {processor.py:183} INFO - Processing /opt/airflow/dags/youtube_extraction.py took 0.111 seconds
[2026-09-16T11:23:06.535+0000] {processor.py:161} INFO - Started process (PID=3832) to work on /opt/airflow/dags/youtube_extraction.py
[2026-09-16T11:23:06.539+0000] {processor.py:830} INFO - Processing file /opt/airflow/dags/youtube_extraction.py for tasks to queue
[2026-09-16T11:23:06.543+0000] {logging_mixin.py:188} INFO - [2026-09-16T11:23:06.542+0000] {dagbag.py:545} INFO - Filling up the DagBag from /opt/airflow/dags/youtube_extraction.py
[2026-09-16T11:23:06.565+0000] {processor.py:840} INFO - DAG(s) 'youtube_extraction' retrieved from /opt/airflow/dags/youtube_extraction.py
[2026-09-16T11:23:06.620+0000] {logging_mixin.py:188} INFO - [2026-09-16T11:23:06.620+0000] {dag.py:3096} INFO - Sync 1 DAGs
[2026-09-16T11:23:06.644+0000] {logging_mixin.py:188} INFO - [2026-09-16T11:23:06.644+0000] {dag.py:3954} INFO - Setting next_dagrun for youtube_extraction to None, run_after=None
[2026-09-16T11:23:06.691+0000] {processor.py:183} INFO - Processing /opt/airflow/dags/youtube_extraction.py took 0.165 seconds
[2026-09-16T11:23:36.797+0000] {processor.py:161} INFO - Started process (PID=3843) to work on /opt/airflow/dags/youtube_extraction.py
[2026-09-16T11:23:36.799+0000] {processor.py:830} INFO - Processing file /opt/airflow/dags/youtube_extraction.py for tasks to queue
[2026-09-16T11:23:36.803+0000] {logging_mixin.py:188} INFO - [2026-09-16T11:23:36.803+0000] {dagbag.py:545} INFO - Filling up the DagBag from /opt/airflow/dags/youtube_extraction.py
[2026-09-16T11:23:36.819+0000] {processor.py:840} INFO - DAG(s) 'youtube_extraction' retrieved from /opt/airflow/dags/youtube_extraction.py
[2026-09-16T11:23:36.854+0000] {logging_mixin.py:188} INFO - [2026-09-16T11:23:36.854+0000] {dag.py:3096} INFO - Sync 1 DAGs
[2026-09-16T11:23:36.869+0000] {logging_mixin.py:188} INFO - [2026-09-16T11:23:36.869+0000] {dag.py:3954} INFO - Setting next_dagrun for youtube_extraction to None, run_after=None
[2026-09-16T11:23:36.901+0000] {processor.py:183} INFO - Processing /opt/airflow/dags/youtube_extraction.py took 0.112 seconds
[2026-09-16T11:24:07.056+0000] {processor.py:161} INFO - Started process (PID=3854) to work on /opt/airflow/dags/youtube_extraction.py
[2026-09-16T11:24:07.058+0000] {processor.py:830} INFO - Processing file /opt/airflow/dags/youtube_extraction.py for tasks to queue
[2026-09-16T11:24:07.063+0000] {logging_mixin.py:188} INFO - [2026-09-16T11:24:07.062+0000] {dagbag.py:545} INFO - Filling up the DagBag from /opt/airflow/dags/youtube_extraction.py
[2026-09-16T11:24:07.081+0000] {processor.py:840} INFO - DAG(s) 'youtube_extraction' retrieved from /opt/airflow/dags/youtube_extraction.py
[2026-09-16T11:24:07.116+0000] {logging_mixin.py:188} INFO - [2026-09-16T11:24:07.116+0000] {dag.py:3096} INFO - Sync 1 DAGs
[2026-09-16T11:24:07.131+0000] {logging_mixin.py:188} INFO - [2026-09-16T11:24:07.131+0000] {dag.py:3954} INFO - Setting next_dagrun for youtube_extraction to None, run_after=None
[2026-09-16T11:24:07.156+0000] {processor.py:183} INFO - Processing /opt/airflow/dags/youtube_extraction.py took 0.110 seconds
[2026-09-16T13:02:28.737+0000] {processor.py:161} INFO - Started process (PID=3859) to work on /opt/airflow/dags/youtube_extraction.py
[2026-09-16T13:02:28.793+0000] {processor.py:830} INFO - Processing file /opt/airflow/dags/youtube_extraction.py for tasks to queue
[2026-09-16T13:02:28.812+0000] {logging_mixin.py:188} INFO - [2026-09-16T13:02:28.811+0000] {dagbag.py:545} INFO - Filling up the DagBag from /opt/airflow/dags/youtube_extraction.py
[2026-09-16T13:02:29.106+0000] {processor.py:840} INFO - DAG(s) 'youtube_extraction' retrieved from /opt/airflow/dags/youtube_extraction.py
[2026-09-16T13:02:29.315+0000] {logging_mixin.py:188} INFO - [2026-09-16T13:02:29.315+0000] {dag.py:3096} INFO - Sync 1 DAGs
[2026-09-16T13:02:29.396+0000] {logging_mixin.py:188} INFO - [2026-09-16T13:02:29.395+0000] {dag.py:3954} INFO - Setting next_dagrun for youtube_extraction to None, run_after=None
[2026-09-16T13:02:29.629+0000] {processor.py:183} INFO - Processing /opt/airflow/dags/youtube_extraction.py took 0.924 seconds
[2026-09-16T13:02:59.913+0000] {processor.py:161} INFO - Started process (PID=3870) to work on /opt/airflow/dags/youtube_extraction.py
[2026-09-16T13:02:59.915+0000] {processor.py:830} INFO - Processing file /opt/airflow/dags/youtube_extraction.py for tasks to queue
[2026-09-16T13:02:59.918+0000] {logging_mixin.py:188} INFO - [2026-09-16T13:02:59.917+0000] {dagbag.py:545} INFO - Filling up the DagBag from /opt/airflow/dags/youtube_extraction.py
[2026-09-16T13:02:59.935+0000] {processor.py:840} INFO - DAG(s) 'youtube_extraction' retrieved from /opt/airflow/dags/youtube_extraction.py
[2026-09-16T13:02:59.974+0000] {logging_mixin.py:188} INFO - [2026-09-16T13:02:59.973+0000] {dag.py:3096} INFO - Sync 1 DAGs
[2026-09-16T13:02:59.992+0000] {logging_mixin.py:188} INFO - [2026-09-16T13:02:59.992+0000] {dag.py:3954} INFO - Setting next_dagrun for youtube_extraction to None, run_after=None
[2026-09-16T13:03:00.229+0000] {processor.py:183} INFO - Processing /opt/airflow/dags/youtube_extraction.py took 0.325 seconds
[2026-09-16T13:03:30.419+0000] {processor.py:161} INFO - Started process (PID=3881) to work on /opt/airflow/dags/youtube_extraction.py
[2026-09-16T13:03:30.422+0000] {processor.py:830} INFO - Processing file /opt/airflow/dags/youtube_extraction.py for tasks to queue
[2026-09-16T13:03:30.425+0000] {logging_mixin.py:188} INFO - [2026-09-16T13:03:30.425+0000] {dagbag.py:545} INFO - Filling up the DagBag from /opt/airflow/dags/youtube_extraction.py
[2026-09-16T13:03:30.444+0000] {processor.py:840} INFO - DAG(s) 'youtube_extraction' retrieved from /opt/airflow/dags/youtube_extraction.py
[2026-09-16T13:03:30.495+0000] {logging_mixin.py:188} INFO - [2026-09-16T13:03:30.495+0000] {dag.py:3096} INFO - Sync 1 DAGs
[2026-09-16T13:03:30.513+0000] {logging_mixin.py:188} INFO - [2026-09-16T13:03:30.512+0000] {dag.py:3954} INFO - Setting next_dagrun for youtube_extraction to None, run_after=None
[2026-09-16T13:03:30.544+0000] {processor.py:183} INFO - Processing /opt/airflow/dags/youtube_extraction.py took 0.133 seconds
[2026-09-16T13:04:00.660+0000] {processor.py:161} INFO - Started process (PID=3892) to work on /opt/airflow/dags/youtube_extraction.py
[2026-09-16T13:04:00.663+0000] {processor.py:830} INFO - Processing file /opt/airflow/dags/youtube_extraction.py for tasks to queue
[2026-09-16T13:04:00.667+0000] {logging_mixin.py:188} INFO - [2026-09-16T13:04:00.667+0000] {dagbag.py:545} INFO - Filling up the DagBag from /opt/airflow/dags/youtube_extraction.py
[2026-09-16T13:04:00.699+0000] {processor.py:840} INFO - DAG(s) 'youtube_extraction' retrieved from /opt/airflow/dags/youtube_extraction.py
[2026-09-16T13:04:00.814+0000] {logging_mixin.py:188} INFO - [2026-09-16T13:04:00.813+0000] {dag.py:3096} INFO - Sync 1 DAGs
[2026-09-16T13:04:00.887+0000] {logging_mixin.py:188} INFO - [2026-09-16T13:04:00.886+0000] {dag.py:3954} INFO - Setting next_dagrun for youtube_extraction to None, run_after=None
[2026-09-16T13:04:01.026+0000] {processor.py:183} INFO - Processing /opt/airflow/dags/youtube_extraction.py took 0.387 seconds
[2026-09-16T13:04:31.253+0000] {processor.py:161} INFO - Started process (PID=3903) to work on /opt/airflow/dags/youtube_extraction.py
[2026-09-16T13:04:31.257+0000] {processor.py:830} INFO - Processing file /opt/airflow/dags/youtube_extraction.py for tasks to queue
[2026-09-16T13:04:31.263+0000] {logging_mixin.py:188} INFO - [2026-09-16T13:04:31.262+0000] {dagbag.py:545} INFO - Filling up the DagBag from /opt/airflow/dags/youtube_extraction.py
[2026-09-16T13:04:31.282+0000] {processor.py:840} INFO - DAG(s) 'youtube_extraction' retrieved from /opt/airflow/dags/youtube_extraction.py
[2026-09-16T13:04:31.323+0000] {logging_mixin.py:188} INFO - [2026-09-16T13:04:31.323+0000] {dag.py:3096} INFO - Sync 1 DAGs
[2026-09-16T13:04:31.339+0000] {logging_mixin.py:188} INFO - [2026-09-16T13:04:31.338+0000] {dag.py:3954} INFO - Setting next_dagrun for youtube_extraction to None, run_after=None
[2026-09-16T13:04:31.363+0000] {processor.py:183} INFO - Processing /opt/airflow/dags/youtube_extraction.py took 0.121 seconds
[2026-09-16T13:05:01.435+0000] {processor.py:161} INFO - Started process (PID=3914) to work on /opt/airflow/dags/youtube_extraction.py
[2026-09-16T13:05:01.437+0000] {processor.py:830} INFO - Processing file /opt/airflow/dags/youtube_extraction.py for tasks to queue
[2026-09-16T13:05:01.440+0000] {logging_mixin.py:188} INFO - [2026-09-16T13:05:01.440+0000] {dagbag.py:545} INFO - Filling up the DagBag from /opt/airflow/dags/youtube_extraction.py
[2026-09-16T13:05:01.456+0000] {processor.py:840} INFO - DAG(s) 'youtube_extraction' retrieved from /opt/airflow/dags/youtube_extraction.py
[2026-09-16T13:05:01.488+0000] {logging_mixin.py:188} INFO - [2026-09-16T13:05:01.488+0000] {dag.py:3096} INFO - Sync 1 DAGs
[2026-09-16T13:05:01.504+0000] {logging_mixin.py:188} INFO - [2026-09-16T13:05:01.503+0000] {dag.py:3954} INFO - Setting next_dagrun for youtube_extraction to None, run_after=None
[2026-09-16T13:05:01.530+0000] {processor.py:183} INFO - Processing /opt/airflow/dags/youtube_extraction.py took 0.102 seconds
[2026-09-16T13:05:31.617+0000] {processor.py:161} INFO - Started process (PID=3925) to work on /opt/airflow/dags/youtube_extraction.py
[2026-09-16T13:05:31.619+0000] {processor.py:830} INFO - Processing file /opt/airflow/dags/youtube_extraction.py for tasks to queue
[2026-09-16T13:05:31.623+0000] {logging_mixin.py:188} INFO - [2026-09-16T13:05:31.622+0000] {dagbag.py:545} INFO - Filling up the DagBag from /opt/airflow/dags/youtube_extraction.py
[2026-09-16T13:05:31.640+0000] {processor.py:840} INFO - DAG(s) 'youtube_extraction' retrieved from /opt/airflow/dags/youtube_extraction.py
[2026-09-16T13:05:31.673+0000] {logging_mixin.py:188} INFO - [2026-09-16T13:05:31.672+0000] {dag.py:3096} INFO - Sync 1 DAGs
[2026-09-16T13:05:31.689+0000] {logging_mixin.py:188} INFO - [2026-09-16T13:05:31.688+0000] {dag.py:3954} INFO - Setting next_dagrun for youtube_extraction to None, run_after=None
[2026-09-16T13:05:31.721+0000] {processor.py:183} INFO - Processing /opt/airflow/dags/youtube_extraction.py took 0.111 seconds
[2026-09-16T13:06:01.878+0000] {processor.py:161} INFO - Started process (PID=3936) to work on /opt/airflow/dags/youtube_extraction.py
[2026-09-16T13:06:01.880+0000] {processor.py:830} INFO - Processing file /opt/airflow/dags/youtube_extraction.py for tasks to queue
[2026-09-16T13:06:01.884+0000] {logging_mixin.py:188} INFO - [2026-09-16T13:06:01.884+0000] {dagbag.py:545} INFO - Filling up the DagBag from /opt/airflow/dags/youtube_extraction.py
[2026-09-16T13:06:01.902+0000] {processor.py:840} INFO - DAG(s) 'youtube_extraction' retrieved from /opt/airflow/dags/youtube_extraction.py
[2026-09-16T13:06:01.933+0000] {logging_mixin.py:188} INFO - [2026-09-16T13:06:01.932+0000] {dag.py:3096} INFO - Sync 1 DAGs
[2026-09-16T13:06:01.948+0000] {logging_mixin.py:188} INFO - [2026-09-16T13:06:01.948+0000] {dag.py:3954} INFO - Setting next_dagrun for youtube_extraction to None, run_after=None
[2026-09-16T13:06:01.973+0000] {processor.py:183} INFO - Processing /opt/airflow/dags/youtube_extraction.py took 0.101 seconds
[2026-09-16T13:06:32.071+0000] {processor.py:161} INFO - Started process (PID=3947) to work on /opt/airflow/dags/youtube_extraction.py
[2026-09-16T13:06:32.074+0000] {processor.py:830} INFO - Processing file /opt/airflow/dags/youtube_extraction.py for tasks to queue
[2026-09-16T13:06:32.078+0000] {logging_mixin.py:188} INFO - [2026-09-16T13:06:32.078+0000] {dagbag.py:545} INFO - Filling up the DagBag from /opt/airflow/dags/youtube_extraction.py
[2026-09-16T13:06:32.096+0000] {processor.py:840} INFO - DAG(s) 'youtube_extraction' retrieved from /opt/airflow/dags/youtube_extraction.py
[2026-09-16T13:06:32.128+0000] {logging_mixin.py:188} INFO - [2026-09-16T13:06:32.128+0000] {dag.py:3096} INFO - Sync 1 DAGs
[2026-09-16T13:06:32.144+0000] {logging_mixin.py:188} INFO - [2026-09-16T13:06:32.143+0000] {dag.py:3954} INFO - Setting next_dagrun for youtube_extraction to None, run_after=None
[2026-09-16T13:06:32.178+0000] {processor.py:183} INFO - Processing /opt/airflow/dags/youtube_extraction.py took 0.113 seconds
[2026-09-16T13:07:02.324+0000] {processor.py:161} INFO - Started process (PID=3958) to work on /opt/airflow/dags/youtube_extraction.py
[2026-09-16T13:07:02.327+0000] {processor.py:830} INFO - Processing file /opt/airflow/dags/youtube_extraction.py for tasks to queue
[2026-09-16T13:07:02.331+0000] {logging_mixin.py:188} INFO - [2026-09-16T13:07:02.331+0000] {dagbag.py:545} INFO - Filling up the DagBag from /opt/airflow/dags/youtube_extraction.py
[2026-09-16T13:07:02.348+0000] {processor.py:840} INFO - DAG(s) 'youtube_extraction' retrieved from /opt/airflow/dags/youtube_extraction.py
[2026-09-16T13:07:02.379+0000] {logging_mixin.py:188} INFO - [2026-09-16T13:07:02.378+0000] {dag.py:3096} INFO - Sync 1 DAGs
[2026-09-16T13:07:02.393+0000] {logging_mixin.py:188} INFO - [2026-09-16T13:07:02.393+0000] {dag.py:3954} INFO - Setting next_dagrun for youtube_extraction to None, run_after=None
[2026-09-16T13:07:02.423+0000] {processor.py:183} INFO - Processing /opt/airflow/dags/youtube_extraction.py took 0.107 seconds
[2026-09-16T13:07:32.555+0000] {processor.py:161} INFO - Started process (PID=3969) to work on /opt/airflow/dags/youtube_extraction.py
[2026-09-16T13:07:32.716+0000] {processor.py:830} INFO - Processing file /opt/airflow/dags/youtube_extraction.py for tasks to queue
[2026-09-16T13:07:32.725+0000] {logging_mixin.py:188} INFO - [2026-09-16T13:07:32.724+0000] {dagbag.py:545} INFO - Filling up the DagBag from /opt/airflow/dags/youtube_extraction.py
[2026-09-16T13:07:32.748+0000] {processor.py:840} INFO - DAG(s) 'youtube_extraction' retrieved from /opt/airflow/dags/youtube_extraction.py
[2026-09-16T13:07:32.780+0000] {logging_mixin.py:188} INFO - [2026-09-16T13:07:32.780+0000] {dag.py:3096} INFO - Sync 1 DAGs
[2026-09-16T13:07:32.797+0000] {logging_mixin.py:188} INFO - [2026-09-16T13:07:32.796+0000] {dag.py:3954} INFO - Setting next_dagrun for youtube_extraction to None, run_after=None
[2026-09-16T13:32:10.354+0000] {processor.py:183} INFO - Processing /opt/airflow/dags/youtube_extraction.py took 0.791 seconds
[2026-09-16T13:32:40.895+0000] {processor.py:161} INFO - Started process (PID=3980) to work on /opt/airflow/dags/youtube_extraction.py
[2026-09-16T13:32:40.898+0000] {processor.py:830} INFO - Processing file /opt/airflow/dags/youtube_extraction.py for tasks to queue
[2026-09-16T13:32:40.902+0000] {logging_mixin.py:188} INFO - [2026-09-16T13:32:40.901+0000] {dagbag.py:545} INFO - Filling up the DagBag from /opt/airflow/dags/youtube_extraction.py
[2026-09-16T13:32:40.936+0000] {processor.py:840} INFO - DAG(s) 'youtube_extraction' retrieved from /opt/airflow/dags/youtube_extraction.py
[2026-09-16T13:32:41.089+0000] {logging_mixin.py:188} INFO - [2026-09-16T13:32:41.089+0000] {dag.py:3096} INFO - Sync 1 DAGs
[2026-09-16T13:32:41.103+0000] {logging_mixin.py:188} INFO - [2026-09-16T13:32:41.103+0000] {dag.py:3954} INFO - Setting next_dagrun for youtube_extraction to None, run_after=None
[2026-09-16T13:32:41.141+0000] {processor.py:183} INFO - Processing /opt/airflow/dags/youtube_extraction.py took 0.261 seconds
[2026-09-16T13:33:11.339+0000] {processor.py:161} INFO - Started process (PID=3991) to work on /opt/airflow/dags/youtube_extraction.py
[2026-09-16T13:33:11.344+0000] {processor.py:830} INFO - Processing file /opt/airflow/dags/youtube_extraction.py for tasks to queue
[2026-09-16T13:33:11.347+0000] {logging_mixin.py:188} INFO - [2026-09-16T13:33:11.346+0000] {dagbag.py:545} INFO - Filling up the DagBag from /opt/airflow/dags/youtube_extraction.py
[2026-09-16T13:33:11.367+0000] {processor.py:840} INFO - DAG(s) 'youtube_extraction' retrieved from /opt/airflow/dags/youtube_extraction.py
[2026-09-16T13:33:11.413+0000] {logging_mixin.py:188} INFO - [2026-09-16T13:33:11.413+0000] {dag.py:3096} INFO - Sync 1 DAGs
[2026-09-16T13:33:11.432+0000] {logging_mixin.py:188} INFO - [2026-09-16T13:33:11.431+0000] {dag.py:3954} INFO - Setting next_dagrun for youtube_extraction to None, run_after=None
[2026-09-16T13:33:11.467+0000] {processor.py:183} INFO - Processing /opt/airflow/dags/youtube_extraction.py took 0.137 seconds
[2026-09-16T13:33:41.653+0000] {processor.py:161} INFO - Started process (PID=4002) to work on /opt/airflow/dags/youtube_extraction.py
[2026-09-16T13:33:41.655+0000] {processor.py:830} INFO - Processing file /opt/airflow/dags/youtube_extraction.py for tasks to queue
[2026-09-16T13:33:41.657+0000] {logging_mixin.py:188} INFO - [2026-09-16T13:33:41.657+0000] {dagbag.py:545} INFO - Filling up the DagBag from /opt/airflow/dags/youtube_extraction.py
[2026-09-16T13:33:41.673+0000] {processor.py:840} INFO - DAG(s) 'youtube_extraction' retrieved from /opt/airflow/dags/youtube_extraction.py
[2026-09-16T13:33:41.714+0000] {logging_mixin.py:188} INFO - [2026-09-16T13:33:41.714+0000] {dag.py:3096} INFO - Sync 1 DAGs
[2026-09-16T13:33:41.738+0000] {logging_mixin.py:188} INFO - [2026-09-16T13:33:41.738+0000] {dag.py:3954} INFO - Setting next_dagrun for youtube_extraction to None, run_after=None
[2026-09-16T13:33:41.779+0000] {processor.py:183} INFO - Processing /opt/airflow/dags/youtube_extraction.py took 0.133 seconds
[2026-09-16T13:34:11.831+0000] {processor.py:161} INFO - Started process (PID=4013) to work on /opt/airflow/dags/youtube_extraction.py
[2026-09-16T13:34:11.833+0000] {processor.py:830} INFO - Processing file /opt/airflow/dags/youtube_extraction.py for tasks to queue
[2026-09-16T13:34:11.835+0000] {logging_mixin.py:188} INFO - [2026-09-16T13:34:11.835+0000] {dagbag.py:545} INFO - Filling up the DagBag from /opt/airflow/dags/youtube_extraction.py
[2026-09-16T13:34:11.854+0000] {processor.py:840} INFO - DAG(s) 'youtube_extraction' retrieved from /opt/airflow/dags/youtube_extraction.py
[2026-09-16T13:34:11.891+0000] {logging_mixin.py:188} INFO - [2026-09-16T13:34:11.891+0000] {dag.py:3096} INFO - Sync 1 DAGs
[2026-09-16T13:34:11.908+0000] {logging_mixin.py:188} INFO - [2026-09-16T13:34:11.907+0000] {dag.py:3954} INFO - Setting next_dagrun for youtube_extraction to None, run_after=None
[2026-09-16T13:34:11.939+0000] {processor.py:183} INFO - Processing /opt/airflow/dags/youtube_extraction.py took 0.115 seconds
[2026-09-16T13:34:42.137+0000] {processor.py:161} INFO - Started process (PID=4024) to work on /opt/airflow/dags/youtube_extraction.py
[2026-09-16T13:34:42.139+0000] {processor.py:830} INFO - Processing file /opt/airflow/dags/youtube_extraction.py for tasks to queue
[2026-09-16T13:34:42.140+0000] {logging_mixin.py:188} INFO - [2026-09-16T13:34:42.140+0000] {dagbag.py:545} INFO - Filling up the DagBag from /opt/airflow/dags/youtube_extraction.py
[2026-09-16T13:34:42.160+0000] {processor.py:840} INFO - DAG(s) 'youtube_extraction' retrieved from /opt/airflow/dags/youtube_extraction.py
[2026-09-16T13:34:42.196+0000] {logging_mixin.py:188} INFO - [2026-09-16T13:34:42.196+0000] {dag.py:3096} INFO - Sync 1 DAGs
[2026-09-16T13:34:42.210+0000] {logging_mixin.py:188} INFO - [2026-09-16T13:34:42.210+0000] {dag.py:3954} INFO - Setting next_dagrun for youtube_extraction to None, run_after=None
[2026-09-16T13:34:42.235+0000] {processor.py:183} INFO - Processing /opt/airflow/dags/youtube_extraction.py took 0.109 seconds
[2026-09-16T13:35:12.330+0000] {processor.py:161} INFO - Started process (PID=4035) to work on /opt/airflow/dags/youtube_extraction.py
[2026-09-16T13:35:12.332+0000] {processor.py:830} INFO - Processing file /opt/airflow/dags/youtube_extraction.py for tasks to queue
[2026-09-16T13:35:12.334+0000] {logging_mixin.py:188} INFO - [2026-09-16T13:35:12.334+0000] {dagbag.py:545} INFO - Filling up the DagBag from /opt/airflow/dags/youtube_extraction.py
[2026-09-16T13:35:12.355+0000] {processor.py:840} INFO - DAG(s) 'youtube_extraction' retrieved from /opt/airflow/dags/youtube_extraction.py
[2026-09-16T13:35:12.394+0000] {logging_mixin.py:188} INFO - [2026-09-16T13:35:12.393+0000] {dag.py:3096} INFO - Sync 1 DAGs
[2026-09-16T13:35:12.410+0000] {logging_mixin.py:188} INFO - [2026-09-16T13:35:12.410+0000] {dag.py:3954} INFO - Setting next_dagrun for youtube_extraction to None, run_after=None
[2026-09-16T13:35:12.446+0000] {processor.py:183} INFO - Processing /opt/airflow/dags/youtube_extraction.py took 0.125 seconds
[2026-09-16T13:35:42.598+0000] {processor.py:161} INFO - Started process (PID=4046) to work on /opt/airflow/dags/youtube_extraction.py
[2026-09-16T13:35:42.601+0000] {processor.py:830} INFO - Processing file /opt/airflow/dags/youtube_extraction.py for tasks to queue
[2026-09-16T13:35:42.603+0000] {logging_mixin.py:188} INFO - [2026-09-16T13:35:42.602+0000] {dagbag.py:545} INFO - Filling up the DagBag from /opt/airflow/dags/youtube_extraction.py
[2026-09-16T13:35:42.620+0000] {processor.py:840} INFO - DAG(s) 'youtube_extraction' retrieved from /opt/airflow/dags/youtube_extraction.py
[2026-09-16T13:35:42.656+0000] {logging_mixin.py:188} INFO - [2026-09-16T13:35:42.655+0000] {dag.py:3096} INFO - Sync 1 DAGs
[2026-09-16T13:35:42.671+0000] {logging_mixin.py:188} INFO - [2026-09-16T13:35:42.671+0000] {dag.py:3954} INFO - Setting next_dagrun for youtube_extraction to None, run_after=None
[2026-09-16T13:35:42.700+0000] {processor.py:183} INFO - Processing /opt/airflow/dags/youtube_extraction.py took 0.111 seconds
[2026-09-16T13:36:12.810+0000] {processor.py:161} INFO - Started process (PID=4057) to work on /opt/airflow/dags/youtube_extraction.py
[2026-09-16T13:36:12.813+0000] {processor.py:830} INFO - Processing file /opt/airflow/dags/youtube_extraction.py for tasks to queue
[2026-09-16T13:36:12.816+0000] {logging_mixin.py:188} INFO - [2026-09-16T13:36:12.816+0000] {dagbag.py:545} INFO - Filling up the DagBag from /opt/airflow/dags/youtube_extraction.py
[2026-09-16T13:36:12.840+0000] {processor.py:840} INFO - DAG(s) 'youtube_extraction' retrieved from /opt/airflow/dags/youtube_extraction.py
[2026-09-16T13:36:12.906+0000] {logging_mixin.py:188} INFO - [2026-09-16T13:36:12.906+0000] {dag.py:3096} INFO - Sync 1 DAGs
[2026-09-16T13:36:12.933+0000] {logging_mixin.py:188} INFO - [2026-09-16T13:36:12.933+0000] {dag.py:3954} INFO - Setting next_dagrun for youtube_extraction to None, run_after=None
[2026-09-16T13:36:12.976+0000] {processor.py:183} INFO - Processing /opt/airflow/dags/youtube_extraction.py took 0.176 seconds
[2026-09-16T13:36:43.077+0000] {processor.py:161} INFO - Started process (PID=4068) to work on /opt/airflow/dags/youtube_extraction.py
[2026-09-16T13:36:43.080+0000] {processor.py:830} INFO - Processing file /opt/airflow/dags/youtube_extraction.py for tasks to queue
[2026-09-16T13:36:43.082+0000] {logging_mixin.py:188} INFO - [2026-09-16T13:36:43.082+0000] {dagbag.py:545} INFO - Filling up the DagBag from /opt/airflow/dags/youtube_extraction.py
[2026-09-16T13:36:43.103+0000] {processor.py:840} INFO - DAG(s) 'youtube_extraction' retrieved from /opt/airflow/dags/youtube_extraction.py
[2026-09-16T13:36:43.147+0000] {logging_mixin.py:188} INFO - [2026-09-16T13:36:43.147+0000] {dag.py:3096} INFO - Sync 1 DAGs
[2026-09-16T13:36:43.169+0000] {logging_mixin.py:188} INFO - [2026-09-16T13:36:43.169+0000] {dag.py:3954} INFO - Setting next_dagrun for youtube_extraction to None, run_after=None
[2026-09-16T13:36:43.201+0000] {processor.py:183} INFO - Processing /opt/airflow/dags/youtube_extraction.py took 0.135 seconds
[2026-09-16T13:37:13.416+0000] {processor.py:161} INFO - Started process (PID=4079) to work on /opt/airflow/dags/youtube_extraction.py
[2026-09-16T13:37:13.418+0000] {processor.py:830} INFO - Processing file /opt/airflow/dags/youtube_extraction.py for tasks to queue
[2026-09-16T13:37:13.420+0000] {logging_mixin.py:188} INFO - [2026-09-16T13:37:13.420+0000] {dagbag.py:545} INFO - Filling up the DagBag from /opt/airflow/dags/youtube_extraction.py
[2026-09-16T13:37:13.438+0000] {processor.py:840} INFO - DAG(s) 'youtube_extraction' retrieved from /opt/airflow/dags/youtube_extraction.py
[2026-09-16T13:37:13.471+0000] {logging_mixin.py:188} INFO - [2026-09-16T13:37:13.471+0000] {dag.py:3096} INFO - Sync 1 DAGs
[2026-09-16T13:37:13.487+0000] {logging_mixin.py:188} INFO - [2026-09-16T13:37:13.487+0000] {dag.py:3954} INFO - Setting next_dagrun for youtube_extraction to None, run_after=None
[2026-09-16T13:37:13.524+0000] {processor.py:183} INFO - Processing /opt/airflow/dags/youtube_extraction.py took 0.116 seconds
[2026-09-16T13:37:43.600+0000] {processor.py:161} INFO - Started process (PID=4090) to work on /opt/airflow/dags/youtube_extraction.py
[2026-09-16T13:37:43.602+0000] {processor.py:830} INFO - Processing file /opt/airflow/dags/youtube_extraction.py for tasks to queue
[2026-09-16T13:37:43.604+0000] {logging_mixin.py:188} INFO - [2026-09-16T13:37:43.604+0000] {dagbag.py:545} INFO - Filling up the DagBag from /opt/airflow/dags/youtube_extraction.py
[2026-09-16T13:37:43.627+0000] {processor.py:840} INFO - DAG(s) 'youtube_extraction' retrieved from /opt/airflow/dags/youtube_extraction.py
[2026-09-16T13:37:43.666+0000] {logging_mixin.py:188} INFO - [2026-09-16T13:37:43.666+0000] {dag.py:3096} INFO - Sync 1 DAGs
[2026-09-16T13:37:43.681+0000] {logging_mixin.py:188} INFO - [2026-09-16T13:37:43.681+0000] {dag.py:3954} INFO - Setting next_dagrun for youtube_extraction to None, run_after=None
[2026-09-16T13:37:43.709+0000] {processor.py:183} INFO - Processing /opt/airflow/dags/youtube_extraction.py took 0.118 seconds
[2026-09-16T13:38:13.961+0000] {processor.py:161} INFO - Started process (PID=4101) to work on /opt/airflow/dags/youtube_extraction.py
[2026-09-16T13:38:13.965+0000] {processor.py:830} INFO - Processing file /opt/airflow/dags/youtube_extraction.py for tasks to queue
[2026-09-16T13:38:13.968+0000] {logging_mixin.py:188} INFO - [2026-09-16T13:38:13.968+0000] {dagbag.py:545} INFO - Filling up the DagBag from /opt/airflow/dags/youtube_extraction.py
[2026-09-16T13:38:13.998+0000] {processor.py:840} INFO - DAG(s) 'youtube_extraction' retrieved from /opt/airflow/dags/youtube_extraction.py
[2026-09-16T13:38:14.063+0000] {logging_mixin.py:188} INFO - [2026-09-16T13:38:14.063+0000] {dag.py:3096} INFO - Sync 1 DAGs
[2026-09-16T13:38:14.084+0000] {logging_mixin.py:188} INFO - [2026-09-16T13:38:14.083+0000] {dag.py:3954} INFO - Setting next_dagrun for youtube_extraction to None, run_after=None
[2026-09-16T13:38:14.131+0000] {processor.py:183} INFO - Processing /opt/airflow/dags/youtube_extraction.py took 0.187 seconds
[2026-09-16T13:38:44.357+0000] {processor.py:161} INFO - Started process (PID=4112) to work on /opt/airflow/dags/youtube_extraction.py
[2026-09-16T13:38:44.361+0000] {processor.py:830} INFO - Processing file /opt/airflow/dags/youtube_extraction.py for tasks to queue
[2026-09-16T13:38:44.364+0000] {logging_mixin.py:188} INFO - [2026-09-16T13:38:44.363+0000] {dagbag.py:545} INFO - Filling up the DagBag from /opt/airflow/dags/youtube_extraction.py
[2026-09-16T13:38:44.385+0000] {processor.py:840} INFO - DAG(s) 'youtube_extraction' retrieved from /opt/airflow/dags/youtube_extraction.py
[2026-09-16T13:38:44.431+0000] {logging_mixin.py:188} INFO - [2026-09-16T13:38:44.431+0000] {dag.py:3096} INFO - Sync 1 DAGs
[2026-09-16T13:38:44.453+0000] {logging_mixin.py:188} INFO - [2026-09-16T13:38:44.453+0000] {dag.py:3954} INFO - Setting next_dagrun for youtube_extraction to None, run_after=None
[2026-09-16T13:38:44.499+0000] {processor.py:183} INFO - Processing /opt/airflow/dags/youtube_extraction.py took 0.151 seconds
[2026-09-16T13:39:14.706+0000] {processor.py:161} INFO - Started process (PID=4123) to work on /opt/airflow/dags/youtube_extraction.py
[2026-09-16T13:39:14.709+0000] {processor.py:830} INFO - Processing file /opt/airflow/dags/youtube_extraction.py for tasks to queue
[2026-09-16T13:39:14.711+0000] {logging_mixin.py:188} INFO - [2026-09-16T13:39:14.711+0000] {dagbag.py:545} INFO - Filling up the DagBag from /opt/airflow/dags/youtube_extraction.py
[2026-09-16T13:39:14.734+0000] {processor.py:840} INFO - DAG(s) 'youtube_extraction' retrieved from /opt/airflow/dags/youtube_extraction.py
[2026-09-16T13:39:14.778+0000] {logging_mixin.py:188} INFO - [2026-09-16T13:39:14.777+0000] {dag.py:3096} INFO - Sync 1 DAGs
[2026-09-16T13:39:14.801+0000] {logging_mixin.py:188} INFO - [2026-09-16T13:39:14.801+0000] {dag.py:3954} INFO - Setting next_dagrun for youtube_extraction to None, run_after=None
[2026-09-16T13:39:14.829+0000] {processor.py:183} INFO - Processing /opt/airflow/dags/youtube_extraction.py took 0.132 seconds
[2026-09-16T13:39:45.023+0000] {processor.py:161} INFO - Started process (PID=4134) to work on /opt/airflow/dags/youtube_extraction.py
[2026-09-16T13:39:45.026+0000] {processor.py:830} INFO - Processing file /opt/airflow/dags/youtube_extraction.py for tasks to queue
[2026-09-16T13:39:45.028+0000] {logging_mixin.py:188} INFO - [2026-09-16T13:39:45.028+0000] {dagbag.py:545} INFO - Filling up the DagBag from /opt/airflow/dags/youtube_extraction.py
[2026-09-16T13:39:45.048+0000] {processor.py:840} INFO - DAG(s) 'youtube_extraction' retrieved from /opt/airflow/dags/youtube_extraction.py
[2026-09-16T13:39:45.085+0000] {logging_mixin.py:188} INFO - [2026-09-16T13:39:45.084+0000] {dag.py:3096} INFO - Sync 1 DAGs
[2026-09-16T13:39:45.102+0000] {logging_mixin.py:188} INFO - [2026-09-16T13:39:45.102+0000] {dag.py:3954} INFO - Setting next_dagrun for youtube_extraction to None, run_after=None
[2026-09-16T13:39:45.130+0000] {processor.py:183} INFO - Processing /opt/airflow/dags/youtube_extraction.py took 0.115 seconds
[2026-09-16T13:40:15.201+0000] {processor.py:161} INFO - Started process (PID=4145) to work on /opt/airflow/dags/youtube_extraction.py
[2026-09-16T13:40:15.203+0000] {processor.py:830} INFO - Processing file /opt/airflow/dags/youtube_extraction.py for tasks to queue
[2026-09-16T13:40:15.206+0000] {logging_mixin.py:188} INFO - [2026-09-16T13:40:15.205+0000] {dagbag.py:545} INFO - Filling up the DagBag from /opt/airflow/dags/youtube_extraction.py
[2026-09-16T13:40:15.225+0000] {processor.py:840} INFO - DAG(s) 'youtube_extraction' retrieved from /opt/airflow/dags/youtube_extraction.py
[2026-09-16T13:40:15.261+0000] {logging_mixin.py:188} INFO - [2026-09-16T13:40:15.260+0000] {dag.py:3096} INFO - Sync 1 DAGs
[2026-09-16T13:40:15.275+0000] {logging_mixin.py:188} INFO - [2026-09-16T13:40:15.275+0000] {dag.py:3954} INFO - Setting next_dagrun for youtube_extraction to None, run_after=None
[2026-09-16T13:40:15.307+0000] {processor.py:183} INFO - Processing /opt/airflow/dags/youtube_extraction.py took 0.114 seconds
[2026-09-16T13:40:45.508+0000] {processor.py:161} INFO - Started process (PID=4156) to work on /opt/airflow/dags/youtube_extraction.py
[2026-09-16T13:40:45.511+0000] {processor.py:830} INFO - Processing file /opt/airflow/dags/youtube_extraction.py for tasks to queue
[2026-09-16T13:40:45.513+0000] {logging_mixin.py:188} INFO - [2026-09-16T13:40:45.513+0000] {dagbag.py:545} INFO - Filling up the DagBag from /opt/airflow/dags/youtube_extraction.py
[2026-09-16T13:40:45.531+0000] {processor.py:840} INFO - DAG(s) 'youtube_extraction' retrieved from /opt/airflow/dags/youtube_extraction.py
[2026-09-16T13:40:45.570+0000] {logging_mixin.py:188} INFO - [2026-09-16T13:40:45.570+0000] {dag.py:3096} INFO - Sync 1 DAGs
[2026-09-16T13:40:45.585+0000] {logging_mixin.py:188} INFO - [2026-09-16T13:40:45.585+0000] {dag.py:3954} INFO - Setting next_dagrun for youtube_extraction to None, run_after=None
[2026-09-16T13:40:45.615+0000] {processor.py:183} INFO - Processing /opt/airflow/dags/youtube_extraction.py took 0.114 seconds
[2026-09-16T13:41:15.800+0000] {processor.py:161} INFO - Started process (PID=4167) to work on /opt/airflow/dags/youtube_extraction.py
[2026-09-16T13:41:15.809+0000] {processor.py:830} INFO - Processing file /opt/airflow/dags/youtube_extraction.py for tasks to queue
[2026-09-16T13:41:15.815+0000] {logging_mixin.py:188} INFO - [2026-09-16T13:41:15.814+0000] {dagbag.py:545} INFO - Filling up the DagBag from /opt/airflow/dags/youtube_extraction.py
[2026-09-16T13:41:15.882+0000] {processor.py:840} INFO - DAG(s) 'youtube_extraction' retrieved from /opt/airflow/dags/youtube_extraction.py
[2026-09-16T13:41:15.944+0000] {logging_mixin.py:188} INFO - [2026-09-16T13:41:15.943+0000] {dag.py:3096} INFO - Sync 1 DAGs
[2026-09-16T13:41:15.977+0000] {logging_mixin.py:188} INFO - [2026-09-16T13:41:15.977+0000] {dag.py:3954} INFO - Setting next_dagrun for youtube_extraction to None, run_after=None
[2026-09-16T13:41:16.079+0000] {processor.py:183} INFO - Processing /opt/airflow/dags/youtube_extraction.py took 0.295 seconds
[2026-09-16T13:41:46.441+0000] {processor.py:161} INFO - Started process (PID=4184) to work on /opt/airflow/dags/youtube_extraction.py
[2026-09-16T13:41:46.446+0000] {processor.py:830} INFO - Processing file /opt/airflow/dags/youtube_extraction.py for tasks to queue
[2026-09-16T13:41:46.450+0000] {logging_mixin.py:188} INFO - [2026-09-16T13:41:46.449+0000] {dagbag.py:545} INFO - Filling up the DagBag from /opt/airflow/dags/youtube_extraction.py
[2026-09-16T13:41:46.481+0000] {processor.py:840} INFO - DAG(s) 'youtube_extraction' retrieved from /opt/airflow/dags/youtube_extraction.py
[2026-09-16T13:41:46.577+0000] {logging_mixin.py:188} INFO - [2026-09-16T13:41:46.576+0000] {dag.py:3096} INFO - Sync 1 DAGs
[2026-09-16T13:41:46.615+0000] {logging_mixin.py:188} INFO - [2026-09-16T13:41:46.615+0000] {dag.py:3954} INFO - Setting next_dagrun for youtube_extraction to None, run_after=None
[2026-09-16T13:41:46.686+0000] {processor.py:183} INFO - Processing /opt/airflow/dags/youtube_extraction.py took 0.256 seconds
[2026-09-16T13:42:16.970+0000] {processor.py:161} INFO - Started process (PID=4195) to work on /opt/airflow/dags/youtube_extraction.py
[2026-09-16T13:42:16.974+0000] {processor.py:830} INFO - Processing file /opt/airflow/dags/youtube_extraction.py for tasks to queue
[2026-09-16T13:42:16.976+0000] {logging_mixin.py:188} INFO - [2026-09-16T13:42:16.976+0000] {dagbag.py:545} INFO - Filling up the DagBag from /opt/airflow/dags/youtube_extraction.py
[2026-09-16T13:42:17.005+0000] {processor.py:840} INFO - DAG(s) 'youtube_extraction' retrieved from /opt/airflow/dags/youtube_extraction.py
[2026-09-16T13:42:17.056+0000] {logging_mixin.py:188} INFO - [2026-09-16T13:42:17.055+0000] {dag.py:3096} INFO - Sync 1 DAGs
[2026-09-16T13:42:17.092+0000] {logging_mixin.py:188} INFO - [2026-09-16T13:42:17.092+0000] {dag.py:3954} INFO - Setting next_dagrun for youtube_extraction to None, run_after=None
[2026-09-16T13:42:17.167+0000] {processor.py:183} INFO - Processing /opt/airflow/dags/youtube_extraction.py took 0.208 seconds
[2026-09-16T13:42:47.436+0000] {processor.py:161} INFO - Started process (PID=4206) to work on /opt/airflow/dags/youtube_extraction.py
[2026-09-16T13:42:47.439+0000] {processor.py:830} INFO - Processing file /opt/airflow/dags/youtube_extraction.py for tasks to queue
[2026-09-16T13:42:47.444+0000] {logging_mixin.py:188} INFO - [2026-09-16T13:42:47.443+0000] {dagbag.py:545} INFO - Filling up the DagBag from /opt/airflow/dags/youtube_extraction.py
[2026-09-16T13:42:47.462+0000] {processor.py:840} INFO - DAG(s) 'youtube_extraction' retrieved from /opt/airflow/dags/youtube_extraction.py
[2026-09-16T13:42:47.502+0000] {logging_mixin.py:188} INFO - [2026-09-16T13:42:47.502+0000] {dag.py:3096} INFO - Sync 1 DAGs
[2026-09-16T13:42:47.519+0000] {logging_mixin.py:188} INFO - [2026-09-16T13:42:47.519+0000] {dag.py:3954} INFO - Setting next_dagrun for youtube_extraction to None, run_after=None
[2026-09-16T13:42:47.553+0000] {processor.py:183} INFO - Processing /opt/airflow/dags/youtube_extraction.py took 0.124 seconds
[2026-09-16T13:43:17.615+0000] {processor.py:161} INFO - Started process (PID=4217) to work on /opt/airflow/dags/youtube_extraction.py
[2026-09-16T13:43:17.617+0000] {processor.py:830} INFO - Processing file /opt/airflow/dags/youtube_extraction.py for tasks to queue
[2026-09-16T13:43:17.621+0000] {logging_mixin.py:188} INFO - [2026-09-16T13:43:17.621+0000] {dagbag.py:545} INFO - Filling up the DagBag from /opt/airflow/dags/youtube_extraction.py
[2026-09-16T13:43:17.644+0000] {processor.py:840} INFO - DAG(s) 'youtube_extraction' retrieved from /opt/airflow/dags/youtube_extraction.py
[2026-09-16T13:43:17.744+0000] {logging_mixin.py:188} INFO - [2026-09-16T13:43:17.743+0000] {dag.py:3096} INFO - Sync 1 DAGs
[2026-09-16T13:43:17.778+0000] {logging_mixin.py:188} INFO - [2026-09-16T13:43:17.778+0000] {dag.py:3954} INFO - Setting next_dagrun for youtube_extraction to None, run_after=None
[2026-09-16T13:43:17.812+0000] {processor.py:183} INFO - Processing /opt/airflow/dags/youtube_extraction.py took 0.205 seconds
[2026-09-16T13:43:47.959+0000] {processor.py:161} INFO - Started process (PID=4228) to work on /opt/airflow/dags/youtube_extraction.py
[2026-09-16T13:43:47.962+0000] {processor.py:830} INFO - Processing file /opt/airflow/dags/youtube_extraction.py for tasks to queue
[2026-09-16T13:43:47.967+0000] {logging_mixin.py:188} INFO - [2026-09-16T13:43:47.966+0000] {dagbag.py:545} INFO - Filling up the DagBag from /opt/airflow/dags/youtube_extraction.py
[2026-09-16T13:43:47.999+0000] {processor.py:840} INFO - DAG(s) 'youtube_extraction' retrieved from /opt/airflow/dags/youtube_extraction.py
[2026-09-16T13:43:48.076+0000] {logging_mixin.py:188} INFO - [2026-09-16T13:43:48.076+0000] {dag.py:3096} INFO - Sync 1 DAGs
[2026-09-16T13:43:48.107+0000] {logging_mixin.py:188} INFO - [2026-09-16T13:43:48.107+0000] {dag.py:3954} INFO - Setting next_dagrun for youtube_extraction to None, run_after=None
[2026-09-16T13:43:48.144+0000] {processor.py:183} INFO - Processing /opt/airflow/dags/youtube_extraction.py took 0.198 seconds
[2026-09-16T13:44:18.283+0000] {processor.py:161} INFO - Started process (PID=4239) to work on /opt/airflow/dags/youtube_extraction.py
[2026-09-16T13:44:18.287+0000] {processor.py:830} INFO - Processing file /opt/airflow/dags/youtube_extraction.py for tasks to queue
[2026-09-16T13:44:18.291+0000] {logging_mixin.py:188} INFO - [2026-09-16T13:44:18.291+0000] {dagbag.py:545} INFO - Filling up the DagBag from /opt/airflow/dags/youtube_extraction.py
[2026-09-16T13:44:18.326+0000] {processor.py:840} INFO - DAG(s) 'youtube_extraction' retrieved from /opt/airflow/dags/youtube_extraction.py
[2026-09-16T13:44:18.420+0000] {logging_mixin.py:188} INFO - [2026-09-16T13:44:18.419+0000] {dag.py:3096} INFO - Sync 1 DAGs
[2026-09-16T13:44:18.443+0000] {logging_mixin.py:188} INFO - [2026-09-16T13:44:18.443+0000] {dag.py:3954} INFO - Setting next_dagrun for youtube_extraction to None, run_after=None
[2026-09-16T13:44:18.486+0000] {processor.py:183} INFO - Processing /opt/airflow/dags/youtube_extraction.py took 0.228 seconds
[2026-09-16T13:44:48.608+0000] {processor.py:161} INFO - Started process (PID=4250) to work on /opt/airflow/dags/youtube_extraction.py
[2026-09-16T13:44:48.659+0000] {processor.py:830} INFO - Processing file /opt/airflow/dags/youtube_extraction.py for tasks to queue
[2026-09-16T13:44:48.669+0000] {logging_mixin.py:188} INFO - [2026-09-16T13:44:48.667+0000] {dagbag.py:545} INFO - Filling up the DagBag from /opt/airflow/dags/youtube_extraction.py
[2026-09-16T13:44:48.737+0000] {processor.py:840} INFO - DAG(s) 'youtube_extraction' retrieved from /opt/airflow/dags/youtube_extraction.py
[2026-09-16T13:44:48.825+0000] {logging_mixin.py:188} INFO - [2026-09-16T13:44:48.825+0000] {dag.py:3096} INFO - Sync 1 DAGs
[2026-09-16T13:44:48.894+0000] {logging_mixin.py:188} INFO - [2026-09-16T13:44:48.893+0000] {dag.py:3954} INFO - Setting next_dagrun for youtube_extraction to None, run_after=None
[2026-09-16T13:44:48.946+0000] {processor.py:183} INFO - Processing /opt/airflow/dags/youtube_extraction.py took 0.370 seconds
[2026-09-16T13:45:19.181+0000] {processor.py:161} INFO - Started process (PID=4261) to work on /opt/airflow/dags/youtube_extraction.py
[2026-09-16T13:45:19.186+0000] {processor.py:830} INFO - Processing file /opt/airflow/dags/youtube_extraction.py for tasks to queue
[2026-09-16T13:45:19.189+0000] {logging_mixin.py:188} INFO - [2026-09-16T13:45:19.189+0000] {dagbag.py:545} INFO - Filling up the DagBag from /opt/airflow/dags/youtube_extraction.py
[2026-09-16T13:45:19.215+0000] {processor.py:840} INFO - DAG(s) 'youtube_extraction' retrieved from /opt/airflow/dags/youtube_extraction.py
[2026-09-16T13:45:19.260+0000] {logging_mixin.py:188} INFO - [2026-09-16T13:45:19.260+0000] {dag.py:3096} INFO - Sync 1 DAGs
[2026-09-16T13:45:19.279+0000] {logging_mixin.py:188} INFO - [2026-09-16T13:45:19.279+0000] {dag.py:3954} INFO - Setting next_dagrun for youtube_extraction to None, run_after=None
[2026-09-16T13:45:19.311+0000] {processor.py:183} INFO - Processing /opt/airflow/dags/youtube_extraction.py took 0.140 seconds
[2026-09-16T13:45:49.541+0000] {processor.py:161} INFO - Started process (PID=4272) to work on /opt/airflow/dags/youtube_extraction.py
[2026-09-16T13:45:49.544+0000] {processor.py:830} INFO - Processing file /opt/airflow/dags/youtube_extraction.py for tasks to queue
[2026-09-16T13:45:49.547+0000] {logging_mixin.py:188} INFO - [2026-09-16T13:45:49.546+0000] {dagbag.py:545} INFO - Filling up the DagBag from /opt/airflow/dags/youtube_extraction.py
[2026-09-16T13:45:49.564+0000] {processor.py:840} INFO - DAG(s) 'youtube_extraction' retrieved from /opt/airflow/dags/youtube_extraction.py
[2026-09-16T13:45:49.601+0000] {logging_mixin.py:188} INFO - [2026-09-16T13:45:49.601+0000] {dag.py:3096} INFO - Sync 1 DAGs
[2026-09-16T13:45:49.619+0000] {logging_mixin.py:188} INFO - [2026-09-16T13:45:49.619+0000] {dag.py:3954} INFO - Setting next_dagrun for youtube_extraction to None, run_after=None
[2026-09-16T13:45:49.655+0000] {processor.py:183} INFO - Processing /opt/airflow/dags/youtube_extraction.py took 0.125 seconds
[2026-09-16T13:46:19.727+0000] {processor.py:161} INFO - Started process (PID=4283) to work on /opt/airflow/dags/youtube_extraction.py
[2026-09-16T13:46:19.732+0000] {processor.py:830} INFO - Processing file /opt/airflow/dags/youtube_extraction.py for tasks to queue
[2026-09-16T13:46:19.738+0000] {logging_mixin.py:188} INFO - [2026-09-16T13:46:19.737+0000] {dagbag.py:545} INFO - Filling up the DagBag from /opt/airflow/dags/youtube_extraction.py
[2026-09-16T13:46:19.773+0000] {processor.py:840} INFO - DAG(s) 'youtube_extraction' retrieved from /opt/airflow/dags/youtube_extraction.py
[2026-09-16T13:46:19.829+0000] {logging_mixin.py:188} INFO - [2026-09-16T13:46:19.828+0000] {dag.py:3096} INFO - Sync 1 DAGs
[2026-09-16T13:46:19.855+0000] {logging_mixin.py:188} INFO - [2026-09-16T13:46:19.855+0000] {dag.py:3954} INFO - Setting next_dagrun for youtube_extraction to None, run_after=None
[2026-09-16T13:46:19.895+0000] {processor.py:183} INFO - Processing /opt/airflow/dags/youtube_extraction.py took 0.180 seconds
[2026-09-16T13:46:50.033+0000] {processor.py:161} INFO - Started process (PID=4294) to work on /opt/airflow/dags/youtube_extraction.py
[2026-09-16T13:46:50.036+0000] {processor.py:830} INFO - Processing file /opt/airflow/dags/youtube_extraction.py for tasks to queue
[2026-09-16T13:46:50.038+0000] {logging_mixin.py:188} INFO - [2026-09-16T13:46:50.038+0000] {dagbag.py:545} INFO - Filling up the DagBag from /opt/airflow/dags/youtube_extraction.py
[2026-09-16T13:46:50.058+0000] {processor.py:840} INFO - DAG(s) 'youtube_extraction' retrieved from /opt/airflow/dags/youtube_extraction.py
[2026-09-16T13:46:50.106+0000] {logging_mixin.py:188} INFO - [2026-09-16T13:46:50.106+0000] {dag.py:3096} INFO - Sync 1 DAGs
[2026-09-16T13:46:50.131+0000] {logging_mixin.py:188} INFO - [2026-09-16T13:46:50.130+0000] {dag.py:3954} INFO - Setting next_dagrun for youtube_extraction to None, run_after=None
[2026-09-16T13:46:50.171+0000] {processor.py:183} INFO - Processing /opt/airflow/dags/youtube_extraction.py took 0.150 seconds
[2026-09-16T13:47:20.355+0000] {processor.py:161} INFO - Started process (PID=4305) to work on /opt/airflow/dags/youtube_extraction.py
[2026-09-16T13:47:20.361+0000] {processor.py:830} INFO - Processing file /opt/airflow/dags/youtube_extraction.py for tasks to queue
[2026-09-16T13:47:20.364+0000] {logging_mixin.py:188} INFO - [2026-09-16T13:47:20.364+0000] {dagbag.py:545} INFO - Filling up the DagBag from /opt/airflow/dags/youtube_extraction.py
[2026-09-16T13:47:20.390+0000] {processor.py:840} INFO - DAG(s) 'youtube_extraction' retrieved from /opt/airflow/dags/youtube_extraction.py
[2026-09-16T13:47:20.454+0000] {logging_mixin.py:188} INFO - [2026-09-16T13:47:20.453+0000] {dag.py:3096} INFO - Sync 1 DAGs
[2026-09-16T13:47:20.493+0000] {logging_mixin.py:188} INFO - [2026-09-16T13:47:20.492+0000] {dag.py:3954} INFO - Setting next_dagrun for youtube_extraction to None, run_after=None
[2026-09-16T13:47:20.546+0000] {processor.py:183} INFO - Processing /opt/airflow/dags/youtube_extraction.py took 0.208 seconds
[2026-09-16T13:47:50.746+0000] {processor.py:161} INFO - Started process (PID=4316) to work on /opt/airflow/dags/youtube_extraction.py
[2026-09-16T13:47:50.748+0000] {processor.py:830} INFO - Processing file /opt/airflow/dags/youtube_extraction.py for tasks to queue
[2026-09-16T13:47:50.752+0000] {logging_mixin.py:188} INFO - [2026-09-16T13:47:50.751+0000] {dagbag.py:545} INFO - Filling up the DagBag from /opt/airflow/dags/youtube_extraction.py
[2026-09-16T13:47:50.775+0000] {processor.py:840} INFO - DAG(s) 'youtube_extraction' retrieved from /opt/airflow/dags/youtube_extraction.py
[2026-09-16T13:47:50.813+0000] {logging_mixin.py:188} INFO - [2026-09-16T13:47:50.813+0000] {dag.py:3096} INFO - Sync 1 DAGs
[2026-09-16T13:47:50.834+0000] {logging_mixin.py:188} INFO - [2026-09-16T13:47:50.834+0000] {dag.py:3954} INFO - Setting next_dagrun for youtube_extraction to None, run_after=None
[2026-09-16T13:47:50.875+0000] {processor.py:183} INFO - Processing /opt/airflow/dags/youtube_extraction.py took 0.137 seconds
[2026-09-16T13:48:21.066+0000] {processor.py:161} INFO - Started process (PID=4327) to work on /opt/airflow/dags/youtube_extraction.py
[2026-09-16T13:48:21.068+0000] {processor.py:830} INFO - Processing file /opt/airflow/dags/youtube_extraction.py for tasks to queue
[2026-09-16T13:48:21.070+0000] {logging_mixin.py:188} INFO - [2026-09-16T13:48:21.070+0000] {dagbag.py:545} INFO - Filling up the DagBag from /opt/airflow/dags/youtube_extraction.py
[2026-09-16T13:48:21.091+0000] {processor.py:840} INFO - DAG(s) 'youtube_extraction' retrieved from /opt/airflow/dags/youtube_extraction.py
[2026-09-16T13:48:21.126+0000] {logging_mixin.py:188} INFO - [2026-09-16T13:48:21.125+0000] {dag.py:3096} INFO - Sync 1 DAGs
[2026-09-16T13:48:21.141+0000] {logging_mixin.py:188} INFO - [2026-09-16T13:48:21.140+0000] {dag.py:3954} INFO - Setting next_dagrun for youtube_extraction to None, run_after=None
[2026-09-16T13:48:21.176+0000] {processor.py:183} INFO - Processing /opt/airflow/dags/youtube_extraction.py took 0.120 seconds
[2026-09-16T13:48:51.241+0000] {processor.py:161} INFO - Started process (PID=4338) to work on /opt/airflow/dags/youtube_extraction.py
[2026-09-16T13:48:51.244+0000] {processor.py:830} INFO - Processing file /opt/airflow/dags/youtube_extraction.py for tasks to queue
[2026-09-16T13:48:51.249+0000] {logging_mixin.py:188} INFO - [2026-09-16T13:48:51.248+0000] {dagbag.py:545} INFO - Filling up the DagBag from /opt/airflow/dags/youtube_extraction.py
[2026-09-16T13:48:51.266+0000] {processor.py:840} INFO - DAG(s) 'youtube_extraction' retrieved from /opt/airflow/dags/youtube_extraction.py
[2026-09-16T13:48:51.302+0000] {logging_mixin.py:188} INFO - [2026-09-16T13:48:51.301+0000] {dag.py:3096} INFO - Sync 1 DAGs
[2026-09-16T13:48:51.318+0000] {logging_mixin.py:188} INFO - [2026-09-16T13:48:51.317+0000] {dag.py:3954} INFO - Setting next_dagrun for youtube_extraction to None, run_after=None
[2026-09-16T13:48:51.352+0000] {processor.py:183} INFO - Processing /opt/airflow/dags/youtube_extraction.py took 0.123 seconds
[2026-09-16T13:49:21.539+0000] {processor.py:161} INFO - Started process (PID=4349) to work on /opt/airflow/dags/youtube_extraction.py
[2026-09-16T13:49:21.541+0000] {processor.py:830} INFO - Processing file /opt/airflow/dags/youtube_extraction.py for tasks to queue
[2026-09-16T13:49:21.543+0000] {logging_mixin.py:188} INFO - [2026-09-16T13:49:21.543+0000] {dagbag.py:545} INFO - Filling up the DagBag from /opt/airflow/dags/youtube_extraction.py
[2026-09-16T13:49:21.562+0000] {processor.py:840} INFO - DAG(s) 'youtube_extraction' retrieved from /opt/airflow/dags/youtube_extraction.py
[2026-09-16T13:49:21.597+0000] {logging_mixin.py:188} INFO - [2026-09-16T13:49:21.596+0000] {dag.py:3096} INFO - Sync 1 DAGs
[2026-09-16T13:49:21.612+0000] {logging_mixin.py:188} INFO - [2026-09-16T13:49:21.612+0000] {dag.py:3954} INFO - Setting next_dagrun for youtube_extraction to None, run_after=None
[2026-09-16T13:49:21.645+0000] {processor.py:183} INFO - Processing /opt/airflow/dags/youtube_extraction.py took 0.114 seconds
[2026-09-16T13:49:51.710+0000] {processor.py:161} INFO - Started process (PID=4360) to work on /opt/airflow/dags/youtube_extraction.py
[2026-09-16T13:49:51.712+0000] {processor.py:830} INFO - Processing file /opt/airflow/dags/youtube_extraction.py for tasks to queue
[2026-09-16T13:49:51.715+0000] {logging_mixin.py:188} INFO - [2026-09-16T13:49:51.715+0000] {dagbag.py:545} INFO - Filling up the DagBag from /opt/airflow/dags/youtube_extraction.py
[2026-09-16T13:49:51.730+0000] {processor.py:840} INFO - DAG(s) 'youtube_extraction' retrieved from /opt/airflow/dags/youtube_extraction.py
[2026-09-16T13:49:51.763+0000] {logging_mixin.py:188} INFO - [2026-09-16T13:49:51.762+0000] {dag.py:3096} INFO - Sync 1 DAGs
[2026-09-16T13:49:51.778+0000] {logging_mixin.py:188} INFO - [2026-09-16T13:49:51.778+0000] {dag.py:3954} INFO - Setting next_dagrun for youtube_extraction to None, run_after=None
[2026-09-16T13:49:51.810+0000] {processor.py:183} INFO - Processing /opt/airflow/dags/youtube_extraction.py took 0.107 seconds
[2026-09-16T13:50:22.000+0000] {processor.py:161} INFO - Started process (PID=4371) to work on /opt/airflow/dags/youtube_extraction.py
[2026-09-16T13:50:22.002+0000] {processor.py:830} INFO - Processing file /opt/airflow/dags/youtube_extraction.py for tasks to queue
[2026-09-16T13:50:22.004+0000] {logging_mixin.py:188} INFO - [2026-09-16T13:50:22.004+0000] {dagbag.py:545} INFO - Filling up the DagBag from /opt/airflow/dags/youtube_extraction.py
[2026-09-16T13:50:22.023+0000] {processor.py:840} INFO - DAG(s) 'youtube_extraction' retrieved from /opt/airflow/dags/youtube_extraction.py
[2026-09-16T13:50:22.059+0000] {logging_mixin.py:188} INFO - [2026-09-16T13:50:22.059+0000] {dag.py:3096} INFO - Sync 1 DAGs
[2026-09-16T13:50:22.077+0000] {logging_mixin.py:188} INFO - [2026-09-16T13:50:22.077+0000] {dag.py:3954} INFO - Setting next_dagrun for youtube_extraction to None, run_after=None
[2026-09-16T13:50:22.105+0000] {processor.py:183} INFO - Processing /opt/airflow/dags/youtube_extraction.py took 0.112 seconds
[2026-09-16T13:50:52.175+0000] {processor.py:161} INFO - Started process (PID=4382) to work on /opt/airflow/dags/youtube_extraction.py
[2026-09-16T13:50:52.177+0000] {processor.py:830} INFO - Processing file /opt/airflow/dags/youtube_extraction.py for tasks to queue
[2026-09-16T13:50:52.179+0000] {logging_mixin.py:188} INFO - [2026-09-16T13:50:52.179+0000] {dagbag.py:545} INFO - Filling up the DagBag from /opt/airflow/dags/youtube_extraction.py
[2026-09-16T13:50:52.196+0000] {processor.py:840} INFO - DAG(s) 'youtube_extraction' retrieved from /opt/airflow/dags/youtube_extraction.py
[2026-09-16T13:50:52.235+0000] {logging_mixin.py:188} INFO - [2026-09-16T13:50:52.235+0000] {dag.py:3096} INFO - Sync 1 DAGs
[2026-09-16T13:50:52.251+0000] {logging_mixin.py:188} INFO - [2026-09-16T13:50:52.251+0000] {dag.py:3954} INFO - Setting next_dagrun for youtube_extraction to None, run_after=None
[2026-09-16T13:50:52.285+0000] {processor.py:183} INFO - Processing /opt/airflow/dags/youtube_extraction.py took 0.117 seconds
[2026-09-16T13:51:22.502+0000] {processor.py:161} INFO - Started process (PID=4393) to work on /opt/airflow/dags/youtube_extraction.py
[2026-09-16T13:51:22.505+0000] {processor.py:830} INFO - Processing file /opt/airflow/dags/youtube_extraction.py for tasks to queue
[2026-09-16T13:51:22.507+0000] {logging_mixin.py:188} INFO - [2026-09-16T13:51:22.507+0000] {dagbag.py:545} INFO - Filling up the DagBag from /opt/airflow/dags/youtube_extraction.py
[2026-09-16T13:51:22.524+0000] {processor.py:840} INFO - DAG(s) 'youtube_extraction' retrieved from /opt/airflow/dags/youtube_extraction.py
[2026-09-16T13:51:22.559+0000] {logging_mixin.py:188} INFO - [2026-09-16T13:51:22.559+0000] {dag.py:3096} INFO - Sync 1 DAGs
[2026-09-16T13:51:22.573+0000] {logging_mixin.py:188} INFO - [2026-09-16T13:51:22.573+0000] {dag.py:3954} INFO - Setting next_dagrun for youtube_extraction to None, run_after=None
[2026-09-16T13:51:22.598+0000] {processor.py:183} INFO - Processing /opt/airflow/dags/youtube_extraction.py took 0.103 seconds
[2026-09-16T13:52:02.143+0000] {processor.py:161} INFO - Started process (PID=183) to work on /opt/airflow/dags/youtube_extraction.py
[2026-09-16T13:52:02.146+0000] {processor.py:830} INFO - Processing file /opt/airflow/dags/youtube_extraction.py for tasks to queue
[2026-09-16T13:52:02.151+0000] {logging_mixin.py:188} INFO - [2026-09-16T13:52:02.150+0000] {dagbag.py:545} INFO - Filling up the DagBag from /opt/airflow/dags/youtube_extraction.py
[2026-09-16T13:52:02.180+0000] {processor.py:840} INFO - DAG(s) 'youtube_extraction' retrieved from /opt/airflow/dags/youtube_extraction.py
[2026-09-16T13:52:02.254+0000] {logging_mixin.py:188} INFO - [2026-09-16T13:52:02.253+0000] {dag.py:3096} INFO - Sync 1 DAGs
[2026-09-16T13:52:02.275+0000] {logging_mixin.py:188} INFO - [2026-09-16T13:52:02.275+0000] {dag.py:3954} INFO - Setting next_dagrun for youtube_extraction to None, run_after=None
[2026-09-16T13:52:02.305+0000] {processor.py:183} INFO - Processing /opt/airflow/dags/youtube_extraction.py took 0.169 seconds
[2026-09-16T13:53:02.428+0000] {processor.py:161} INFO - Started process (PID=189) to work on /opt/airflow/dags/youtube_extraction.py
[2026-09-16T13:53:02.430+0000] {processor.py:830} INFO - Processing file /opt/airflow/dags/youtube_extraction.py for tasks to queue
[2026-09-16T13:53:02.434+0000] {logging_mixin.py:188} INFO - [2026-09-16T13:53:02.434+0000] {dagbag.py:545} INFO - Filling up the DagBag from /opt/airflow/dags/youtube_extraction.py
[2026-09-16T13:53:02.497+0000] {processor.py:840} INFO - DAG(s) 'youtube_extraction' retrieved from /opt/airflow/dags/youtube_extraction.py
[2026-09-16T13:53:02.954+0000] {logging_mixin.py:188} INFO - [2026-09-16T13:53:02.954+0000] {dag.py:3096} INFO - Sync 1 DAGs
[2026-09-16T13:53:02.971+0000] {logging_mixin.py:188} INFO - [2026-09-16T13:53:02.970+0000] {dag.py:3954} INFO - Setting next_dagrun for youtube_extraction to None, run_after=None
[2026-09-16T13:53:02.998+0000] {processor.py:183} INFO - Processing /opt/airflow/dags/youtube_extraction.py took 0.579 seconds
[2026-09-16T13:53:33.212+0000] {processor.py:161} INFO - Started process (PID=200) to work on /opt/airflow/dags/youtube_extraction.py
[2026-09-16T13:53:33.215+0000] {processor.py:830} INFO - Processing file /opt/airflow/dags/youtube_extraction.py for tasks to queue
[2026-09-16T13:53:33.218+0000] {logging_mixin.py:188} INFO - [2026-09-16T13:53:33.218+0000] {dagbag.py:545} INFO - Filling up the DagBag from /opt/airflow/dags/youtube_extraction.py
[2026-09-16T13:53:33.236+0000] {processor.py:840} INFO - DAG(s) 'youtube_extraction' retrieved from /opt/airflow/dags/youtube_extraction.py
[2026-09-16T13:53:33.269+0000] {logging_mixin.py:188} INFO - [2026-09-16T13:53:33.269+0000] {dag.py:3096} INFO - Sync 1 DAGs
[2026-09-16T13:53:33.286+0000] {logging_mixin.py:188} INFO - [2026-09-16T13:53:33.286+0000] {dag.py:3954} INFO - Setting next_dagrun for youtube_extraction to None, run_after=None
[2026-09-16T13:53:33.319+0000] {processor.py:183} INFO - Processing /opt/airflow/dags/youtube_extraction.py took 0.114 seconds
[2026-09-16T13:54:03.368+0000] {processor.py:161} INFO - Started process (PID=211) to work on /opt/airflow/dags/youtube_extraction.py
[2026-09-16T13:54:03.370+0000] {processor.py:830} INFO - Processing file /opt/airflow/dags/youtube_extraction.py for tasks to queue
[2026-09-16T13:54:03.374+0000] {logging_mixin.py:188} INFO - [2026-09-16T13:54:03.373+0000] {dagbag.py:545} INFO - Filling up the DagBag from /opt/airflow/dags/youtube_extraction.py
[2026-09-16T13:54:03.390+0000] {processor.py:840} INFO - DAG(s) 'youtube_extraction' retrieved from /opt/airflow/dags/youtube_extraction.py
[2026-09-16T13:54:03.423+0000] {logging_mixin.py:188} INFO - [2026-09-16T13:54:03.423+0000] {dag.py:3096} INFO - Sync 1 DAGs
[2026-09-16T13:54:03.438+0000] {logging_mixin.py:188} INFO - [2026-09-16T13:54:03.438+0000] {dag.py:3954} INFO - Setting next_dagrun for youtube_extraction to None, run_after=None
[2026-09-16T13:54:03.460+0000] {processor.py:183} INFO - Processing /opt/airflow/dags/youtube_extraction.py took 0.098 seconds
[2026-09-16T13:54:33.546+0000] {processor.py:161} INFO - Started process (PID=222) to work on /opt/airflow/dags/youtube_extraction.py
[2026-09-16T13:54:33.548+0000] {processor.py:830} INFO - Processing file /opt/airflow/dags/youtube_extraction.py for tasks to queue
[2026-09-16T13:54:33.553+0000] {logging_mixin.py:188} INFO - [2026-09-16T13:54:33.552+0000] {dagbag.py:545} INFO - Filling up the DagBag from /opt/airflow/dags/youtube_extraction.py
[2026-09-16T13:54:33.576+0000] {processor.py:840} INFO - DAG(s) 'youtube_extraction' retrieved from /opt/airflow/dags/youtube_extraction.py
[2026-09-16T13:54:33.610+0000] {logging_mixin.py:188} INFO - [2026-09-16T13:54:33.609+0000] {dag.py:3096} INFO - Sync 1 DAGs
[2026-09-16T13:54:33.624+0000] {logging_mixin.py:188} INFO - [2026-09-16T13:54:33.624+0000] {dag.py:3954} INFO - Setting next_dagrun for youtube_extraction to None, run_after=None
[2026-09-16T13:54:33.657+0000] {processor.py:183} INFO - Processing /opt/airflow/dags/youtube_extraction.py took 0.118 seconds
[2026-09-16T13:55:03.797+0000] {processor.py:161} INFO - Started process (PID=233) to work on /opt/airflow/dags/youtube_extraction.py
[2026-09-16T13:55:03.799+0000] {processor.py:830} INFO - Processing file /opt/airflow/dags/youtube_extraction.py for tasks to queue
[2026-09-16T13:55:03.803+0000] {logging_mixin.py:188} INFO - [2026-09-16T13:55:03.802+0000] {dagbag.py:545} INFO - Filling up the DagBag from /opt/airflow/dags/youtube_extraction.py
[2026-09-16T13:55:03.821+0000] {processor.py:840} INFO - DAG(s) 'youtube_extraction' retrieved from /opt/airflow/dags/youtube_extraction.py
[2026-09-16T13:55:03.853+0000] {logging_mixin.py:188} INFO - [2026-09-16T13:55:03.853+0000] {dag.py:3096} INFO - Sync 1 DAGs
[2026-09-16T13:55:03.868+0000] {logging_mixin.py:188} INFO - [2026-09-16T13:55:03.868+0000] {dag.py:3954} INFO - Setting next_dagrun for youtube_extraction to None, run_after=None
[2026-09-16T13:55:03.898+0000] {processor.py:183} INFO - Processing /opt/airflow/dags/youtube_extraction.py took 0.108 seconds
[2026-09-16T13:55:33.995+0000] {processor.py:161} INFO - Started process (PID=244) to work on /opt/airflow/dags/youtube_extraction.py
[2026-09-16T13:55:33.998+0000] {processor.py:830} INFO - Processing file /opt/airflow/dags/youtube_extraction.py for tasks to queue
[2026-09-16T13:55:34.001+0000] {logging_mixin.py:188} INFO - [2026-09-16T13:55:34.001+0000] {dagbag.py:545} INFO - Filling up the DagBag from /opt/airflow/dags/youtube_extraction.py
[2026-09-16T13:55:34.025+0000] {processor.py:840} INFO - DAG(s) 'youtube_extraction' retrieved from /opt/airflow/dags/youtube_extraction.py
[2026-09-16T13:55:34.062+0000] {logging_mixin.py:188} INFO - [2026-09-16T13:55:34.062+0000] {dag.py:3096} INFO - Sync 1 DAGs
[2026-09-16T13:55:34.078+0000] {logging_mixin.py:188} INFO - [2026-09-16T13:55:34.077+0000] {dag.py:3954} INFO - Setting next_dagrun for youtube_extraction to None, run_after=None
[2026-09-16T13:55:34.101+0000] {processor.py:183} INFO - Processing /opt/airflow/dags/youtube_extraction.py took 0.115 seconds
[2026-09-16T13:56:04.239+0000] {processor.py:161} INFO - Started process (PID=255) to work on /opt/airflow/dags/youtube_extraction.py
[2026-09-16T13:56:04.241+0000] {processor.py:830} INFO - Processing file /opt/airflow/dags/youtube_extraction.py for tasks to queue
[2026-09-16T13:56:04.244+0000] {logging_mixin.py:188} INFO - [2026-09-16T13:56:04.244+0000] {dagbag.py:545} INFO - Filling up the DagBag from /opt/airflow/dags/youtube_extraction.py
[2026-09-16T13:56:04.262+0000] {processor.py:840} INFO - DAG(s) 'youtube_extraction' retrieved from /opt/airflow/dags/youtube_extraction.py
[2026-09-16T13:56:04.295+0000] {logging_mixin.py:188} INFO - [2026-09-16T13:56:04.294+0000] {dag.py:3096} INFO - Sync 1 DAGs
[2026-09-16T13:56:04.320+0000] {logging_mixin.py:188} INFO - [2026-09-16T13:56:04.319+0000] {dag.py:3954} INFO - Setting next_dagrun for youtube_extraction to None, run_after=None
[2026-09-16T13:56:04.350+0000] {processor.py:183} INFO - Processing /opt/airflow/dags/youtube_extraction.py took 0.120 seconds
[2026-09-16T13:56:34.442+0000] {processor.py:161} INFO - Started process (PID=266) to work on /opt/airflow/dags/youtube_extraction.py
[2026-09-16T13:56:34.444+0000] {processor.py:830} INFO - Processing file /opt/airflow/dags/youtube_extraction.py for tasks to queue
[2026-09-16T13:56:34.449+0000] {logging_mixin.py:188} INFO - [2026-09-16T13:56:34.449+0000] {dagbag.py:545} INFO - Filling up the DagBag from /opt/airflow/dags/youtube_extraction.py
[2026-09-16T13:56:34.468+0000] {processor.py:840} INFO - DAG(s) 'youtube_extraction' retrieved from /opt/airflow/dags/youtube_extraction.py
[2026-09-16T13:56:34.504+0000] {logging_mixin.py:188} INFO - [2026-09-16T13:56:34.503+0000] {dag.py:3096} INFO - Sync 1 DAGs
[2026-09-16T13:56:34.520+0000] {logging_mixin.py:188} INFO - [2026-09-16T13:56:34.519+0000] {dag.py:3954} INFO - Setting next_dagrun for youtube_extraction to None, run_after=None
[2026-09-16T13:56:34.552+0000] {processor.py:183} INFO - Processing /opt/airflow/dags/youtube_extraction.py took 0.120 seconds
[2026-09-16T13:57:04.700+0000] {processor.py:161} INFO - Started process (PID=277) to work on /opt/airflow/dags/youtube_extraction.py
[2026-09-16T13:57:04.703+0000] {processor.py:830} INFO - Processing file /opt/airflow/dags/youtube_extraction.py for tasks to queue
[2026-09-16T13:57:04.707+0000] {logging_mixin.py:188} INFO - [2026-09-16T13:57:04.707+0000] {dagbag.py:545} INFO - Filling up the DagBag from /opt/airflow/dags/youtube_extraction.py
[2026-09-16T13:57:04.726+0000] {processor.py:840} INFO - DAG(s) 'youtube_extraction' retrieved from /opt/airflow/dags/youtube_extraction.py
[2026-09-16T13:57:04.761+0000] {logging_mixin.py:188} INFO - [2026-09-16T13:57:04.761+0000] {dag.py:3096} INFO - Sync 1 DAGs
[2026-09-16T13:57:04.776+0000] {logging_mixin.py:188} INFO - [2026-09-16T13:57:04.776+0000] {dag.py:3954} INFO - Setting next_dagrun for youtube_extraction to None, run_after=None
[2026-09-16T13:57:04.798+0000] {processor.py:183} INFO - Processing /opt/airflow/dags/youtube_extraction.py took 0.108 seconds
[2026-09-16T13:57:34.903+0000] {processor.py:161} INFO - Started process (PID=288) to work on /opt/airflow/dags/youtube_extraction.py
[2026-09-16T13:57:34.906+0000] {processor.py:830} INFO - Processing file /opt/airflow/dags/youtube_extraction.py for tasks to queue
[2026-09-16T13:57:34.909+0000] {logging_mixin.py:188} INFO - [2026-09-16T13:57:34.908+0000] {dagbag.py:545} INFO - Filling up the DagBag from /opt/airflow/dags/youtube_extraction.py
[2026-09-16T13:57:34.924+0000] {processor.py:840} INFO - DAG(s) 'youtube_extraction' retrieved from /opt/airflow/dags/youtube_extraction.py
[2026-09-16T13:57:34.957+0000] {logging_mixin.py:188} INFO - [2026-09-16T13:57:34.956+0000] {dag.py:3096} INFO - Sync 1 DAGs
[2026-09-16T13:57:34.972+0000] {logging_mixin.py:188} INFO - [2026-09-16T13:57:34.972+0000] {dag.py:3954} INFO - Setting next_dagrun for youtube_extraction to None, run_after=None
[2026-09-16T13:57:35.003+0000] {processor.py:183} INFO - Processing /opt/airflow/dags/youtube_extraction.py took 0.107 seconds
[2026-09-16T13:58:06.027+0000] {processor.py:161} INFO - Started process (PID=299) to work on /opt/airflow/dags/youtube_extraction.py
[2026-09-16T13:58:06.030+0000] {processor.py:830} INFO - Processing file /opt/airflow/dags/youtube_extraction.py for tasks to queue
[2026-09-16T13:58:06.035+0000] {logging_mixin.py:188} INFO - [2026-09-16T13:58:06.034+0000] {dagbag.py:545} INFO - Filling up the DagBag from /opt/airflow/dags/youtube_extraction.py
[2026-09-16T13:58:06.063+0000] {processor.py:840} INFO - DAG(s) 'youtube_extraction' retrieved from /opt/airflow/dags/youtube_extraction.py
[2026-09-16T13:58:06.112+0000] {logging_mixin.py:188} INFO - [2026-09-16T13:58:06.112+0000] {dag.py:3096} INFO - Sync 1 DAGs
[2026-09-16T13:58:06.133+0000] {logging_mixin.py:188} INFO - [2026-09-16T13:58:06.133+0000] {dag.py:3954} INFO - Setting next_dagrun for youtube_extraction to None, run_after=None
[2026-09-16T13:58:06.176+0000] {processor.py:183} INFO - Processing /opt/airflow/dags/youtube_extraction.py took 0.159 seconds
[2026-09-16T13:58:36.291+0000] {processor.py:161} INFO - Started process (PID=310) to work on /opt/airflow/dags/youtube_extraction.py
[2026-09-16T13:58:36.299+0000] {processor.py:830} INFO - Processing file /opt/airflow/dags/youtube_extraction.py for tasks to queue
[2026-09-16T13:58:36.303+0000] {logging_mixin.py:188} INFO - [2026-09-16T13:58:36.302+0000] {dagbag.py:545} INFO - Filling up the DagBag from /opt/airflow/dags/youtube_extraction.py
[2026-09-16T13:58:36.332+0000] {processor.py:840} INFO - DAG(s) 'youtube_extraction' retrieved from /opt/airflow/dags/youtube_extraction.py
[2026-09-16T13:58:36.398+0000] {logging_mixin.py:188} INFO - [2026-09-16T13:58:36.398+0000] {dag.py:3096} INFO - Sync 1 DAGs
[2026-09-16T13:58:36.426+0000] {logging_mixin.py:188} INFO - [2026-09-16T13:58:36.425+0000] {dag.py:3954} INFO - Setting next_dagrun for youtube_extraction to None, run_after=None
[2026-09-16T13:58:36.469+0000] {processor.py:183} INFO - Processing /opt/airflow/dags/youtube_extraction.py took 0.195 seconds
[2026-09-16T13:59:06.595+0000] {processor.py:161} INFO - Started process (PID=321) to work on /opt/airflow/dags/youtube_extraction.py
[2026-09-16T13:59:06.598+0000] {processor.py:830} INFO - Processing file /opt/airflow/dags/youtube_extraction.py for tasks to queue
[2026-09-16T13:59:06.602+0000] {logging_mixin.py:188} INFO - [2026-09-16T13:59:06.602+0000] {dagbag.py:545} INFO - Filling up the DagBag from /opt/airflow/dags/youtube_extraction.py
[2026-09-16T13:59:06.627+0000] {processor.py:840} INFO - DAG(s) 'youtube_extraction' retrieved from /opt/airflow/dags/youtube_extraction.py
[2026-09-16T13:59:06.675+0000] {logging_mixin.py:188} INFO - [2026-09-16T13:59:06.675+0000] {dag.py:3096} INFO - Sync 1 DAGs
[2026-09-16T13:59:06.697+0000] {logging_mixin.py:188} INFO - [2026-09-16T13:59:06.697+0000] {dag.py:3954} INFO - Setting next_dagrun for youtube_extraction to None, run_after=None
[2026-09-16T13:59:06.736+0000] {processor.py:183} INFO - Processing /opt/airflow/dags/youtube_extraction.py took 0.151 seconds
[2026-09-16T13:59:36.832+0000] {processor.py:161} INFO - Started process (PID=332) to work on /opt/airflow/dags/youtube_extraction.py
[2026-09-16T13:59:36.835+0000] {processor.py:830} INFO - Processing file /opt/airflow/dags/youtube_extraction.py for tasks to queue
[2026-09-16T13:59:36.838+0000] {logging_mixin.py:188} INFO - [2026-09-16T13:59:36.837+0000] {dagbag.py:545} INFO - Filling up the DagBag from /opt/airflow/dags/youtube_extraction.py
[2026-09-16T13:59:36.855+0000] {processor.py:840} INFO - DAG(s) 'youtube_extraction' retrieved from /opt/airflow/dags/youtube_extraction.py
[2026-09-16T13:59:36.892+0000] {logging_mixin.py:188} INFO - [2026-09-16T13:59:36.892+0000] {dag.py:3096} INFO - Sync 1 DAGs
[2026-09-16T13:59:36.917+0000] {logging_mixin.py:188} INFO - [2026-09-16T13:59:36.916+0000] {dag.py:3954} INFO - Setting next_dagrun for youtube_extraction to None, run_after=None
[2026-09-16T13:59:36.954+0000] {processor.py:183} INFO - Processing /opt/airflow/dags/youtube_extraction.py took 0.128 seconds
[2026-09-16T14:00:07.132+0000] {processor.py:161} INFO - Started process (PID=349) to work on /opt/airflow/dags/youtube_extraction.py
[2026-09-16T14:00:07.135+0000] {processor.py:830} INFO - Processing file /opt/airflow/dags/youtube_extraction.py for tasks to queue
[2026-09-16T14:00:07.138+0000] {logging_mixin.py:188} INFO - [2026-09-16T14:00:07.137+0000] {dagbag.py:545} INFO - Filling up the DagBag from /opt/airflow/dags/youtube_extraction.py
[2026-09-16T14:00:07.162+0000] {processor.py:840} INFO - DAG(s) 'youtube_extraction' retrieved from /opt/airflow/dags/youtube_extraction.py
[2026-09-16T14:00:07.238+0000] {logging_mixin.py:188} INFO - [2026-09-16T14:00:07.238+0000] {dag.py:3096} INFO - Sync 1 DAGs
[2026-09-16T14:00:07.286+0000] {logging_mixin.py:188} INFO - [2026-09-16T14:00:07.285+0000] {dag.py:3954} INFO - Setting next_dagrun for youtube_extraction to None, run_after=None
[2026-09-16T14:00:07.351+0000] {processor.py:183} INFO - Processing /opt/airflow/dags/youtube_extraction.py took 0.231 seconds
[2026-09-16T14:00:37.561+0000] {processor.py:161} INFO - Started process (PID=359) to work on /opt/airflow/dags/youtube_extraction.py
[2026-09-16T14:00:37.564+0000] {processor.py:830} INFO - Processing file /opt/airflow/dags/youtube_extraction.py for tasks to queue
[2026-09-16T14:00:37.567+0000] {logging_mixin.py:188} INFO - [2026-09-16T14:00:37.567+0000] {dagbag.py:545} INFO - Filling up the DagBag from /opt/airflow/dags/youtube_extraction.py
[2026-09-16T14:00:37.588+0000] {processor.py:840} INFO - DAG(s) 'youtube_extraction' retrieved from /opt/airflow/dags/youtube_extraction.py
[2026-09-16T14:00:37.627+0000] {logging_mixin.py:188} INFO - [2026-09-16T14:00:37.627+0000] {dag.py:3096} INFO - Sync 1 DAGs
[2026-09-16T14:00:37.644+0000] {logging_mixin.py:188} INFO - [2026-09-16T14:00:37.643+0000] {dag.py:3954} INFO - Setting next_dagrun for youtube_extraction to None, run_after=None
[2026-09-16T14:00:37.671+0000] {processor.py:183} INFO - Processing /opt/airflow/dags/youtube_extraction.py took 0.118 seconds
[2026-09-16T14:01:07.737+0000] {processor.py:161} INFO - Started process (PID=370) to work on /opt/airflow/dags/youtube_extraction.py
[2026-09-16T14:01:07.740+0000] {processor.py:830} INFO - Processing file /opt/airflow/dags/youtube_extraction.py for tasks to queue
[2026-09-16T14:01:07.743+0000] {logging_mixin.py:188} INFO - [2026-09-16T14:01:07.743+0000] {dagbag.py:545} INFO - Filling up the DagBag from /opt/airflow/dags/youtube_extraction.py
[2026-09-16T14:01:07.761+0000] {processor.py:840} INFO - DAG(s) 'youtube_extraction' retrieved from /opt/airflow/dags/youtube_extraction.py
[2026-09-16T14:01:07.797+0000] {logging_mixin.py:188} INFO - [2026-09-16T14:01:07.796+0000] {dag.py:3096} INFO - Sync 1 DAGs
[2026-09-16T14:01:07.815+0000] {logging_mixin.py:188} INFO - [2026-09-16T14:01:07.815+0000] {dag.py:3954} INFO - Setting next_dagrun for youtube_extraction to None, run_after=None
[2026-09-16T14:01:07.854+0000] {processor.py:183} INFO - Processing /opt/airflow/dags/youtube_extraction.py took 0.125 seconds
[2026-09-16T14:01:38.039+0000] {processor.py:161} INFO - Started process (PID=387) to work on /opt/airflow/dags/youtube_extraction.py
[2026-09-16T14:01:38.042+0000] {processor.py:830} INFO - Processing file /opt/airflow/dags/youtube_extraction.py for tasks to queue
[2026-09-16T14:01:38.046+0000] {logging_mixin.py:188} INFO - [2026-09-16T14:01:38.046+0000] {dagbag.py:545} INFO - Filling up the DagBag from /opt/airflow/dags/youtube_extraction.py
[2026-09-16T14:01:38.064+0000] {processor.py:840} INFO - DAG(s) 'youtube_extraction' retrieved from /opt/airflow/dags/youtube_extraction.py
[2026-09-16T14:01:38.101+0000] {logging_mixin.py:188} INFO - [2026-09-16T14:01:38.101+0000] {dag.py:3096} INFO - Sync 1 DAGs
[2026-09-16T14:01:38.119+0000] {logging_mixin.py:188} INFO - [2026-09-16T14:01:38.119+0000] {dag.py:3954} INFO - Setting next_dagrun for youtube_extraction to None, run_after=None
[2026-09-16T14:01:38.158+0000] {processor.py:183} INFO - Processing /opt/airflow/dags/youtube_extraction.py took 0.126 seconds
[2026-09-16T14:02:08.219+0000] {processor.py:161} INFO - Started process (PID=398) to work on /opt/airflow/dags/youtube_extraction.py
[2026-09-16T14:02:08.222+0000] {processor.py:830} INFO - Processing file /opt/airflow/dags/youtube_extraction.py for tasks to queue
[2026-09-16T14:02:08.227+0000] {logging_mixin.py:188} INFO - [2026-09-16T14:02:08.226+0000] {dagbag.py:545} INFO - Filling up the DagBag from /opt/airflow/dags/youtube_extraction.py
[2026-09-16T14:02:08.248+0000] {processor.py:840} INFO - DAG(s) 'youtube_extraction' retrieved from /opt/airflow/dags/youtube_extraction.py
[2026-09-16T14:02:08.287+0000] {logging_mixin.py:188} INFO - [2026-09-16T14:02:08.287+0000] {dag.py:3096} INFO - Sync 1 DAGs
[2026-09-16T14:02:08.307+0000] {logging_mixin.py:188} INFO - [2026-09-16T14:02:08.307+0000] {dag.py:3954} INFO - Setting next_dagrun for youtube_extraction to None, run_after=None
[2026-09-16T14:02:08.351+0000] {processor.py:183} INFO - Processing /opt/airflow/dags/youtube_extraction.py took 0.140 seconds
[2026-09-16T14:02:38.615+0000] {processor.py:161} INFO - Started process (PID=409) to work on /opt/airflow/dags/youtube_extraction.py
[2026-09-16T14:02:38.618+0000] {processor.py:830} INFO - Processing file /opt/airflow/dags/youtube_extraction.py for tasks to queue
[2026-09-16T14:02:38.624+0000] {logging_mixin.py:188} INFO - [2026-09-16T14:02:38.623+0000] {dagbag.py:545} INFO - Filling up the DagBag from /opt/airflow/dags/youtube_extraction.py
[2026-09-16T14:02:38.693+0000] {processor.py:840} INFO - DAG(s) 'youtube_extraction' retrieved from /opt/airflow/dags/youtube_extraction.py
[2026-09-16T14:02:38.784+0000] {logging_mixin.py:188} INFO - [2026-09-16T14:02:38.783+0000] {dag.py:3096} INFO - Sync 1 DAGs
[2026-09-16T14:02:38.810+0000] {logging_mixin.py:188} INFO - [2026-09-16T14:02:38.810+0000] {dag.py:3954} INFO - Setting next_dagrun for youtube_extraction to None, run_after=None
[2026-09-16T14:02:38.871+0000] {processor.py:183} INFO - Processing /opt/airflow/dags/youtube_extraction.py took 0.277 seconds
[2026-09-16T14:03:09.110+0000] {processor.py:161} INFO - Started process (PID=420) to work on /opt/airflow/dags/youtube_extraction.py
[2026-09-16T14:03:09.113+0000] {processor.py:830} INFO - Processing file /opt/airflow/dags/youtube_extraction.py for tasks to queue
[2026-09-16T14:03:09.117+0000] {logging_mixin.py:188} INFO - [2026-09-16T14:03:09.116+0000] {dagbag.py:545} INFO - Filling up the DagBag from /opt/airflow/dags/youtube_extraction.py
[2026-09-16T14:03:09.140+0000] {processor.py:840} INFO - DAG(s) 'youtube_extraction' retrieved from /opt/airflow/dags/youtube_extraction.py
[2026-09-16T14:03:09.181+0000] {logging_mixin.py:188} INFO - [2026-09-16T14:03:09.181+0000] {dag.py:3096} INFO - Sync 1 DAGs
[2026-09-16T14:03:09.206+0000] {logging_mixin.py:188} INFO - [2026-09-16T14:03:09.206+0000] {dag.py:3954} INFO - Setting next_dagrun for youtube_extraction to None, run_after=None
[2026-09-16T14:03:09.237+0000] {processor.py:183} INFO - Processing /opt/airflow/dags/youtube_extraction.py took 0.139 seconds
[2026-09-16T14:03:39.324+0000] {processor.py:161} INFO - Started process (PID=431) to work on /opt/airflow/dags/youtube_extraction.py
[2026-09-16T14:03:39.326+0000] {processor.py:830} INFO - Processing file /opt/airflow/dags/youtube_extraction.py for tasks to queue
[2026-09-16T14:03:39.330+0000] {logging_mixin.py:188} INFO - [2026-09-16T14:03:39.330+0000] {dagbag.py:545} INFO - Filling up the DagBag from /opt/airflow/dags/youtube_extraction.py
[2026-09-16T14:03:39.349+0000] {processor.py:840} INFO - DAG(s) 'youtube_extraction' retrieved from /opt/airflow/dags/youtube_extraction.py
[2026-09-16T14:03:39.393+0000] {logging_mixin.py:188} INFO - [2026-09-16T14:03:39.393+0000] {dag.py:3096} INFO - Sync 1 DAGs
[2026-09-16T14:03:39.413+0000] {logging_mixin.py:188} INFO - [2026-09-16T14:03:39.413+0000] {dag.py:3954} INFO - Setting next_dagrun for youtube_extraction to None, run_after=None
[2026-09-16T14:03:39.454+0000] {processor.py:183} INFO - Processing /opt/airflow/dags/youtube_extraction.py took 0.139 seconds
[2026-09-16T14:03:55.643+0000] {processor.py:161} INFO - Started process (PID=436) to work on /opt/airflow/dags/youtube_extraction.py
[2026-09-16T14:03:55.647+0000] {processor.py:830} INFO - Processing file /opt/airflow/dags/youtube_extraction.py for tasks to queue
[2026-09-16T14:03:55.651+0000] {logging_mixin.py:188} INFO - [2026-09-16T14:03:55.650+0000] {dagbag.py:545} INFO - Filling up the DagBag from /opt/airflow/dags/youtube_extraction.py
[2026-09-16T14:03:55.721+0000] {processor.py:840} INFO - DAG(s) 'youtube_extraction' retrieved from /opt/airflow/dags/youtube_extraction.py
[2026-09-16T14:03:55.851+0000] {logging_mixin.py:188} INFO - [2026-09-16T14:03:55.850+0000] {dag.py:3096} INFO - Sync 1 DAGs
[2026-09-16T14:03:55.918+0000] {logging_mixin.py:188} INFO - [2026-09-16T14:03:55.917+0000] {dag.py:3954} INFO - Setting next_dagrun for youtube_extraction to None, run_after=None
[2026-09-16T14:03:55.999+0000] {processor.py:183} INFO - Processing /opt/airflow/dags/youtube_extraction.py took 0.369 seconds
[2026-09-16T14:04:26.247+0000] {processor.py:161} INFO - Started process (PID=446) to work on /opt/airflow/dags/youtube_extraction.py
[2026-09-16T14:04:26.250+0000] {processor.py:830} INFO - Processing file /opt/airflow/dags/youtube_extraction.py for tasks to queue
[2026-09-16T14:04:26.254+0000] {logging_mixin.py:188} INFO - [2026-09-16T14:04:26.253+0000] {dagbag.py:545} INFO - Filling up the DagBag from /opt/airflow/dags/youtube_extraction.py
[2026-09-16T14:04:26.274+0000] {processor.py:840} INFO - DAG(s) 'youtube_extraction' retrieved from /opt/airflow/dags/youtube_extraction.py
[2026-09-16T14:04:26.315+0000] {logging_mixin.py:188} INFO - [2026-09-16T14:04:26.314+0000] {dag.py:3096} INFO - Sync 1 DAGs
[2026-09-16T14:04:26.334+0000] {logging_mixin.py:188} INFO - [2026-09-16T14:04:26.333+0000] {dag.py:3954} INFO - Setting next_dagrun for youtube_extraction to None, run_after=None
[2026-09-16T14:04:26.371+0000] {processor.py:183} INFO - Processing /opt/airflow/dags/youtube_extraction.py took 0.131 seconds
[2026-09-16T14:04:56.483+0000] {processor.py:161} INFO - Started process (PID=457) to work on /opt/airflow/dags/youtube_extraction.py
[2026-09-16T14:04:56.487+0000] {processor.py:830} INFO - Processing file /opt/airflow/dags/youtube_extraction.py for tasks to queue
[2026-09-16T14:04:56.493+0000] {logging_mixin.py:188} INFO - [2026-09-16T14:04:56.492+0000] {dagbag.py:545} INFO - Filling up the DagBag from /opt/airflow/dags/youtube_extraction.py
[2026-09-16T14:04:56.517+0000] {processor.py:840} INFO - DAG(s) 'youtube_extraction' retrieved from /opt/airflow/dags/youtube_extraction.py
[2026-09-16T14:04:56.576+0000] {logging_mixin.py:188} INFO - [2026-09-16T14:04:56.575+0000] {dag.py:3096} INFO - Sync 1 DAGs
[2026-09-16T14:04:56.602+0000] {logging_mixin.py:188} INFO - [2026-09-16T14:04:56.602+0000] {dag.py:3954} INFO - Setting next_dagrun for youtube_extraction to None, run_after=None
[2026-09-16T14:04:56.653+0000] {processor.py:183} INFO - Processing /opt/airflow/dags/youtube_extraction.py took 0.183 seconds
[2026-09-16T14:05:26.842+0000] {processor.py:161} INFO - Started process (PID=468) to work on /opt/airflow/dags/youtube_extraction.py
[2026-09-16T14:05:26.844+0000] {processor.py:830} INFO - Processing file /opt/airflow/dags/youtube_extraction.py for tasks to queue
[2026-09-16T14:05:26.849+0000] {logging_mixin.py:188} INFO - [2026-09-16T14:05:26.848+0000] {dagbag.py:545} INFO - Filling up the DagBag from /opt/airflow/dags/youtube_extraction.py
[2026-09-16T14:05:26.875+0000] {processor.py:840} INFO - DAG(s) 'youtube_extraction' retrieved from /opt/airflow/dags/youtube_extraction.py
[2026-09-16T14:05:26.924+0000] {logging_mixin.py:188} INFO - [2026-09-16T14:05:26.924+0000] {dag.py:3096} INFO - Sync 1 DAGs
[2026-09-16T14:05:26.947+0000] {logging_mixin.py:188} INFO - [2026-09-16T14:05:26.946+0000] {dag.py:3954} INFO - Setting next_dagrun for youtube_extraction to None, run_after=None
[2026-09-16T14:05:26.989+0000] {processor.py:183} INFO - Processing /opt/airflow/dags/youtube_extraction.py took 0.160 seconds
[2026-09-16T14:05:57.135+0000] {processor.py:161} INFO - Started process (PID=479) to work on /opt/airflow/dags/youtube_extraction.py
[2026-09-16T14:05:57.144+0000] {processor.py:830} INFO - Processing file /opt/airflow/dags/youtube_extraction.py for tasks to queue
[2026-09-16T14:05:57.157+0000] {logging_mixin.py:188} INFO - [2026-09-16T14:05:57.156+0000] {dagbag.py:545} INFO - Filling up the DagBag from /opt/airflow/dags/youtube_extraction.py
[2026-09-16T14:05:57.329+0000] {processor.py:840} INFO - DAG(s) 'youtube_extraction' retrieved from /opt/airflow/dags/youtube_extraction.py
[2026-09-16T14:05:57.436+0000] {logging_mixin.py:188} INFO - [2026-09-16T14:05:57.435+0000] {dag.py:3096} INFO - Sync 1 DAGs
[2026-09-16T14:05:57.483+0000] {logging_mixin.py:188} INFO - [2026-09-16T14:05:57.482+0000] {dag.py:3954} INFO - Setting next_dagrun for youtube_extraction to None, run_after=None
[2026-09-16T14:05:57.585+0000] {processor.py:183} INFO - Processing /opt/airflow/dags/youtube_extraction.py took 0.481 seconds
[2026-09-16T14:06:27.945+0000] {processor.py:161} INFO - Started process (PID=490) to work on /opt/airflow/dags/youtube_extraction.py
[2026-09-16T14:06:27.948+0000] {processor.py:830} INFO - Processing file /opt/airflow/dags/youtube_extraction.py for tasks to queue
[2026-09-16T14:06:27.955+0000] {logging_mixin.py:188} INFO - [2026-09-16T14:06:27.954+0000] {dagbag.py:545} INFO - Filling up the DagBag from /opt/airflow/dags/youtube_extraction.py
[2026-09-16T14:06:27.984+0000] {processor.py:840} INFO - DAG(s) 'youtube_extraction' retrieved from /opt/airflow/dags/youtube_extraction.py
[2026-09-16T14:06:28.045+0000] {logging_mixin.py:188} INFO - [2026-09-16T14:06:28.045+0000] {dag.py:3096} INFO - Sync 1 DAGs
[2026-09-16T14:06:28.073+0000] {logging_mixin.py:188} INFO - [2026-09-16T14:06:28.072+0000] {dag.py:3954} INFO - Setting next_dagrun for youtube_extraction to None, run_after=None
[2026-09-16T14:06:28.122+0000] {processor.py:183} INFO - Processing /opt/airflow/dags/youtube_extraction.py took 0.197 seconds
[2026-09-16T14:06:58.317+0000] {processor.py:161} INFO - Started process (PID=501) to work on /opt/airflow/dags/youtube_extraction.py
[2026-09-16T14:06:58.319+0000] {processor.py:830} INFO - Processing file /opt/airflow/dags/youtube_extraction.py for tasks to queue
[2026-09-16T14:06:58.323+0000] {logging_mixin.py:188} INFO - [2026-09-16T14:06:58.322+0000] {dagbag.py:545} INFO - Filling up the DagBag from /opt/airflow/dags/youtube_extraction.py
[2026-09-16T14:06:58.344+0000] {processor.py:840} INFO - DAG(s) 'youtube_extraction' retrieved from /opt/airflow/dags/youtube_extraction.py
[2026-09-16T14:06:58.379+0000] {logging_mixin.py:188} INFO - [2026-09-16T14:06:58.378+0000] {dag.py:3096} INFO - Sync 1 DAGs
[2026-09-16T14:06:58.394+0000] {logging_mixin.py:188} INFO - [2026-09-16T14:06:58.394+0000] {dag.py:3954} INFO - Setting next_dagrun for youtube_extraction to None, run_after=None
[2026-09-16T14:06:58.428+0000] {processor.py:183} INFO - Processing /opt/airflow/dags/youtube_extraction.py took 0.119 seconds
[2026-09-16T14:07:28.504+0000] {processor.py:161} INFO - Started process (PID=512) to work on /opt/airflow/dags/youtube_extraction.py
[2026-09-16T14:07:28.506+0000] {processor.py:830} INFO - Processing file /opt/airflow/dags/youtube_extraction.py for tasks to queue
[2026-09-16T14:07:28.509+0000] {logging_mixin.py:188} INFO - [2026-09-16T14:07:28.509+0000] {dagbag.py:545} INFO - Filling up the DagBag from /opt/airflow/dags/youtube_extraction.py
[2026-09-16T14:07:28.526+0000] {processor.py:840} INFO - DAG(s) 'youtube_extraction' retrieved from /opt/airflow/dags/youtube_extraction.py
[2026-09-16T14:07:28.566+0000] {logging_mixin.py:188} INFO - [2026-09-16T14:07:28.566+0000] {dag.py:3096} INFO - Sync 1 DAGs
[2026-09-16T14:07:28.584+0000] {logging_mixin.py:188} INFO - [2026-09-16T14:07:28.584+0000] {dag.py:3954} INFO - Setting next_dagrun for youtube_extraction to None, run_after=None
[2026-09-16T14:07:28.621+0000] {processor.py:183} INFO - Processing /opt/airflow/dags/youtube_extraction.py took 0.125 seconds
[2026-09-16T14:07:58.799+0000] {processor.py:161} INFO - Started process (PID=523) to work on /opt/airflow/dags/youtube_extraction.py
[2026-09-16T14:07:58.801+0000] {processor.py:830} INFO - Processing file /opt/airflow/dags/youtube_extraction.py for tasks to queue
[2026-09-16T14:07:58.805+0000] {logging_mixin.py:188} INFO - [2026-09-16T14:07:58.805+0000] {dagbag.py:545} INFO - Filling up the DagBag from /opt/airflow/dags/youtube_extraction.py
[2026-09-16T14:07:58.822+0000] {processor.py:840} INFO - DAG(s) 'youtube_extraction' retrieved from /opt/airflow/dags/youtube_extraction.py
[2026-09-16T14:07:58.865+0000] {logging_mixin.py:188} INFO - [2026-09-16T14:07:58.864+0000] {dag.py:3096} INFO - Sync 1 DAGs
[2026-09-16T14:07:58.889+0000] {logging_mixin.py:188} INFO - [2026-09-16T14:07:58.889+0000] {dag.py:3954} INFO - Setting next_dagrun for youtube_extraction to None, run_after=None
[2026-09-16T14:07:58.929+0000] {processor.py:183} INFO - Processing /opt/airflow/dags/youtube_extraction.py took 0.137 seconds
[2026-09-16T14:08:29.037+0000] {processor.py:161} INFO - Started process (PID=534) to work on /opt/airflow/dags/youtube_extraction.py
[2026-09-16T14:08:29.039+0000] {processor.py:830} INFO - Processing file /opt/airflow/dags/youtube_extraction.py for tasks to queue
[2026-09-16T14:08:29.042+0000] {logging_mixin.py:188} INFO - [2026-09-16T14:08:29.042+0000] {dagbag.py:545} INFO - Filling up the DagBag from /opt/airflow/dags/youtube_extraction.py
[2026-09-16T14:08:29.060+0000] {processor.py:840} INFO - DAG(s) 'youtube_extraction' retrieved from /opt/airflow/dags/youtube_extraction.py
[2026-09-16T14:08:29.095+0000] {logging_mixin.py:188} INFO - [2026-09-16T14:08:29.095+0000] {dag.py:3096} INFO - Sync 1 DAGs
[2026-09-16T14:08:29.111+0000] {logging_mixin.py:188} INFO - [2026-09-16T14:08:29.111+0000] {dag.py:3954} INFO - Setting next_dagrun for youtube_extraction to None, run_after=None
[2026-09-16T14:08:29.143+0000] {processor.py:183} INFO - Processing /opt/airflow/dags/youtube_extraction.py took 0.112 seconds
[2026-09-16T14:08:59.292+0000] {processor.py:161} INFO - Started process (PID=545) to work on /opt/airflow/dags/youtube_extraction.py
[2026-09-16T14:08:59.294+0000] {processor.py:830} INFO - Processing file /opt/airflow/dags/youtube_extraction.py for tasks to queue
[2026-09-16T14:08:59.298+0000] {logging_mixin.py:188} INFO - [2026-09-16T14:08:59.297+0000] {dagbag.py:545} INFO - Filling up the DagBag from /opt/airflow/dags/youtube_extraction.py
[2026-09-16T14:08:59.315+0000] {processor.py:840} INFO - DAG(s) 'youtube_extraction' retrieved from /opt/airflow/dags/youtube_extraction.py
[2026-09-16T14:08:59.347+0000] {logging_mixin.py:188} INFO - [2026-09-16T14:08:59.347+0000] {dag.py:3096} INFO - Sync 1 DAGs
[2026-09-16T14:08:59.380+0000] {logging_mixin.py:188} INFO - [2026-09-16T14:08:59.380+0000] {dag.py:3954} INFO - Setting next_dagrun for youtube_extraction to None, run_after=None
[2026-09-16T14:08:59.428+0000] {processor.py:183} INFO - Processing /opt/airflow/dags/youtube_extraction.py took 0.145 seconds
[2026-09-16T14:09:29.540+0000] {processor.py:161} INFO - Started process (PID=556) to work on /opt/airflow/dags/youtube_extraction.py
[2026-09-16T14:09:29.542+0000] {processor.py:830} INFO - Processing file /opt/airflow/dags/youtube_extraction.py for tasks to queue
[2026-09-16T14:09:29.546+0000] {logging_mixin.py:188} INFO - [2026-09-16T14:09:29.546+0000] {dagbag.py:545} INFO - Filling up the DagBag from /opt/airflow/dags/youtube_extraction.py
[2026-09-16T14:09:29.574+0000] {processor.py:840} INFO - DAG(s) 'youtube_extraction' retrieved from /opt/airflow/dags/youtube_extraction.py
[2026-09-16T14:09:29.640+0000] {logging_mixin.py:188} INFO - [2026-09-16T14:09:29.640+0000] {dag.py:3096} INFO - Sync 1 DAGs
[2026-09-16T14:09:29.675+0000] {logging_mixin.py:188} INFO - [2026-09-16T14:09:29.674+0000] {dag.py:3954} INFO - Setting next_dagrun for youtube_extraction to None, run_after=None
[2026-09-16T14:09:29.721+0000] {processor.py:183} INFO - Processing /opt/airflow/dags/youtube_extraction.py took 0.192 seconds
[2026-09-16T14:09:59.856+0000] {processor.py:161} INFO - Started process (PID=567) to work on /opt/airflow/dags/youtube_extraction.py
[2026-09-16T14:09:59.859+0000] {processor.py:830} INFO - Processing file /opt/airflow/dags/youtube_extraction.py for tasks to queue
[2026-09-16T14:09:59.865+0000] {logging_mixin.py:188} INFO - [2026-09-16T14:09:59.864+0000] {dagbag.py:545} INFO - Filling up the DagBag from /opt/airflow/dags/youtube_extraction.py
[2026-09-16T14:09:59.887+0000] {processor.py:840} INFO - DAG(s) 'youtube_extraction' retrieved from /opt/airflow/dags/youtube_extraction.py
[2026-09-16T14:09:59.934+0000] {logging_mixin.py:188} INFO - [2026-09-16T14:09:59.934+0000] {dag.py:3096} INFO - Sync 1 DAGs
[2026-09-16T14:09:59.955+0000] {logging_mixin.py:188} INFO - [2026-09-16T14:09:59.954+0000] {dag.py:3954} INFO - Setting next_dagrun for youtube_extraction to None, run_after=None
[2026-09-16T14:09:59.995+0000] {processor.py:183} INFO - Processing /opt/airflow/dags/youtube_extraction.py took 0.157 seconds
[2026-09-16T14:10:30.117+0000] {processor.py:161} INFO - Started process (PID=578) to work on /opt/airflow/dags/youtube_extraction.py
[2026-09-16T14:10:30.121+0000] {processor.py:830} INFO - Processing file /opt/airflow/dags/youtube_extraction.py for tasks to queue
[2026-09-16T14:10:30.125+0000] {logging_mixin.py:188} INFO - [2026-09-16T14:10:30.125+0000] {dagbag.py:545} INFO - Filling up the DagBag from /opt/airflow/dags/youtube_extraction.py
[2026-09-16T14:10:30.147+0000] {processor.py:840} INFO - DAG(s) 'youtube_extraction' retrieved from /opt/airflow/dags/youtube_extraction.py
[2026-09-16T14:10:30.192+0000] {logging_mixin.py:188} INFO - [2026-09-16T14:10:30.192+0000] {dag.py:3096} INFO - Sync 1 DAGs
[2026-09-16T14:10:30.212+0000] {logging_mixin.py:188} INFO - [2026-09-16T14:10:30.212+0000] {dag.py:3954} INFO - Setting next_dagrun for youtube_extraction to None, run_after=None
[2026-09-16T14:10:30.250+0000] {processor.py:183} INFO - Processing /opt/airflow/dags/youtube_extraction.py took 0.142 seconds
[2026-09-16T14:11:00.374+0000] {processor.py:161} INFO - Started process (PID=589) to work on /opt/airflow/dags/youtube_extraction.py
[2026-09-16T14:11:00.377+0000] {processor.py:830} INFO - Processing file /opt/airflow/dags/youtube_extraction.py for tasks to queue
[2026-09-16T14:11:00.381+0000] {logging_mixin.py:188} INFO - [2026-09-16T14:11:00.380+0000] {dagbag.py:545} INFO - Filling up the DagBag from /opt/airflow/dags/youtube_extraction.py
[2026-09-16T14:11:00.402+0000] {processor.py:840} INFO - DAG(s) 'youtube_extraction' retrieved from /opt/airflow/dags/youtube_extraction.py
[2026-09-16T14:11:00.454+0000] {logging_mixin.py:188} INFO - [2026-09-16T14:11:00.454+0000] {dag.py:3096} INFO - Sync 1 DAGs
[2026-09-16T14:11:00.473+0000] {logging_mixin.py:188} INFO - [2026-09-16T14:11:00.473+0000] {dag.py:3954} INFO - Setting next_dagrun for youtube_extraction to None, run_after=None
[2026-09-16T14:11:00.510+0000] {processor.py:183} INFO - Processing /opt/airflow/dags/youtube_extraction.py took 0.146 seconds
[2026-09-16T14:11:30.636+0000] {processor.py:161} INFO - Started process (PID=600) to work on /opt/airflow/dags/youtube_extraction.py
[2026-09-16T14:11:30.640+0000] {processor.py:830} INFO - Processing file /opt/airflow/dags/youtube_extraction.py for tasks to queue
[2026-09-16T14:11:30.643+0000] {logging_mixin.py:188} INFO - [2026-09-16T14:11:30.643+0000] {dagbag.py:545} INFO - Filling up the DagBag from /opt/airflow/dags/youtube_extraction.py
[2026-09-16T14:11:30.669+0000] {processor.py:840} INFO - DAG(s) 'youtube_extraction' retrieved from /opt/airflow/dags/youtube_extraction.py
[2026-09-16T14:11:30.709+0000] {logging_mixin.py:188} INFO - [2026-09-16T14:11:30.708+0000] {dag.py:3096} INFO - Sync 1 DAGs
[2026-09-16T14:11:30.730+0000] {logging_mixin.py:188} INFO - [2026-09-16T14:11:30.729+0000] {dag.py:3954} INFO - Setting next_dagrun for youtube_extraction to None, run_after=None
[2026-09-16T14:11:30.782+0000] {processor.py:183} INFO - Processing /opt/airflow/dags/youtube_extraction.py took 0.155 seconds
[2026-09-16T14:11:48.850+0000] {processor.py:161} INFO - Started process (PID=611) to work on /opt/airflow/dags/youtube_extraction.py
[2026-09-16T14:11:48.853+0000] {processor.py:830} INFO - Processing file /opt/airflow/dags/youtube_extraction.py for tasks to queue
[2026-09-16T14:11:48.857+0000] {logging_mixin.py:188} INFO - [2026-09-16T14:11:48.857+0000] {dagbag.py:545} INFO - Filling up the DagBag from /opt/airflow/dags/youtube_extraction.py
[2026-09-16T14:11:48.907+0000] {processor.py:840} INFO - DAG(s) 'youtube_extraction' retrieved from /opt/airflow/dags/youtube_extraction.py
[2026-09-16T14:11:48.952+0000] {logging_mixin.py:188} INFO - [2026-09-16T14:11:48.952+0000] {dag.py:3096} INFO - Sync 1 DAGs
[2026-09-16T14:11:48.980+0000] {logging_mixin.py:188} INFO - [2026-09-16T14:11:48.980+0000] {dag.py:3954} INFO - Setting next_dagrun for youtube_extraction to None, run_after=None
[2026-09-16T14:11:49.028+0000] {processor.py:183} INFO - Processing /opt/airflow/dags/youtube_extraction.py took 0.188 seconds
[2026-09-16T14:11:53.967+0000] {processor.py:161} INFO - Started process (PID=616) to work on /opt/airflow/dags/youtube_extraction.py
[2026-09-16T14:11:53.969+0000] {processor.py:830} INFO - Processing file /opt/airflow/dags/youtube_extraction.py for tasks to queue
[2026-09-16T14:11:53.972+0000] {logging_mixin.py:188} INFO - [2026-09-16T14:11:53.972+0000] {dagbag.py:545} INFO - Filling up the DagBag from /opt/airflow/dags/youtube_extraction.py
[2026-09-16T14:11:54.020+0000] {processor.py:840} INFO - DAG(s) 'youtube_extraction' retrieved from /opt/airflow/dags/youtube_extraction.py
[2026-09-16T14:11:54.059+0000] {logging_mixin.py:188} INFO - [2026-09-16T14:11:54.058+0000] {dag.py:3096} INFO - Sync 1 DAGs
[2026-09-16T14:11:54.081+0000] {logging_mixin.py:188} INFO - [2026-09-16T14:11:54.081+0000] {dag.py:3954} INFO - Setting next_dagrun for youtube_extraction to None, run_after=None
[2026-09-16T14:11:54.120+0000] {processor.py:183} INFO - Processing /opt/airflow/dags/youtube_extraction.py took 0.162 seconds
[2026-09-16T14:12:01.207+0000] {processor.py:161} INFO - Started process (PID=621) to work on /opt/airflow/dags/youtube_extraction.py
[2026-09-16T14:12:01.209+0000] {processor.py:830} INFO - Processing file /opt/airflow/dags/youtube_extraction.py for tasks to queue
[2026-09-16T14:12:01.214+0000] {logging_mixin.py:188} INFO - [2026-09-16T14:12:01.213+0000] {dagbag.py:545} INFO - Filling up the DagBag from /opt/airflow/dags/youtube_extraction.py
[2026-09-16T14:12:01.267+0000] {logging_mixin.py:188} INFO - [2026-09-16T14:12:01.264+0000] {dagbag.py:355} ERROR - Failed to import: /opt/airflow/dags/youtube_extraction.py
Traceback (most recent call last):
  File "/home/airflow/.local/lib/python3.10/site-packages/airflow/models/dagbag.py", line 351, in parse
    loader.exec_module(new_module)
  File "<frozen importlib._bootstrap_external>", line 883, in exec_module
  File "<frozen importlib._bootstrap>", line 241, in _call_with_frames_removed
  File "/opt/airflow/dags/youtube_extraction.py", line 8, in <module>
    BashOperator = importlib.import_module("airflow.operators.bash").PythonOperator
AttributeError: module 'airflow.operators.bash' has no attribute 'PythonOperator'
[2026-09-16T14:12:01.268+0000] {processor.py:842} WARNING - No viable dags retrieved from /opt/airflow/dags/youtube_extraction.py
[2026-09-16T14:12:01.301+0000] {processor.py:183} INFO - Processing /opt/airflow/dags/youtube_extraction.py took 0.102 seconds
[2026-09-16T14:12:07.298+0000] {processor.py:161} INFO - Started process (PID=626) to work on /opt/airflow/dags/youtube_extraction.py
[2026-09-16T14:12:07.302+0000] {processor.py:830} INFO - Processing file /opt/airflow/dags/youtube_extraction.py for tasks to queue
[2026-09-16T14:12:07.306+0000] {logging_mixin.py:188} INFO - [2026-09-16T14:12:07.305+0000] {dagbag.py:545} INFO - Filling up the DagBag from /opt/airflow/dags/youtube_extraction.py
[2026-09-16T14:12:07.369+0000] {processor.py:840} INFO - DAG(s) 'youtube_extraction' retrieved from /opt/airflow/dags/youtube_extraction.py
[2026-09-16T14:12:07.412+0000] {logging_mixin.py:188} INFO - [2026-09-16T14:12:07.411+0000] {dag.py:3096} INFO - Sync 1 DAGs
[2026-09-16T14:12:07.438+0000] {logging_mixin.py:188} INFO - [2026-09-16T14:12:07.438+0000] {dag.py:3954} INFO - Setting next_dagrun for youtube_extraction to None, run_after=None
[2026-09-16T14:12:07.519+0000] {processor.py:183} INFO - Processing /opt/airflow/dags/youtube_extraction.py took 0.245 seconds
[2026-09-16T14:12:37.756+0000] {processor.py:161} INFO - Started process (PID=637) to work on /opt/airflow/dags/youtube_extraction.py
[2026-09-16T14:12:37.759+0000] {processor.py:830} INFO - Processing file /opt/airflow/dags/youtube_extraction.py for tasks to queue
[2026-09-16T14:12:37.765+0000] {logging_mixin.py:188} INFO - [2026-09-16T14:12:37.764+0000] {dagbag.py:545} INFO - Filling up the DagBag from /opt/airflow/dags/youtube_extraction.py
[2026-09-16T14:12:37.803+0000] {processor.py:840} INFO - DAG(s) 'youtube_extraction' retrieved from /opt/airflow/dags/youtube_extraction.py
[2026-09-16T14:12:37.880+0000] {logging_mixin.py:188} INFO - [2026-09-16T14:12:37.879+0000] {dag.py:3096} INFO - Sync 1 DAGs
[2026-09-16T14:12:37.929+0000] {logging_mixin.py:188} INFO - [2026-09-16T14:12:37.928+0000] {dag.py:3954} INFO - Setting next_dagrun for youtube_extraction to None, run_after=None
[2026-09-16T14:12:37.984+0000] {processor.py:183} INFO - Processing /opt/airflow/dags/youtube_extraction.py took 0.241 seconds
[2026-09-16T14:13:08.201+0000] {processor.py:161} INFO - Started process (PID=648) to work on /opt/airflow/dags/youtube_extraction.py
[2026-09-16T14:13:08.204+0000] {processor.py:830} INFO - Processing file /opt/airflow/dags/youtube_extraction.py for tasks to queue
[2026-09-16T14:13:08.209+0000] {logging_mixin.py:188} INFO - [2026-09-16T14:13:08.208+0000] {dagbag.py:545} INFO - Filling up the DagBag from /opt/airflow/dags/youtube_extraction.py
[2026-09-16T14:13:08.234+0000] {processor.py:840} INFO - DAG(s) 'youtube_extraction' retrieved from /opt/airflow/dags/youtube_extraction.py
[2026-09-16T14:13:08.275+0000] {logging_mixin.py:188} INFO - [2026-09-16T14:13:08.274+0000] {dag.py:3096} INFO - Sync 1 DAGs
[2026-09-16T14:13:08.293+0000] {logging_mixin.py:188} INFO - [2026-09-16T14:13:08.293+0000] {dag.py:3954} INFO - Setting next_dagrun for youtube_extraction to None, run_after=None
[2026-09-16T14:13:08.337+0000] {processor.py:183} INFO - Processing /opt/airflow/dags/youtube_extraction.py took 0.148 seconds
[2026-09-16T14:13:38.573+0000] {processor.py:161} INFO - Started process (PID=659) to work on /opt/airflow/dags/youtube_extraction.py
[2026-09-16T14:13:38.577+0000] {processor.py:830} INFO - Processing file /opt/airflow/dags/youtube_extraction.py for tasks to queue
[2026-09-16T14:13:38.581+0000] {logging_mixin.py:188} INFO - [2026-09-16T14:13:38.581+0000] {dagbag.py:545} INFO - Filling up the DagBag from /opt/airflow/dags/youtube_extraction.py
[2026-09-16T14:13:38.625+0000] {processor.py:840} INFO - DAG(s) 'youtube_extraction' retrieved from /opt/airflow/dags/youtube_extraction.py
[2026-09-16T14:13:38.728+0000] {logging_mixin.py:188} INFO - [2026-09-16T14:13:38.728+0000] {dag.py:3096} INFO - Sync 1 DAGs
[2026-09-16T14:13:38.761+0000] {logging_mixin.py:188} INFO - [2026-09-16T14:13:38.761+0000] {dag.py:3954} INFO - Setting next_dagrun for youtube_extraction to None, run_after=None
[2026-09-16T14:13:38.804+0000] {processor.py:183} INFO - Processing /opt/airflow/dags/youtube_extraction.py took 0.248 seconds
[2026-09-16T14:13:46.627+0000] {processor.py:161} INFO - Started process (PID=670) to work on /opt/airflow/dags/youtube_extraction.py
[2026-09-16T14:13:46.630+0000] {processor.py:830} INFO - Processing file /opt/airflow/dags/youtube_extraction.py for tasks to queue
[2026-09-16T14:13:46.633+0000] {logging_mixin.py:188} INFO - [2026-09-16T14:13:46.633+0000] {dagbag.py:545} INFO - Filling up the DagBag from /opt/airflow/dags/youtube_extraction.py
[2026-09-16T14:13:46.680+0000] {logging_mixin.py:188} INFO - [2026-09-16T14:13:46.676+0000] {dagbag.py:355} ERROR - Failed to import: /opt/airflow/dags/youtube_extraction.py
Traceback (most recent call last):
  File "/home/airflow/.local/lib/python3.10/site-packages/airflow/models/dagbag.py", line 351, in parse
    loader.exec_module(new_module)
  File "<frozen importlib._bootstrap_external>", line 883, in exec_module
  File "<frozen importlib._bootstrap>", line 241, in _call_with_frames_removed
  File "/opt/airflow/dags/youtube_extraction.py", line 21, in <module>
    python_callable=test_extraction,
NameError: name 'test_extraction' is not defined
[2026-09-16T14:13:46.681+0000] {processor.py:842} WARNING - No viable dags retrieved from /opt/airflow/dags/youtube_extraction.py
[2026-09-16T14:13:46.711+0000] {processor.py:183} INFO - Processing /opt/airflow/dags/youtube_extraction.py took 0.092 seconds
[2026-09-16T14:13:51.685+0000] {processor.py:161} INFO - Started process (PID=675) to work on /opt/airflow/dags/youtube_extraction.py
[2026-09-16T14:13:51.690+0000] {processor.py:830} INFO - Processing file /opt/airflow/dags/youtube_extraction.py for tasks to queue
[2026-09-16T14:13:51.694+0000] {logging_mixin.py:188} INFO - [2026-09-16T14:13:51.693+0000] {dagbag.py:545} INFO - Filling up the DagBag from /opt/airflow/dags/youtube_extraction.py
[2026-09-16T14:13:51.757+0000] {logging_mixin.py:188} INFO - [2026-09-16T14:13:51.753+0000] {dagbag.py:355} ERROR - Failed to import: /opt/airflow/dags/youtube_extraction.py
Traceback (most recent call last):
  File "/home/airflow/.local/lib/python3.10/site-packages/airflow/models/dagbag.py", line 351, in parse
    loader.exec_module(new_module)
  File "<frozen importlib._bootstrap_external>", line 883, in exec_module
  File "<frozen importlib._bootstrap>", line 241, in _call_with_frames_removed
  File "/opt/airflow/dags/youtube_extraction.py", line 21, in <module>
    python_callable=test_extraction,
NameError: name 'test_extraction' is not defined
[2026-09-16T14:13:51.759+0000] {processor.py:842} WARNING - No viable dags retrieved from /opt/airflow/dags/youtube_extraction.py
[2026-09-16T14:13:51.798+0000] {processor.py:183} INFO - Processing /opt/airflow/dags/youtube_extraction.py took 0.125 seconds
[2026-09-16T14:13:54.825+0000] {processor.py:161} INFO - Started process (PID=680) to work on /opt/airflow/dags/youtube_extraction.py
[2026-09-16T14:13:54.827+0000] {processor.py:830} INFO - Processing file /opt/airflow/dags/youtube_extraction.py for tasks to queue
[2026-09-16T14:13:54.836+0000] {logging_mixin.py:188} INFO - [2026-09-16T14:13:54.831+0000] {dagbag.py:545} INFO - Filling up the DagBag from /opt/airflow/dags/youtube_extraction.py
[2026-09-16T14:13:54.854+0000] {logging_mixin.py:188} INFO - [2026-09-16T14:13:54.853+0000] {dagbag.py:355} ERROR - Failed to import: /opt/airflow/dags/youtube_extraction.py
Traceback (most recent call last):
  File "/home/airflow/.local/lib/python3.10/site-packages/airflow/models/dagbag.py", line 351, in parse
    loader.exec_module(new_module)
  File "<frozen importlib._bootstrap_external>", line 879, in exec_module
  File "<frozen importlib._bootstrap_external>", line 1017, in get_code
  File "<frozen importlib._bootstrap_external>", line 947, in source_to_code
  File "<frozen importlib._bootstrap>", line 241, in _call_with_frames_removed
  File "/opt/airflow/dags/youtube_extraction.py", line 21
    python_callable=,
                    ^
SyntaxError: invalid syntax
[2026-09-16T14:13:54.856+0000] {processor.py:842} WARNING - No viable dags retrieved from /opt/airflow/dags/youtube_extraction.py
[2026-09-16T14:13:54.889+0000] {processor.py:183} INFO - Processing /opt/airflow/dags/youtube_extraction.py took 0.074 seconds
[2026-09-16T14:14:03.937+0000] {processor.py:161} INFO - Started process (PID=685) to work on /opt/airflow/dags/youtube_extraction.py
[2026-09-16T14:14:03.939+0000] {processor.py:830} INFO - Processing file /opt/airflow/dags/youtube_extraction.py for tasks to queue
[2026-09-16T14:14:03.943+0000] {logging_mixin.py:188} INFO - [2026-09-16T14:14:03.942+0000] {dagbag.py:545} INFO - Filling up the DagBag from /opt/airflow/dags/youtube_extraction.py
[2026-09-16T14:14:03.960+0000] {logging_mixin.py:188} INFO - [2026-09-16T14:14:03.959+0000] {dagbag.py:355} ERROR - Failed to import: /opt/airflow/dags/youtube_extraction.py
Traceback (most recent call last):
  File "/home/airflow/.local/lib/python3.10/site-packages/airflow/models/dagbag.py", line 351, in parse
    loader.exec_module(new_module)
  File "<frozen importlib._bootstrap_external>", line 879, in exec_module
  File "<frozen importlib._bootstrap_external>", line 1017, in get_code
  File "<frozen importlib._bootstrap_external>", line 947, in source_to_code
  File "<frozen importlib._bootstrap>", line 241, in _call_with_frames_removed
  File "/opt/airflow/dags/youtube_extraction.py", line 21
    python_callable=,
                    ^
SyntaxError: invalid syntax
[2026-09-16T14:14:03.962+0000] {processor.py:842} WARNING - No viable dags retrieved from /opt/airflow/dags/youtube_extraction.py
[2026-09-16T14:14:04.005+0000] {processor.py:183} INFO - Processing /opt/airflow/dags/youtube_extraction.py took 0.078 seconds
[2026-09-16T14:14:07.033+0000] {processor.py:161} INFO - Started process (PID=690) to work on /opt/airflow/dags/youtube_extraction.py
[2026-09-16T14:14:07.035+0000] {processor.py:830} INFO - Processing file /opt/airflow/dags/youtube_extraction.py for tasks to queue
[2026-09-16T14:14:07.038+0000] {logging_mixin.py:188} INFO - [2026-09-16T14:14:07.037+0000] {dagbag.py:545} INFO - Filling up the DagBag from /opt/airflow/dags/youtube_extraction.py
[2026-09-16T14:14:07.055+0000] {logging_mixin.py:188} INFO - [2026-09-16T14:14:07.054+0000] {dagbag.py:355} ERROR - Failed to import: /opt/airflow/dags/youtube_extraction.py
Traceback (most recent call last):
  File "/home/airflow/.local/lib/python3.10/site-packages/airflow/models/dagbag.py", line 351, in parse
    loader.exec_module(new_module)
  File "<frozen importlib._bootstrap_external>", line 879, in exec_module
  File "<frozen importlib._bootstrap_external>", line 1017, in get_code
  File "<frozen importlib._bootstrap_external>", line 947, in source_to_code
  File "<frozen importlib._bootstrap>", line 241, in _call_with_frames_removed
  File "/opt/airflow/dags/youtube_extraction.py", line 21
    python_callable=,
                    ^
SyntaxError: invalid syntax
[2026-09-16T14:14:07.057+0000] {processor.py:842} WARNING - No viable dags retrieved from /opt/airflow/dags/youtube_extraction.py
[2026-09-16T14:14:07.094+0000] {processor.py:183} INFO - Processing /opt/airflow/dags/youtube_extraction.py took 0.071 seconds
[2026-09-16T14:14:10.112+0000] {processor.py:161} INFO - Started process (PID=701) to work on /opt/airflow/dags/youtube_extraction.py
[2026-09-16T14:14:10.114+0000] {processor.py:830} INFO - Processing file /opt/airflow/dags/youtube_extraction.py for tasks to queue
[2026-09-16T14:14:10.117+0000] {logging_mixin.py:188} INFO - [2026-09-16T14:14:10.116+0000] {dagbag.py:545} INFO - Filling up the DagBag from /opt/airflow/dags/youtube_extraction.py
[2026-09-16T14:14:10.160+0000] {logging_mixin.py:188} INFO - [2026-09-16T14:14:10.155+0000] {dagbag.py:355} ERROR - Failed to import: /opt/airflow/dags/youtube_extraction.py
Traceback (most recent call last):
  File "/home/airflow/.local/lib/python3.10/site-packages/airflow/models/dagbag.py", line 351, in parse
    loader.exec_module(new_module)
  File "<frozen importlib._bootstrap_external>", line 883, in exec_module
  File "<frozen importlib._bootstrap>", line 241, in _call_with_frames_removed
  File "/opt/airflow/dags/youtube_extraction.py", line 19, in <module>
    extraction = BashOperator(
  File "/home/airflow/.local/lib/python3.10/site-packages/airflow/models/baseoperator.py", line 468, in apply_defaults
    raise AirflowException(f"missing keyword argument {missing_args.pop()!r}")
airflow.exceptions.AirflowException: missing keyword argument 'bash_command'
[2026-09-16T14:14:10.162+0000] {processor.py:842} WARNING - No viable dags retrieved from /opt/airflow/dags/youtube_extraction.py
[2026-09-16T14:14:10.196+0000] {processor.py:183} INFO - Processing /opt/airflow/dags/youtube_extraction.py took 0.092 seconds
[2026-09-16T14:14:40.352+0000] {processor.py:161} INFO - Started process (PID=712) to work on /opt/airflow/dags/youtube_extraction.py
[2026-09-16T14:14:40.354+0000] {processor.py:830} INFO - Processing file /opt/airflow/dags/youtube_extraction.py for tasks to queue
[2026-09-16T14:14:40.358+0000] {logging_mixin.py:188} INFO - [2026-09-16T14:14:40.357+0000] {dagbag.py:545} INFO - Filling up the DagBag from /opt/airflow/dags/youtube_extraction.py
[2026-09-16T14:14:40.378+0000] {logging_mixin.py:188} INFO - [2026-09-16T14:14:40.374+0000] {dagbag.py:355} ERROR - Failed to import: /opt/airflow/dags/youtube_extraction.py
Traceback (most recent call last):
  File "/home/airflow/.local/lib/python3.10/site-packages/airflow/models/dagbag.py", line 351, in parse
    loader.exec_module(new_module)
  File "<frozen importlib._bootstrap_external>", line 883, in exec_module
  File "<frozen importlib._bootstrap>", line 241, in _call_with_frames_removed
  File "/opt/airflow/dags/youtube_extraction.py", line 19, in <module>
    extraction = BashOperator(
  File "/home/airflow/.local/lib/python3.10/site-packages/airflow/models/baseoperator.py", line 468, in apply_defaults
    raise AirflowException(f"missing keyword argument {missing_args.pop()!r}")
airflow.exceptions.AirflowException: missing keyword argument 'bash_command'
[2026-09-16T14:14:40.380+0000] {processor.py:842} WARNING - No viable dags retrieved from /opt/airflow/dags/youtube_extraction.py
[2026-09-16T14:14:40.405+0000] {processor.py:183} INFO - Processing /opt/airflow/dags/youtube_extraction.py took 0.063 seconds
[2026-09-16T14:15:10.581+0000] {processor.py:161} INFO - Started process (PID=723) to work on /opt/airflow/dags/youtube_extraction.py
[2026-09-16T14:15:10.583+0000] {processor.py:830} INFO - Processing file /opt/airflow/dags/youtube_extraction.py for tasks to queue
[2026-09-16T14:15:10.587+0000] {logging_mixin.py:188} INFO - [2026-09-16T14:15:10.586+0000] {dagbag.py:545} INFO - Filling up the DagBag from /opt/airflow/dags/youtube_extraction.py
[2026-09-16T14:15:10.611+0000] {logging_mixin.py:188} INFO - [2026-09-16T14:15:10.605+0000] {dagbag.py:355} ERROR - Failed to import: /opt/airflow/dags/youtube_extraction.py
Traceback (most recent call last):
  File "/home/airflow/.local/lib/python3.10/site-packages/airflow/models/dagbag.py", line 351, in parse
    loader.exec_module(new_module)
  File "<frozen importlib._bootstrap_external>", line 883, in exec_module
  File "<frozen importlib._bootstrap>", line 241, in _call_with_frames_removed
  File "/opt/airflow/dags/youtube_extraction.py", line 19, in <module>
    extraction = BashOperator(
  File "/home/airflow/.local/lib/python3.10/site-packages/airflow/models/baseoperator.py", line 468, in apply_defaults
    raise AirflowException(f"missing keyword argument {missing_args.pop()!r}")
airflow.exceptions.AirflowException: missing keyword argument 'bash_command'
[2026-09-16T14:15:10.613+0000] {processor.py:842} WARNING - No viable dags retrieved from /opt/airflow/dags/youtube_extraction.py
[2026-09-16T14:15:10.644+0000] {processor.py:183} INFO - Processing /opt/airflow/dags/youtube_extraction.py took 0.072 seconds
[2026-09-16T14:15:40.812+0000] {processor.py:161} INFO - Started process (PID=734) to work on /opt/airflow/dags/youtube_extraction.py
[2026-09-16T14:15:40.815+0000] {processor.py:830} INFO - Processing file /opt/airflow/dags/youtube_extraction.py for tasks to queue
[2026-09-16T14:15:40.817+0000] {logging_mixin.py:188} INFO - [2026-09-16T14:15:40.817+0000] {dagbag.py:545} INFO - Filling up the DagBag from /opt/airflow/dags/youtube_extraction.py
[2026-09-16T14:15:40.844+0000] {logging_mixin.py:188} INFO - [2026-09-16T14:15:40.837+0000] {dagbag.py:355} ERROR - Failed to import: /opt/airflow/dags/youtube_extraction.py
Traceback (most recent call last):
  File "/home/airflow/.local/lib/python3.10/site-packages/airflow/models/dagbag.py", line 351, in parse
    loader.exec_module(new_module)
  File "<frozen importlib._bootstrap_external>", line 883, in exec_module
  File "<frozen importlib._bootstrap>", line 241, in _call_with_frames_removed
  File "/opt/airflow/dags/youtube_extraction.py", line 19, in <module>
    extraction = BashOperator(
  File "/home/airflow/.local/lib/python3.10/site-packages/airflow/models/baseoperator.py", line 468, in apply_defaults
    raise AirflowException(f"missing keyword argument {missing_args.pop()!r}")
airflow.exceptions.AirflowException: missing keyword argument 'bash_command'
[2026-09-16T14:15:40.846+0000] {processor.py:842} WARNING - No viable dags retrieved from /opt/airflow/dags/youtube_extraction.py
[2026-09-16T14:15:40.892+0000] {processor.py:183} INFO - Processing /opt/airflow/dags/youtube_extraction.py took 0.094 seconds
[2026-09-16T14:16:11.043+0000] {processor.py:161} INFO - Started process (PID=745) to work on /opt/airflow/dags/youtube_extraction.py
[2026-09-16T14:16:11.047+0000] {processor.py:830} INFO - Processing file /opt/airflow/dags/youtube_extraction.py for tasks to queue
[2026-09-16T14:16:11.049+0000] {logging_mixin.py:188} INFO - [2026-09-16T14:16:11.049+0000] {dagbag.py:545} INFO - Filling up the DagBag from /opt/airflow/dags/youtube_extraction.py
[2026-09-16T14:16:11.071+0000] {logging_mixin.py:188} INFO - [2026-09-16T14:16:11.067+0000] {dagbag.py:355} ERROR - Failed to import: /opt/airflow/dags/youtube_extraction.py
Traceback (most recent call last):
  File "/home/airflow/.local/lib/python3.10/site-packages/airflow/models/dagbag.py", line 351, in parse
    loader.exec_module(new_module)
  File "<frozen importlib._bootstrap_external>", line 883, in exec_module
  File "<frozen importlib._bootstrap>", line 241, in _call_with_frames_removed
  File "/opt/airflow/dags/youtube_extraction.py", line 19, in <module>
    extraction = BashOperator(
  File "/home/airflow/.local/lib/python3.10/site-packages/airflow/models/baseoperator.py", line 468, in apply_defaults
    raise AirflowException(f"missing keyword argument {missing_args.pop()!r}")
airflow.exceptions.AirflowException: missing keyword argument 'bash_command'
[2026-09-16T14:16:11.074+0000] {processor.py:842} WARNING - No viable dags retrieved from /opt/airflow/dags/youtube_extraction.py
[2026-09-16T14:16:11.114+0000] {processor.py:183} INFO - Processing /opt/airflow/dags/youtube_extraction.py took 0.081 seconds
[2026-09-16T14:16:41.288+0000] {processor.py:161} INFO - Started process (PID=756) to work on /opt/airflow/dags/youtube_extraction.py
[2026-09-16T14:16:41.290+0000] {processor.py:830} INFO - Processing file /opt/airflow/dags/youtube_extraction.py for tasks to queue
[2026-09-16T14:16:41.292+0000] {logging_mixin.py:188} INFO - [2026-09-16T14:16:41.292+0000] {dagbag.py:545} INFO - Filling up the DagBag from /opt/airflow/dags/youtube_extraction.py
[2026-09-16T14:16:41.308+0000] {logging_mixin.py:188} INFO - [2026-09-16T14:16:41.305+0000] {dagbag.py:355} ERROR - Failed to import: /opt/airflow/dags/youtube_extraction.py
Traceback (most recent call last):
  File "/home/airflow/.local/lib/python3.10/site-packages/airflow/models/dagbag.py", line 351, in parse
    loader.exec_module(new_module)
  File "<frozen importlib._bootstrap_external>", line 883, in exec_module
  File "<frozen importlib._bootstrap>", line 241, in _call_with_frames_removed
  File "/opt/airflow/dags/youtube_extraction.py", line 19, in <module>
    extraction = BashOperator(
  File "/home/airflow/.local/lib/python3.10/site-packages/airflow/models/baseoperator.py", line 468, in apply_defaults
    raise AirflowException(f"missing keyword argument {missing_args.pop()!r}")
airflow.exceptions.AirflowException: missing keyword argument 'bash_command'
[2026-09-16T14:16:41.310+0000] {processor.py:842} WARNING - No viable dags retrieved from /opt/airflow/dags/youtube_extraction.py
[2026-09-16T14:16:41.339+0000] {processor.py:183} INFO - Processing /opt/airflow/dags/youtube_extraction.py took 0.059 seconds
[2026-09-16T14:17:11.491+0000] {processor.py:161} INFO - Started process (PID=767) to work on /opt/airflow/dags/youtube_extraction.py
[2026-09-16T14:17:11.493+0000] {processor.py:830} INFO - Processing file /opt/airflow/dags/youtube_extraction.py for tasks to queue
[2026-09-16T14:17:11.495+0000] {logging_mixin.py:188} INFO - [2026-09-16T14:17:11.494+0000] {dagbag.py:545} INFO - Filling up the DagBag from /opt/airflow/dags/youtube_extraction.py
[2026-09-16T14:17:11.514+0000] {logging_mixin.py:188} INFO - [2026-09-16T14:17:11.510+0000] {dagbag.py:355} ERROR - Failed to import: /opt/airflow/dags/youtube_extraction.py
Traceback (most recent call last):
  File "/home/airflow/.local/lib/python3.10/site-packages/airflow/models/dagbag.py", line 351, in parse
    loader.exec_module(new_module)
  File "<frozen importlib._bootstrap_external>", line 883, in exec_module
  File "<frozen importlib._bootstrap>", line 241, in _call_with_frames_removed
  File "/opt/airflow/dags/youtube_extraction.py", line 19, in <module>
    extraction = BashOperator(
  File "/home/airflow/.local/lib/python3.10/site-packages/airflow/models/baseoperator.py", line 468, in apply_defaults
    raise AirflowException(f"missing keyword argument {missing_args.pop()!r}")
airflow.exceptions.AirflowException: missing keyword argument 'bash_command'
[2026-09-16T14:17:11.516+0000] {processor.py:842} WARNING - No viable dags retrieved from /opt/airflow/dags/youtube_extraction.py
[2026-09-16T14:17:11.548+0000] {processor.py:183} INFO - Processing /opt/airflow/dags/youtube_extraction.py took 0.066 seconds
[2026-09-16T14:17:41.730+0000] {processor.py:161} INFO - Started process (PID=778) to work on /opt/airflow/dags/youtube_extraction.py
[2026-09-16T14:17:41.733+0000] {processor.py:830} INFO - Processing file /opt/airflow/dags/youtube_extraction.py for tasks to queue
[2026-09-16T14:17:41.737+0000] {logging_mixin.py:188} INFO - [2026-09-16T14:17:41.736+0000] {dagbag.py:545} INFO - Filling up the DagBag from /opt/airflow/dags/youtube_extraction.py
[2026-09-16T14:17:41.759+0000] {logging_mixin.py:188} INFO - [2026-09-16T14:17:41.756+0000] {dagbag.py:355} ERROR - Failed to import: /opt/airflow/dags/youtube_extraction.py
Traceback (most recent call last):
  File "/home/airflow/.local/lib/python3.10/site-packages/airflow/models/dagbag.py", line 351, in parse
    loader.exec_module(new_module)
  File "<frozen importlib._bootstrap_external>", line 883, in exec_module
  File "<frozen importlib._bootstrap>", line 241, in _call_with_frames_removed
  File "/opt/airflow/dags/youtube_extraction.py", line 19, in <module>
    extraction = BashOperator(
  File "/home/airflow/.local/lib/python3.10/site-packages/airflow/models/baseoperator.py", line 468, in apply_defaults
    raise AirflowException(f"missing keyword argument {missing_args.pop()!r}")
airflow.exceptions.AirflowException: missing keyword argument 'bash_command'
[2026-09-16T14:17:41.762+0000] {processor.py:842} WARNING - No viable dags retrieved from /opt/airflow/dags/youtube_extraction.py
[2026-09-16T14:17:41.794+0000] {processor.py:183} INFO - Processing /opt/airflow/dags/youtube_extraction.py took 0.073 seconds
[2026-09-16T14:18:12.047+0000] {processor.py:161} INFO - Started process (PID=789) to work on /opt/airflow/dags/youtube_extraction.py
[2026-09-16T14:18:12.050+0000] {processor.py:830} INFO - Processing file /opt/airflow/dags/youtube_extraction.py for tasks to queue
[2026-09-16T14:18:12.053+0000] {logging_mixin.py:188} INFO - [2026-09-16T14:18:12.052+0000] {dagbag.py:545} INFO - Filling up the DagBag from /opt/airflow/dags/youtube_extraction.py
[2026-09-16T14:18:12.073+0000] {logging_mixin.py:188} INFO - [2026-09-16T14:18:12.070+0000] {dagbag.py:355} ERROR - Failed to import: /opt/airflow/dags/youtube_extraction.py
Traceback (most recent call last):
  File "/home/airflow/.local/lib/python3.10/site-packages/airflow/models/dagbag.py", line 351, in parse
    loader.exec_module(new_module)
  File "<frozen importlib._bootstrap_external>", line 883, in exec_module
  File "<frozen importlib._bootstrap>", line 241, in _call_with_frames_removed
  File "/opt/airflow/dags/youtube_extraction.py", line 19, in <module>
    extraction = BashOperator(
  File "/home/airflow/.local/lib/python3.10/site-packages/airflow/models/baseoperator.py", line 468, in apply_defaults
    raise AirflowException(f"missing keyword argument {missing_args.pop()!r}")
airflow.exceptions.AirflowException: missing keyword argument 'bash_command'
[2026-09-16T14:18:12.075+0000] {processor.py:842} WARNING - No viable dags retrieved from /opt/airflow/dags/youtube_extraction.py
[2026-09-16T14:18:12.108+0000] {processor.py:183} INFO - Processing /opt/airflow/dags/youtube_extraction.py took 0.069 seconds
[2026-09-16T14:18:42.314+0000] {processor.py:161} INFO - Started process (PID=800) to work on /opt/airflow/dags/youtube_extraction.py
[2026-09-16T14:18:42.317+0000] {processor.py:830} INFO - Processing file /opt/airflow/dags/youtube_extraction.py for tasks to queue
[2026-09-16T14:18:42.320+0000] {logging_mixin.py:188} INFO - [2026-09-16T14:18:42.320+0000] {dagbag.py:545} INFO - Filling up the DagBag from /opt/airflow/dags/youtube_extraction.py
[2026-09-16T14:18:42.343+0000] {logging_mixin.py:188} INFO - [2026-09-16T14:18:42.339+0000] {dagbag.py:355} ERROR - Failed to import: /opt/airflow/dags/youtube_extraction.py
Traceback (most recent call last):
  File "/home/airflow/.local/lib/python3.10/site-packages/airflow/models/dagbag.py", line 351, in parse
    loader.exec_module(new_module)
  File "<frozen importlib._bootstrap_external>", line 883, in exec_module
  File "<frozen importlib._bootstrap>", line 241, in _call_with_frames_removed
  File "/opt/airflow/dags/youtube_extraction.py", line 19, in <module>
    extraction = BashOperator(
  File "/home/airflow/.local/lib/python3.10/site-packages/airflow/models/baseoperator.py", line 468, in apply_defaults
    raise AirflowException(f"missing keyword argument {missing_args.pop()!r}")
airflow.exceptions.AirflowException: missing keyword argument 'bash_command'
[2026-09-16T14:18:42.345+0000] {processor.py:842} WARNING - No viable dags retrieved from /opt/airflow/dags/youtube_extraction.py
[2026-09-16T14:18:42.372+0000] {processor.py:183} INFO - Processing /opt/airflow/dags/youtube_extraction.py took 0.065 seconds
[2026-09-16T14:19:12.505+0000] {processor.py:161} INFO - Started process (PID=811) to work on /opt/airflow/dags/youtube_extraction.py
[2026-09-16T14:19:12.507+0000] {processor.py:830} INFO - Processing file /opt/airflow/dags/youtube_extraction.py for tasks to queue
[2026-09-16T14:19:12.509+0000] {logging_mixin.py:188} INFO - [2026-09-16T14:19:12.509+0000] {dagbag.py:545} INFO - Filling up the DagBag from /opt/airflow/dags/youtube_extraction.py
[2026-09-16T14:19:12.526+0000] {logging_mixin.py:188} INFO - [2026-09-16T14:19:12.522+0000] {dagbag.py:355} ERROR - Failed to import: /opt/airflow/dags/youtube_extraction.py
Traceback (most recent call last):
  File "/home/airflow/.local/lib/python3.10/site-packages/airflow/models/dagbag.py", line 351, in parse
    loader.exec_module(new_module)
  File "<frozen importlib._bootstrap_external>", line 883, in exec_module
  File "<frozen importlib._bootstrap>", line 241, in _call_with_frames_removed
  File "/opt/airflow/dags/youtube_extraction.py", line 19, in <module>
    extraction = BashOperator(
  File "/home/airflow/.local/lib/python3.10/site-packages/airflow/models/baseoperator.py", line 468, in apply_defaults
    raise AirflowException(f"missing keyword argument {missing_args.pop()!r}")
airflow.exceptions.AirflowException: missing keyword argument 'bash_command'
[2026-09-16T14:19:12.527+0000] {processor.py:842} WARNING - No viable dags retrieved from /opt/airflow/dags/youtube_extraction.py
[2026-09-16T14:19:12.552+0000] {processor.py:183} INFO - Processing /opt/airflow/dags/youtube_extraction.py took 0.056 seconds
[2026-09-16T14:19:42.753+0000] {processor.py:161} INFO - Started process (PID=822) to work on /opt/airflow/dags/youtube_extraction.py
[2026-09-16T14:19:42.755+0000] {processor.py:830} INFO - Processing file /opt/airflow/dags/youtube_extraction.py for tasks to queue
[2026-09-16T14:19:42.758+0000] {logging_mixin.py:188} INFO - [2026-09-16T14:19:42.758+0000] {dagbag.py:545} INFO - Filling up the DagBag from /opt/airflow/dags/youtube_extraction.py
[2026-09-16T14:19:42.777+0000] {logging_mixin.py:188} INFO - [2026-09-16T14:19:42.773+0000] {dagbag.py:355} ERROR - Failed to import: /opt/airflow/dags/youtube_extraction.py
Traceback (most recent call last):
  File "/home/airflow/.local/lib/python3.10/site-packages/airflow/models/dagbag.py", line 351, in parse
    loader.exec_module(new_module)
  File "<frozen importlib._bootstrap_external>", line 883, in exec_module
  File "<frozen importlib._bootstrap>", line 241, in _call_with_frames_removed
  File "/opt/airflow/dags/youtube_extraction.py", line 19, in <module>
    extraction = BashOperator(
  File "/home/airflow/.local/lib/python3.10/site-packages/airflow/models/baseoperator.py", line 468, in apply_defaults
    raise AirflowException(f"missing keyword argument {missing_args.pop()!r}")
airflow.exceptions.AirflowException: missing keyword argument 'bash_command'
[2026-09-16T14:19:42.779+0000] {processor.py:842} WARNING - No viable dags retrieved from /opt/airflow/dags/youtube_extraction.py
[2026-09-16T14:19:42.811+0000] {processor.py:183} INFO - Processing /opt/airflow/dags/youtube_extraction.py took 0.067 seconds
[2026-09-16T14:20:12.989+0000] {processor.py:161} INFO - Started process (PID=834) to work on /opt/airflow/dags/youtube_extraction.py
[2026-09-16T14:20:12.994+0000] {processor.py:830} INFO - Processing file /opt/airflow/dags/youtube_extraction.py for tasks to queue
[2026-09-16T14:20:12.996+0000] {logging_mixin.py:188} INFO - [2026-09-16T14:20:12.996+0000] {dagbag.py:545} INFO - Filling up the DagBag from /opt/airflow/dags/youtube_extraction.py
[2026-09-16T14:20:13.028+0000] {logging_mixin.py:188} INFO - [2026-09-16T14:20:13.023+0000] {dagbag.py:355} ERROR - Failed to import: /opt/airflow/dags/youtube_extraction.py
Traceback (most recent call last):
  File "/home/airflow/.local/lib/python3.10/site-packages/airflow/models/dagbag.py", line 351, in parse
    loader.exec_module(new_module)
  File "<frozen importlib._bootstrap_external>", line 883, in exec_module
  File "<frozen importlib._bootstrap>", line 241, in _call_with_frames_removed
  File "/opt/airflow/dags/youtube_extraction.py", line 19, in <module>
    extraction = BashOperator(
  File "/home/airflow/.local/lib/python3.10/site-packages/airflow/models/baseoperator.py", line 468, in apply_defaults
    raise AirflowException(f"missing keyword argument {missing_args.pop()!r}")
airflow.exceptions.AirflowException: missing keyword argument 'bash_command'
[2026-09-16T14:20:13.032+0000] {processor.py:842} WARNING - No viable dags retrieved from /opt/airflow/dags/youtube_extraction.py
[2026-09-16T14:20:13.078+0000] {processor.py:183} INFO - Processing /opt/airflow/dags/youtube_extraction.py took 0.106 seconds
[2026-09-16T14:20:43.255+0000] {processor.py:161} INFO - Started process (PID=845) to work on /opt/airflow/dags/youtube_extraction.py
[2026-09-16T14:20:43.258+0000] {processor.py:830} INFO - Processing file /opt/airflow/dags/youtube_extraction.py for tasks to queue
[2026-09-16T14:20:43.260+0000] {logging_mixin.py:188} INFO - [2026-09-16T14:20:43.259+0000] {dagbag.py:545} INFO - Filling up the DagBag from /opt/airflow/dags/youtube_extraction.py
[2026-09-16T14:20:43.278+0000] {logging_mixin.py:188} INFO - [2026-09-16T14:20:43.273+0000] {dagbag.py:355} ERROR - Failed to import: /opt/airflow/dags/youtube_extraction.py
Traceback (most recent call last):
  File "/home/airflow/.local/lib/python3.10/site-packages/airflow/models/dagbag.py", line 351, in parse
    loader.exec_module(new_module)
  File "<frozen importlib._bootstrap_external>", line 883, in exec_module
  File "<frozen importlib._bootstrap>", line 241, in _call_with_frames_removed
  File "/opt/airflow/dags/youtube_extraction.py", line 19, in <module>
    extraction = BashOperator(
  File "/home/airflow/.local/lib/python3.10/site-packages/airflow/models/baseoperator.py", line 468, in apply_defaults
    raise AirflowException(f"missing keyword argument {missing_args.pop()!r}")
airflow.exceptions.AirflowException: missing keyword argument 'bash_command'
[2026-09-16T14:20:43.279+0000] {processor.py:842} WARNING - No viable dags retrieved from /opt/airflow/dags/youtube_extraction.py
[2026-09-16T14:20:43.313+0000] {processor.py:183} INFO - Processing /opt/airflow/dags/youtube_extraction.py took 0.066 seconds
[2026-09-16T14:21:13.481+0000] {processor.py:161} INFO - Started process (PID=856) to work on /opt/airflow/dags/youtube_extraction.py
[2026-09-16T14:21:13.484+0000] {processor.py:830} INFO - Processing file /opt/airflow/dags/youtube_extraction.py for tasks to queue
[2026-09-16T14:21:13.488+0000] {logging_mixin.py:188} INFO - [2026-09-16T14:21:13.487+0000] {dagbag.py:545} INFO - Filling up the DagBag from /opt/airflow/dags/youtube_extraction.py
[2026-09-16T14:21:13.506+0000] {logging_mixin.py:188} INFO - [2026-09-16T14:21:13.500+0000] {dagbag.py:355} ERROR - Failed to import: /opt/airflow/dags/youtube_extraction.py
Traceback (most recent call last):
  File "/home/airflow/.local/lib/python3.10/site-packages/airflow/models/dagbag.py", line 351, in parse
    loader.exec_module(new_module)
  File "<frozen importlib._bootstrap_external>", line 883, in exec_module
  File "<frozen importlib._bootstrap>", line 241, in _call_with_frames_removed
  File "/opt/airflow/dags/youtube_extraction.py", line 19, in <module>
    extraction = BashOperator(
  File "/home/airflow/.local/lib/python3.10/site-packages/airflow/models/baseoperator.py", line 468, in apply_defaults
    raise AirflowException(f"missing keyword argument {missing_args.pop()!r}")
airflow.exceptions.AirflowException: missing keyword argument 'bash_command'
[2026-09-16T14:21:13.508+0000] {processor.py:842} WARNING - No viable dags retrieved from /opt/airflow/dags/youtube_extraction.py
[2026-09-16T14:21:13.544+0000] {processor.py:183} INFO - Processing /opt/airflow/dags/youtube_extraction.py took 0.071 seconds
[2026-09-16T14:21:43.706+0000] {processor.py:161} INFO - Started process (PID=867) to work on /opt/airflow/dags/youtube_extraction.py
[2026-09-16T14:21:43.708+0000] {processor.py:830} INFO - Processing file /opt/airflow/dags/youtube_extraction.py for tasks to queue
[2026-09-16T14:21:43.711+0000] {logging_mixin.py:188} INFO - [2026-09-16T14:21:43.710+0000] {dagbag.py:545} INFO - Filling up the DagBag from /opt/airflow/dags/youtube_extraction.py
[2026-09-16T14:21:43.732+0000] {logging_mixin.py:188} INFO - [2026-09-16T14:21:43.728+0000] {dagbag.py:355} ERROR - Failed to import: /opt/airflow/dags/youtube_extraction.py
Traceback (most recent call last):
  File "/home/airflow/.local/lib/python3.10/site-packages/airflow/models/dagbag.py", line 351, in parse
    loader.exec_module(new_module)
  File "<frozen importlib._bootstrap_external>", line 883, in exec_module
  File "<frozen importlib._bootstrap>", line 241, in _call_with_frames_removed
  File "/opt/airflow/dags/youtube_extraction.py", line 19, in <module>
    extraction = BashOperator(
  File "/home/airflow/.local/lib/python3.10/site-packages/airflow/models/baseoperator.py", line 468, in apply_defaults
    raise AirflowException(f"missing keyword argument {missing_args.pop()!r}")
airflow.exceptions.AirflowException: missing keyword argument 'bash_command'
[2026-09-16T14:21:43.734+0000] {processor.py:842} WARNING - No viable dags retrieved from /opt/airflow/dags/youtube_extraction.py
[2026-09-16T14:21:43.766+0000] {processor.py:183} INFO - Processing /opt/airflow/dags/youtube_extraction.py took 0.068 seconds
[2026-09-16T14:22:13.990+0000] {processor.py:161} INFO - Started process (PID=878) to work on /opt/airflow/dags/youtube_extraction.py
[2026-09-16T14:22:13.993+0000] {processor.py:830} INFO - Processing file /opt/airflow/dags/youtube_extraction.py for tasks to queue
[2026-09-16T14:22:13.995+0000] {logging_mixin.py:188} INFO - [2026-09-16T14:22:13.995+0000] {dagbag.py:545} INFO - Filling up the DagBag from /opt/airflow/dags/youtube_extraction.py
[2026-09-16T14:22:14.019+0000] {logging_mixin.py:188} INFO - [2026-09-16T14:22:14.014+0000] {dagbag.py:355} ERROR - Failed to import: /opt/airflow/dags/youtube_extraction.py
Traceback (most recent call last):
  File "/home/airflow/.local/lib/python3.10/site-packages/airflow/models/dagbag.py", line 351, in parse
    loader.exec_module(new_module)
  File "<frozen importlib._bootstrap_external>", line 883, in exec_module
  File "<frozen importlib._bootstrap>", line 241, in _call_with_frames_removed
  File "/opt/airflow/dags/youtube_extraction.py", line 19, in <module>
    extraction = BashOperator(
  File "/home/airflow/.local/lib/python3.10/site-packages/airflow/models/baseoperator.py", line 468, in apply_defaults
    raise AirflowException(f"missing keyword argument {missing_args.pop()!r}")
airflow.exceptions.AirflowException: missing keyword argument 'bash_command'
[2026-09-16T14:22:14.021+0000] {processor.py:842} WARNING - No viable dags retrieved from /opt/airflow/dags/youtube_extraction.py
[2026-09-16T14:22:14.054+0000] {processor.py:183} INFO - Processing /opt/airflow/dags/youtube_extraction.py took 0.077 seconds
[2026-09-16T14:22:44.219+0000] {processor.py:161} INFO - Started process (PID=889) to work on /opt/airflow/dags/youtube_extraction.py
[2026-09-16T14:22:44.221+0000] {processor.py:830} INFO - Processing file /opt/airflow/dags/youtube_extraction.py for tasks to queue
[2026-09-16T14:22:44.224+0000] {logging_mixin.py:188} INFO - [2026-09-16T14:22:44.223+0000] {dagbag.py:545} INFO - Filling up the DagBag from /opt/airflow/dags/youtube_extraction.py
[2026-09-16T14:22:44.252+0000] {logging_mixin.py:188} INFO - [2026-09-16T14:22:44.247+0000] {dagbag.py:355} ERROR - Failed to import: /opt/airflow/dags/youtube_extraction.py
Traceback (most recent call last):
  File "/home/airflow/.local/lib/python3.10/site-packages/airflow/models/dagbag.py", line 351, in parse
    loader.exec_module(new_module)
  File "<frozen importlib._bootstrap_external>", line 883, in exec_module
  File "<frozen importlib._bootstrap>", line 241, in _call_with_frames_removed
  File "/opt/airflow/dags/youtube_extraction.py", line 19, in <module>
    extraction = BashOperator(
  File "/home/airflow/.local/lib/python3.10/site-packages/airflow/models/baseoperator.py", line 468, in apply_defaults
    raise AirflowException(f"missing keyword argument {missing_args.pop()!r}")
airflow.exceptions.AirflowException: missing keyword argument 'bash_command'
[2026-09-16T14:22:44.254+0000] {processor.py:842} WARNING - No viable dags retrieved from /opt/airflow/dags/youtube_extraction.py
[2026-09-16T14:22:44.287+0000] {processor.py:183} INFO - Processing /opt/airflow/dags/youtube_extraction.py took 0.080 seconds
[2026-09-16T14:23:14.496+0000] {processor.py:161} INFO - Started process (PID=900) to work on /opt/airflow/dags/youtube_extraction.py
[2026-09-16T14:23:14.498+0000] {processor.py:830} INFO - Processing file /opt/airflow/dags/youtube_extraction.py for tasks to queue
[2026-09-16T14:23:14.501+0000] {logging_mixin.py:188} INFO - [2026-09-16T14:23:14.501+0000] {dagbag.py:545} INFO - Filling up the DagBag from /opt/airflow/dags/youtube_extraction.py
[2026-09-16T14:23:14.519+0000] {logging_mixin.py:188} INFO - [2026-09-16T14:23:14.515+0000] {dagbag.py:355} ERROR - Failed to import: /opt/airflow/dags/youtube_extraction.py
Traceback (most recent call last):
  File "/home/airflow/.local/lib/python3.10/site-packages/airflow/models/dagbag.py", line 351, in parse
    loader.exec_module(new_module)
  File "<frozen importlib._bootstrap_external>", line 883, in exec_module
  File "<frozen importlib._bootstrap>", line 241, in _call_with_frames_removed
  File "/opt/airflow/dags/youtube_extraction.py", line 19, in <module>
    extraction = BashOperator(
  File "/home/airflow/.local/lib/python3.10/site-packages/airflow/models/baseoperator.py", line 468, in apply_defaults
    raise AirflowException(f"missing keyword argument {missing_args.pop()!r}")
airflow.exceptions.AirflowException: missing keyword argument 'bash_command'
[2026-09-16T14:23:14.520+0000] {processor.py:842} WARNING - No viable dags retrieved from /opt/airflow/dags/youtube_extraction.py
[2026-09-16T14:23:14.555+0000] {processor.py:183} INFO - Processing /opt/airflow/dags/youtube_extraction.py took 0.066 seconds
[2026-09-16T14:23:44.745+0000] {processor.py:161} INFO - Started process (PID=911) to work on /opt/airflow/dags/youtube_extraction.py
[2026-09-16T14:23:44.749+0000] {processor.py:830} INFO - Processing file /opt/airflow/dags/youtube_extraction.py for tasks to queue
[2026-09-16T14:23:44.752+0000] {logging_mixin.py:188} INFO - [2026-09-16T14:23:44.752+0000] {dagbag.py:545} INFO - Filling up the DagBag from /opt/airflow/dags/youtube_extraction.py
[2026-09-16T14:23:44.775+0000] {logging_mixin.py:188} INFO - [2026-09-16T14:23:44.771+0000] {dagbag.py:355} ERROR - Failed to import: /opt/airflow/dags/youtube_extraction.py
Traceback (most recent call last):
  File "/home/airflow/.local/lib/python3.10/site-packages/airflow/models/dagbag.py", line 351, in parse
    loader.exec_module(new_module)
  File "<frozen importlib._bootstrap_external>", line 883, in exec_module
  File "<frozen importlib._bootstrap>", line 241, in _call_with_frames_removed
  File "/opt/airflow/dags/youtube_extraction.py", line 19, in <module>
    extraction = BashOperator(
  File "/home/airflow/.local/lib/python3.10/site-packages/airflow/models/baseoperator.py", line 468, in apply_defaults
    raise AirflowException(f"missing keyword argument {missing_args.pop()!r}")
airflow.exceptions.AirflowException: missing keyword argument 'bash_command'
[2026-09-16T14:23:44.781+0000] {processor.py:842} WARNING - No viable dags retrieved from /opt/airflow/dags/youtube_extraction.py
[2026-09-16T14:23:44.830+0000] {processor.py:183} INFO - Processing /opt/airflow/dags/youtube_extraction.py took 0.100 seconds
[2026-09-16T14:24:14.995+0000] {processor.py:161} INFO - Started process (PID=922) to work on /opt/airflow/dags/youtube_extraction.py
[2026-09-16T14:24:14.998+0000] {processor.py:830} INFO - Processing file /opt/airflow/dags/youtube_extraction.py for tasks to queue
[2026-09-16T14:24:15.000+0000] {logging_mixin.py:188} INFO - [2026-09-16T14:24:15.000+0000] {dagbag.py:545} INFO - Filling up the DagBag from /opt/airflow/dags/youtube_extraction.py
[2026-09-16T14:24:15.029+0000] {logging_mixin.py:188} INFO - [2026-09-16T14:24:15.024+0000] {dagbag.py:355} ERROR - Failed to import: /opt/airflow/dags/youtube_extraction.py
Traceback (most recent call last):
  File "/home/airflow/.local/lib/python3.10/site-packages/airflow/models/dagbag.py", line 351, in parse
    loader.exec_module(new_module)
  File "<frozen importlib._bootstrap_external>", line 883, in exec_module
  File "<frozen importlib._bootstrap>", line 241, in _call_with_frames_removed
  File "/opt/airflow/dags/youtube_extraction.py", line 19, in <module>
    extraction = BashOperator(
  File "/home/airflow/.local/lib/python3.10/site-packages/airflow/models/baseoperator.py", line 468, in apply_defaults
    raise AirflowException(f"missing keyword argument {missing_args.pop()!r}")
airflow.exceptions.AirflowException: missing keyword argument 'bash_command'
[2026-09-16T14:24:15.031+0000] {processor.py:842} WARNING - No viable dags retrieved from /opt/airflow/dags/youtube_extraction.py
[2026-09-16T14:24:15.077+0000] {processor.py:183} INFO - Processing /opt/airflow/dags/youtube_extraction.py took 0.098 seconds
[2026-09-16T14:24:45.281+0000] {processor.py:161} INFO - Started process (PID=933) to work on /opt/airflow/dags/youtube_extraction.py
[2026-09-16T14:24:45.285+0000] {processor.py:830} INFO - Processing file /opt/airflow/dags/youtube_extraction.py for tasks to queue
[2026-09-16T14:24:45.287+0000] {logging_mixin.py:188} INFO - [2026-09-16T14:24:45.287+0000] {dagbag.py:545} INFO - Filling up the DagBag from /opt/airflow/dags/youtube_extraction.py
[2026-09-16T14:24:45.308+0000] {logging_mixin.py:188} INFO - [2026-09-16T14:24:45.305+0000] {dagbag.py:355} ERROR - Failed to import: /opt/airflow/dags/youtube_extraction.py
Traceback (most recent call last):
  File "/home/airflow/.local/lib/python3.10/site-packages/airflow/models/dagbag.py", line 351, in parse
    loader.exec_module(new_module)
  File "<frozen importlib._bootstrap_external>", line 883, in exec_module
  File "<frozen importlib._bootstrap>", line 241, in _call_with_frames_removed
  File "/opt/airflow/dags/youtube_extraction.py", line 19, in <module>
    extraction = BashOperator(
  File "/home/airflow/.local/lib/python3.10/site-packages/airflow/models/baseoperator.py", line 468, in apply_defaults
    raise AirflowException(f"missing keyword argument {missing_args.pop()!r}")
airflow.exceptions.AirflowException: missing keyword argument 'bash_command'
[2026-09-16T14:24:45.310+0000] {processor.py:842} WARNING - No viable dags retrieved from /opt/airflow/dags/youtube_extraction.py
[2026-09-16T14:24:45.352+0000] {processor.py:183} INFO - Processing /opt/airflow/dags/youtube_extraction.py took 0.083 seconds
[2026-09-16T14:25:15.489+0000] {processor.py:161} INFO - Started process (PID=944) to work on /opt/airflow/dags/youtube_extraction.py
[2026-09-16T14:25:15.491+0000] {processor.py:830} INFO - Processing file /opt/airflow/dags/youtube_extraction.py for tasks to queue
[2026-09-16T14:25:15.493+0000] {logging_mixin.py:188} INFO - [2026-09-16T14:25:15.492+0000] {dagbag.py:545} INFO - Filling up the DagBag from /opt/airflow/dags/youtube_extraction.py
[2026-09-16T14:25:15.512+0000] {logging_mixin.py:188} INFO - [2026-09-16T14:25:15.507+0000] {dagbag.py:355} ERROR - Failed to import: /opt/airflow/dags/youtube_extraction.py
Traceback (most recent call last):
  File "/home/airflow/.local/lib/python3.10/site-packages/airflow/models/dagbag.py", line 351, in parse
    loader.exec_module(new_module)
  File "<frozen importlib._bootstrap_external>", line 883, in exec_module
  File "<frozen importlib._bootstrap>", line 241, in _call_with_frames_removed
  File "/opt/airflow/dags/youtube_extraction.py", line 19, in <module>
    extraction = BashOperator(
  File "/home/airflow/.local/lib/python3.10/site-packages/airflow/models/baseoperator.py", line 468, in apply_defaults
    raise AirflowException(f"missing keyword argument {missing_args.pop()!r}")
airflow.exceptions.AirflowException: missing keyword argument 'bash_command'
[2026-09-16T14:25:15.515+0000] {processor.py:842} WARNING - No viable dags retrieved from /opt/airflow/dags/youtube_extraction.py
[2026-09-16T14:25:15.562+0000] {processor.py:183} INFO - Processing /opt/airflow/dags/youtube_extraction.py took 0.081 seconds
[2026-09-16T14:25:45.772+0000] {processor.py:161} INFO - Started process (PID=955) to work on /opt/airflow/dags/youtube_extraction.py
[2026-09-16T14:25:45.774+0000] {processor.py:830} INFO - Processing file /opt/airflow/dags/youtube_extraction.py for tasks to queue
[2026-09-16T14:25:45.777+0000] {logging_mixin.py:188} INFO - [2026-09-16T14:25:45.776+0000] {dagbag.py:545} INFO - Filling up the DagBag from /opt/airflow/dags/youtube_extraction.py
[2026-09-16T14:25:45.796+0000] {logging_mixin.py:188} INFO - [2026-09-16T14:25:45.792+0000] {dagbag.py:355} ERROR - Failed to import: /opt/airflow/dags/youtube_extraction.py
Traceback (most recent call last):
  File "/home/airflow/.local/lib/python3.10/site-packages/airflow/models/dagbag.py", line 351, in parse
    loader.exec_module(new_module)
  File "<frozen importlib._bootstrap_external>", line 883, in exec_module
  File "<frozen importlib._bootstrap>", line 241, in _call_with_frames_removed
  File "/opt/airflow/dags/youtube_extraction.py", line 19, in <module>
    extraction = BashOperator(
  File "/home/airflow/.local/lib/python3.10/site-packages/airflow/models/baseoperator.py", line 468, in apply_defaults
    raise AirflowException(f"missing keyword argument {missing_args.pop()!r}")
airflow.exceptions.AirflowException: missing keyword argument 'bash_command'
[2026-09-16T14:25:45.798+0000] {processor.py:842} WARNING - No viable dags retrieved from /opt/airflow/dags/youtube_extraction.py
[2026-09-16T14:25:45.835+0000] {processor.py:183} INFO - Processing /opt/airflow/dags/youtube_extraction.py took 0.071 seconds
[2026-09-16T14:26:15.982+0000] {processor.py:161} INFO - Started process (PID=966) to work on /opt/airflow/dags/youtube_extraction.py
[2026-09-16T14:26:15.984+0000] {processor.py:830} INFO - Processing file /opt/airflow/dags/youtube_extraction.py for tasks to queue
[2026-09-16T14:26:15.987+0000] {logging_mixin.py:188} INFO - [2026-09-16T14:26:15.987+0000] {dagbag.py:545} INFO - Filling up the DagBag from /opt/airflow/dags/youtube_extraction.py
[2026-09-16T14:26:16.008+0000] {logging_mixin.py:188} INFO - [2026-09-16T14:26:16.002+0000] {dagbag.py:355} ERROR - Failed to import: /opt/airflow/dags/youtube_extraction.py
Traceback (most recent call last):
  File "/home/airflow/.local/lib/python3.10/site-packages/airflow/models/dagbag.py", line 351, in parse
    loader.exec_module(new_module)
  File "<frozen importlib._bootstrap_external>", line 883, in exec_module
  File "<frozen importlib._bootstrap>", line 241, in _call_with_frames_removed
  File "/opt/airflow/dags/youtube_extraction.py", line 19, in <module>
    extraction = BashOperator(
  File "/home/airflow/.local/lib/python3.10/site-packages/airflow/models/baseoperator.py", line 468, in apply_defaults
    raise AirflowException(f"missing keyword argument {missing_args.pop()!r}")
airflow.exceptions.AirflowException: missing keyword argument 'bash_command'
[2026-09-16T14:26:16.011+0000] {processor.py:842} WARNING - No viable dags retrieved from /opt/airflow/dags/youtube_extraction.py
[2026-09-16T14:26:16.051+0000] {processor.py:183} INFO - Processing /opt/airflow/dags/youtube_extraction.py took 0.077 seconds
[2026-09-16T14:26:46.219+0000] {processor.py:161} INFO - Started process (PID=977) to work on /opt/airflow/dags/youtube_extraction.py
[2026-09-16T14:26:46.223+0000] {processor.py:830} INFO - Processing file /opt/airflow/dags/youtube_extraction.py for tasks to queue
[2026-09-16T14:26:46.225+0000] {logging_mixin.py:188} INFO - [2026-09-16T14:26:46.224+0000] {dagbag.py:545} INFO - Filling up the DagBag from /opt/airflow/dags/youtube_extraction.py
[2026-09-16T14:26:46.241+0000] {logging_mixin.py:188} INFO - [2026-09-16T14:26:46.238+0000] {dagbag.py:355} ERROR - Failed to import: /opt/airflow/dags/youtube_extraction.py
Traceback (most recent call last):
  File "/home/airflow/.local/lib/python3.10/site-packages/airflow/models/dagbag.py", line 351, in parse
    loader.exec_module(new_module)
  File "<frozen importlib._bootstrap_external>", line 883, in exec_module
  File "<frozen importlib._bootstrap>", line 241, in _call_with_frames_removed
  File "/opt/airflow/dags/youtube_extraction.py", line 19, in <module>
    extraction = BashOperator(
  File "/home/airflow/.local/lib/python3.10/site-packages/airflow/models/baseoperator.py", line 468, in apply_defaults
    raise AirflowException(f"missing keyword argument {missing_args.pop()!r}")
airflow.exceptions.AirflowException: missing keyword argument 'bash_command'
[2026-09-16T14:26:46.244+0000] {processor.py:842} WARNING - No viable dags retrieved from /opt/airflow/dags/youtube_extraction.py
[2026-09-16T14:26:46.283+0000] {processor.py:183} INFO - Processing /opt/airflow/dags/youtube_extraction.py took 0.075 seconds
[2026-09-16T14:27:16.434+0000] {processor.py:161} INFO - Started process (PID=988) to work on /opt/airflow/dags/youtube_extraction.py
[2026-09-16T14:27:16.436+0000] {processor.py:830} INFO - Processing file /opt/airflow/dags/youtube_extraction.py for tasks to queue
[2026-09-16T14:27:16.441+0000] {logging_mixin.py:188} INFO - [2026-09-16T14:27:16.440+0000] {dagbag.py:545} INFO - Filling up the DagBag from /opt/airflow/dags/youtube_extraction.py
[2026-09-16T14:27:16.463+0000] {logging_mixin.py:188} INFO - [2026-09-16T14:27:16.458+0000] {dagbag.py:355} ERROR - Failed to import: /opt/airflow/dags/youtube_extraction.py
Traceback (most recent call last):
  File "/home/airflow/.local/lib/python3.10/site-packages/airflow/models/dagbag.py", line 351, in parse
    loader.exec_module(new_module)
  File "<frozen importlib._bootstrap_external>", line 883, in exec_module
  File "<frozen importlib._bootstrap>", line 241, in _call_with_frames_removed
  File "/opt/airflow/dags/youtube_extraction.py", line 19, in <module>
    extraction = BashOperator(
  File "/home/airflow/.local/lib/python3.10/site-packages/airflow/models/baseoperator.py", line 468, in apply_defaults
    raise AirflowException(f"missing keyword argument {missing_args.pop()!r}")
airflow.exceptions.AirflowException: missing keyword argument 'bash_command'
[2026-09-16T14:27:16.464+0000] {processor.py:842} WARNING - No viable dags retrieved from /opt/airflow/dags/youtube_extraction.py
[2026-09-16T14:27:16.496+0000] {processor.py:183} INFO - Processing /opt/airflow/dags/youtube_extraction.py took 0.074 seconds
[2026-09-16T14:27:46.689+0000] {processor.py:161} INFO - Started process (PID=999) to work on /opt/airflow/dags/youtube_extraction.py
[2026-09-16T14:27:46.692+0000] {processor.py:830} INFO - Processing file /opt/airflow/dags/youtube_extraction.py for tasks to queue
[2026-09-16T14:27:46.694+0000] {logging_mixin.py:188} INFO - [2026-09-16T14:27:46.694+0000] {dagbag.py:545} INFO - Filling up the DagBag from /opt/airflow/dags/youtube_extraction.py
[2026-09-16T14:27:46.720+0000] {logging_mixin.py:188} INFO - [2026-09-16T14:27:46.716+0000] {dagbag.py:355} ERROR - Failed to import: /opt/airflow/dags/youtube_extraction.py
Traceback (most recent call last):
  File "/home/airflow/.local/lib/python3.10/site-packages/airflow/models/dagbag.py", line 351, in parse
    loader.exec_module(new_module)
  File "<frozen importlib._bootstrap_external>", line 883, in exec_module
  File "<frozen importlib._bootstrap>", line 241, in _call_with_frames_removed
  File "/opt/airflow/dags/youtube_extraction.py", line 19, in <module>
    extraction = BashOperator(
  File "/home/airflow/.local/lib/python3.10/site-packages/airflow/models/baseoperator.py", line 468, in apply_defaults
    raise AirflowException(f"missing keyword argument {missing_args.pop()!r}")
airflow.exceptions.AirflowException: missing keyword argument 'bash_command'
[2026-09-16T14:27:46.724+0000] {processor.py:842} WARNING - No viable dags retrieved from /opt/airflow/dags/youtube_extraction.py
[2026-09-16T14:27:46.757+0000] {processor.py:183} INFO - Processing /opt/airflow/dags/youtube_extraction.py took 0.077 seconds
[2026-09-16T14:28:16.927+0000] {processor.py:161} INFO - Started process (PID=1010) to work on /opt/airflow/dags/youtube_extraction.py
[2026-09-16T14:28:16.929+0000] {processor.py:830} INFO - Processing file /opt/airflow/dags/youtube_extraction.py for tasks to queue
[2026-09-16T14:28:16.931+0000] {logging_mixin.py:188} INFO - [2026-09-16T14:28:16.931+0000] {dagbag.py:545} INFO - Filling up the DagBag from /opt/airflow/dags/youtube_extraction.py
[2026-09-16T14:28:16.951+0000] {logging_mixin.py:188} INFO - [2026-09-16T14:28:16.947+0000] {dagbag.py:355} ERROR - Failed to import: /opt/airflow/dags/youtube_extraction.py
Traceback (most recent call last):
  File "/home/airflow/.local/lib/python3.10/site-packages/airflow/models/dagbag.py", line 351, in parse
    loader.exec_module(new_module)
  File "<frozen importlib._bootstrap_external>", line 883, in exec_module
  File "<frozen importlib._bootstrap>", line 241, in _call_with_frames_removed
  File "/opt/airflow/dags/youtube_extraction.py", line 19, in <module>
    extraction = BashOperator(
  File "/home/airflow/.local/lib/python3.10/site-packages/airflow/models/baseoperator.py", line 468, in apply_defaults
    raise AirflowException(f"missing keyword argument {missing_args.pop()!r}")
airflow.exceptions.AirflowException: missing keyword argument 'bash_command'
[2026-09-16T14:28:16.954+0000] {processor.py:842} WARNING - No viable dags retrieved from /opt/airflow/dags/youtube_extraction.py
[2026-09-16T14:28:16.984+0000] {processor.py:183} INFO - Processing /opt/airflow/dags/youtube_extraction.py took 0.066 seconds
[2026-09-16T14:28:39.121+0000] {processor.py:161} INFO - Started process (PID=1015) to work on /opt/airflow/dags/youtube_extraction.py
[2026-09-16T14:28:39.124+0000] {processor.py:830} INFO - Processing file /opt/airflow/dags/youtube_extraction.py for tasks to queue
[2026-09-16T14:28:39.127+0000] {logging_mixin.py:188} INFO - [2026-09-16T14:28:39.126+0000] {dagbag.py:545} INFO - Filling up the DagBag from /opt/airflow/dags/youtube_extraction.py
[2026-09-16T14:28:39.190+0000] {logging_mixin.py:188} INFO - [2026-09-16T14:28:39.185+0000] {dagbag.py:355} ERROR - Failed to import: /opt/airflow/dags/youtube_extraction.py
Traceback (most recent call last):
  File "/home/airflow/.local/lib/python3.10/site-packages/airflow/models/dagbag.py", line 351, in parse
    loader.exec_module(new_module)
  File "<frozen importlib._bootstrap_external>", line 883, in exec_module
  File "<frozen importlib._bootstrap>", line 241, in _call_with_frames_removed
  File "/opt/airflow/dags/youtube_extraction.py", line 19, in <module>
    extraction = BashOperator(
  File "/home/airflow/.local/lib/python3.10/site-packages/airflow/models/baseoperator.py", line 468, in apply_defaults
    raise AirflowException(f"missing keyword argument {missing_args.pop()!r}")
airflow.exceptions.AirflowException: missing keyword argument 'bash_command'
[2026-09-16T14:28:39.193+0000] {processor.py:842} WARNING - No viable dags retrieved from /opt/airflow/dags/youtube_extraction.py
[2026-09-16T14:28:39.241+0000] {processor.py:183} INFO - Processing /opt/airflow/dags/youtube_extraction.py took 0.132 seconds
[2026-09-16T14:28:44.180+0000] {processor.py:161} INFO - Started process (PID=1026) to work on /opt/airflow/dags/youtube_extraction.py
[2026-09-16T14:28:44.182+0000] {processor.py:830} INFO - Processing file /opt/airflow/dags/youtube_extraction.py for tasks to queue
[2026-09-16T14:28:44.185+0000] {logging_mixin.py:188} INFO - [2026-09-16T14:28:44.184+0000] {dagbag.py:545} INFO - Filling up the DagBag from /opt/airflow/dags/youtube_extraction.py
[2026-09-16T14:28:44.238+0000] {logging_mixin.py:188} INFO - [2026-09-16T14:28:44.234+0000] {dagbag.py:355} ERROR - Failed to import: /opt/airflow/dags/youtube_extraction.py
Traceback (most recent call last):
  File "/home/airflow/.local/lib/python3.10/site-packages/airflow/models/dagbag.py", line 351, in parse
    loader.exec_module(new_module)
  File "<frozen importlib._bootstrap_external>", line 883, in exec_module
  File "<frozen importlib._bootstrap>", line 241, in _call_with_frames_removed
  File "/opt/airflow/dags/youtube_extraction.py", line 19, in <module>
    extraction = BashOperator(
  File "/home/airflow/.local/lib/python3.10/site-packages/airflow/models/baseoperator.py", line 468, in apply_defaults
    raise AirflowException(f"missing keyword argument {missing_args.pop()!r}")
airflow.exceptions.AirflowException: missing keyword argument 'bash_command'
[2026-09-16T14:28:44.240+0000] {processor.py:842} WARNING - No viable dags retrieved from /opt/airflow/dags/youtube_extraction.py
[2026-09-16T14:28:44.267+0000] {processor.py:183} INFO - Processing /opt/airflow/dags/youtube_extraction.py took 0.095 seconds
[2026-09-16T14:28:49.223+0000] {processor.py:161} INFO - Started process (PID=1031) to work on /opt/airflow/dags/youtube_extraction.py
[2026-09-16T14:28:49.225+0000] {processor.py:830} INFO - Processing file /opt/airflow/dags/youtube_extraction.py for tasks to queue
[2026-09-16T14:28:49.228+0000] {logging_mixin.py:188} INFO - [2026-09-16T14:28:49.228+0000] {dagbag.py:545} INFO - Filling up the DagBag from /opt/airflow/dags/youtube_extraction.py
[2026-09-16T14:28:49.274+0000] {logging_mixin.py:188} INFO - [2026-09-16T14:28:49.270+0000] {dagbag.py:355} ERROR - Failed to import: /opt/airflow/dags/youtube_extraction.py
Traceback (most recent call last):
  File "/home/airflow/.local/lib/python3.10/site-packages/airflow/models/dagbag.py", line 351, in parse
    loader.exec_module(new_module)
  File "<frozen importlib._bootstrap_external>", line 883, in exec_module
  File "<frozen importlib._bootstrap>", line 241, in _call_with_frames_removed
  File "/opt/airflow/dags/youtube_extraction.py", line 19, in <module>
    extraction = BashOperator(
  File "/home/airflow/.local/lib/python3.10/site-packages/airflow/models/baseoperator.py", line 468, in apply_defaults
    raise AirflowException(f"missing keyword argument {missing_args.pop()!r}")
airflow.exceptions.AirflowException: missing keyword argument 'bash_command'
[2026-09-16T14:28:49.275+0000] {processor.py:842} WARNING - No viable dags retrieved from /opt/airflow/dags/youtube_extraction.py
[2026-09-16T14:28:49.304+0000] {processor.py:183} INFO - Processing /opt/airflow/dags/youtube_extraction.py took 0.091 seconds
[2026-09-16T14:29:19.538+0000] {processor.py:161} INFO - Started process (PID=1042) to work on /opt/airflow/dags/youtube_extraction.py
[2026-09-16T14:29:19.541+0000] {processor.py:830} INFO - Processing file /opt/airflow/dags/youtube_extraction.py for tasks to queue
[2026-09-16T14:29:19.545+0000] {logging_mixin.py:188} INFO - [2026-09-16T14:29:19.544+0000] {dagbag.py:545} INFO - Filling up the DagBag from /opt/airflow/dags/youtube_extraction.py
[2026-09-16T14:29:19.570+0000] {logging_mixin.py:188} INFO - [2026-09-16T14:29:19.566+0000] {dagbag.py:355} ERROR - Failed to import: /opt/airflow/dags/youtube_extraction.py
Traceback (most recent call last):
  File "/home/airflow/.local/lib/python3.10/site-packages/airflow/models/dagbag.py", line 351, in parse
    loader.exec_module(new_module)
  File "<frozen importlib._bootstrap_external>", line 883, in exec_module
  File "<frozen importlib._bootstrap>", line 241, in _call_with_frames_removed
  File "/opt/airflow/dags/youtube_extraction.py", line 19, in <module>
    extraction = BashOperator(
  File "/home/airflow/.local/lib/python3.10/site-packages/airflow/models/baseoperator.py", line 468, in apply_defaults
    raise AirflowException(f"missing keyword argument {missing_args.pop()!r}")
airflow.exceptions.AirflowException: missing keyword argument 'bash_command'
[2026-09-16T14:29:19.573+0000] {processor.py:842} WARNING - No viable dags retrieved from /opt/airflow/dags/youtube_extraction.py
[2026-09-16T14:29:19.610+0000] {processor.py:183} INFO - Processing /opt/airflow/dags/youtube_extraction.py took 0.079 seconds
[2026-09-16T14:29:48.758+0000] {processor.py:161} INFO - Started process (PID=1053) to work on /opt/airflow/dags/youtube_extraction.py
[2026-09-16T14:29:48.761+0000] {processor.py:830} INFO - Processing file /opt/airflow/dags/youtube_extraction.py for tasks to queue
[2026-09-16T14:29:48.764+0000] {logging_mixin.py:188} INFO - [2026-09-16T14:29:48.763+0000] {dagbag.py:545} INFO - Filling up the DagBag from /opt/airflow/dags/youtube_extraction.py
[2026-09-16T14:29:48.888+0000] {processor.py:840} INFO - DAG(s) 'youtube_extraction' retrieved from /opt/airflow/dags/youtube_extraction.py
[2026-09-16T14:29:49.101+0000] {logging_mixin.py:188} INFO - [2026-09-16T14:29:49.101+0000] {dag.py:3096} INFO - Sync 1 DAGs
[2026-09-16T14:29:49.115+0000] {logging_mixin.py:188} INFO - [2026-09-16T14:29:49.114+0000] {dag.py:3954} INFO - Setting next_dagrun for youtube_extraction to None, run_after=None
[2026-09-16T14:29:49.162+0000] {processor.py:183} INFO - Processing /opt/airflow/dags/youtube_extraction.py took 0.417 seconds
[2026-09-16T14:30:19.354+0000] {processor.py:161} INFO - Started process (PID=1064) to work on /opt/airflow/dags/youtube_extraction.py
[2026-09-16T14:30:19.356+0000] {processor.py:830} INFO - Processing file /opt/airflow/dags/youtube_extraction.py for tasks to queue
[2026-09-16T14:30:19.358+0000] {logging_mixin.py:188} INFO - [2026-09-16T14:30:19.358+0000] {dagbag.py:545} INFO - Filling up the DagBag from /opt/airflow/dags/youtube_extraction.py
[2026-09-16T14:30:19.379+0000] {processor.py:840} INFO - DAG(s) 'youtube_extraction' retrieved from /opt/airflow/dags/youtube_extraction.py
[2026-09-16T14:30:19.413+0000] {logging_mixin.py:188} INFO - [2026-09-16T14:30:19.413+0000] {dag.py:3096} INFO - Sync 1 DAGs
[2026-09-16T14:30:19.431+0000] {logging_mixin.py:188} INFO - [2026-09-16T14:30:19.431+0000] {dag.py:3954} INFO - Setting next_dagrun for youtube_extraction to None, run_after=None
[2026-09-16T14:30:19.476+0000] {processor.py:183} INFO - Processing /opt/airflow/dags/youtube_extraction.py took 0.129 seconds
[2026-09-16T14:30:49.622+0000] {processor.py:161} INFO - Started process (PID=1075) to work on /opt/airflow/dags/youtube_extraction.py
[2026-09-16T14:30:49.627+0000] {processor.py:830} INFO - Processing file /opt/airflow/dags/youtube_extraction.py for tasks to queue
[2026-09-16T14:30:49.631+0000] {logging_mixin.py:188} INFO - [2026-09-16T14:30:49.630+0000] {dagbag.py:545} INFO - Filling up the DagBag from /opt/airflow/dags/youtube_extraction.py
[2026-09-16T14:30:49.707+0000] {processor.py:840} INFO - DAG(s) 'youtube_extraction' retrieved from /opt/airflow/dags/youtube_extraction.py
[2026-09-16T14:30:49.864+0000] {logging_mixin.py:188} INFO - [2026-09-16T14:30:49.863+0000] {dag.py:3096} INFO - Sync 1 DAGs
[2026-09-16T14:30:49.936+0000] {logging_mixin.py:188} INFO - [2026-09-16T14:30:49.935+0000] {dag.py:3954} INFO - Setting next_dagrun for youtube_extraction to None, run_after=None
[2026-09-16T14:30:50.021+0000] {processor.py:183} INFO - Processing /opt/airflow/dags/youtube_extraction.py took 0.423 seconds
[2026-09-16T14:31:20.258+0000] {processor.py:161} INFO - Started process (PID=1086) to work on /opt/airflow/dags/youtube_extraction.py
[2026-09-16T14:31:20.261+0000] {processor.py:830} INFO - Processing file /opt/airflow/dags/youtube_extraction.py for tasks to queue
[2026-09-16T14:31:20.263+0000] {logging_mixin.py:188} INFO - [2026-09-16T14:31:20.263+0000] {dagbag.py:545} INFO - Filling up the DagBag from /opt/airflow/dags/youtube_extraction.py
[2026-09-16T14:31:20.283+0000] {processor.py:840} INFO - DAG(s) 'youtube_extraction' retrieved from /opt/airflow/dags/youtube_extraction.py
[2026-09-16T14:31:20.318+0000] {logging_mixin.py:188} INFO - [2026-09-16T14:31:20.318+0000] {dag.py:3096} INFO - Sync 1 DAGs
[2026-09-16T14:31:20.335+0000] {logging_mixin.py:188} INFO - [2026-09-16T14:31:20.335+0000] {dag.py:3954} INFO - Setting next_dagrun for youtube_extraction to None, run_after=None
[2026-09-16T14:31:20.373+0000] {processor.py:183} INFO - Processing /opt/airflow/dags/youtube_extraction.py took 0.123 seconds
[2026-09-16T14:31:50.424+0000] {processor.py:161} INFO - Started process (PID=1097) to work on /opt/airflow/dags/youtube_extraction.py
[2026-09-16T14:31:50.427+0000] {processor.py:830} INFO - Processing file /opt/airflow/dags/youtube_extraction.py for tasks to queue
[2026-09-16T14:31:50.429+0000] {logging_mixin.py:188} INFO - [2026-09-16T14:31:50.428+0000] {dagbag.py:545} INFO - Filling up the DagBag from /opt/airflow/dags/youtube_extraction.py
[2026-09-16T14:31:50.449+0000] {processor.py:840} INFO - DAG(s) 'youtube_extraction' retrieved from /opt/airflow/dags/youtube_extraction.py
[2026-09-16T14:31:50.483+0000] {logging_mixin.py:188} INFO - [2026-09-16T14:31:50.482+0000] {dag.py:3096} INFO - Sync 1 DAGs
[2026-09-16T14:31:50.499+0000] {logging_mixin.py:188} INFO - [2026-09-16T14:31:50.499+0000] {dag.py:3954} INFO - Setting next_dagrun for youtube_extraction to None, run_after=None
[2026-09-16T14:31:50.534+0000] {processor.py:183} INFO - Processing /opt/airflow/dags/youtube_extraction.py took 0.118 seconds
[2026-09-16T14:32:20.727+0000] {processor.py:161} INFO - Started process (PID=1108) to work on /opt/airflow/dags/youtube_extraction.py
[2026-09-16T14:32:20.730+0000] {processor.py:830} INFO - Processing file /opt/airflow/dags/youtube_extraction.py for tasks to queue
[2026-09-16T14:32:20.732+0000] {logging_mixin.py:188} INFO - [2026-09-16T14:32:20.732+0000] {dagbag.py:545} INFO - Filling up the DagBag from /opt/airflow/dags/youtube_extraction.py
[2026-09-16T14:32:20.751+0000] {processor.py:840} INFO - DAG(s) 'youtube_extraction' retrieved from /opt/airflow/dags/youtube_extraction.py
[2026-09-16T14:32:20.784+0000] {logging_mixin.py:188} INFO - [2026-09-16T14:32:20.783+0000] {dag.py:3096} INFO - Sync 1 DAGs
[2026-09-16T14:32:20.802+0000] {logging_mixin.py:188} INFO - [2026-09-16T14:32:20.802+0000] {dag.py:3954} INFO - Setting next_dagrun for youtube_extraction to None, run_after=None
[2026-09-16T14:32:20.831+0000] {processor.py:183} INFO - Processing /opt/airflow/dags/youtube_extraction.py took 0.111 seconds
[2026-09-16T14:32:50.921+0000] {processor.py:161} INFO - Started process (PID=1119) to work on /opt/airflow/dags/youtube_extraction.py
[2026-09-16T14:32:50.924+0000] {processor.py:830} INFO - Processing file /opt/airflow/dags/youtube_extraction.py for tasks to queue
[2026-09-16T14:32:50.927+0000] {logging_mixin.py:188} INFO - [2026-09-16T14:32:50.926+0000] {dagbag.py:545} INFO - Filling up the DagBag from /opt/airflow/dags/youtube_extraction.py
[2026-09-16T14:32:50.946+0000] {processor.py:840} INFO - DAG(s) 'youtube_extraction' retrieved from /opt/airflow/dags/youtube_extraction.py
[2026-09-16T14:32:50.978+0000] {logging_mixin.py:188} INFO - [2026-09-16T14:32:50.978+0000] {dag.py:3096} INFO - Sync 1 DAGs
[2026-09-16T14:32:50.995+0000] {logging_mixin.py:188} INFO - [2026-09-16T14:32:50.995+0000] {dag.py:3954} INFO - Setting next_dagrun for youtube_extraction to None, run_after=None
[2026-09-16T14:32:51.029+0000] {processor.py:183} INFO - Processing /opt/airflow/dags/youtube_extraction.py took 0.115 seconds
[2026-09-16T14:33:21.215+0000] {processor.py:161} INFO - Started process (PID=1130) to work on /opt/airflow/dags/youtube_extraction.py
[2026-09-16T14:33:21.217+0000] {processor.py:830} INFO - Processing file /opt/airflow/dags/youtube_extraction.py for tasks to queue
[2026-09-16T14:33:21.220+0000] {logging_mixin.py:188} INFO - [2026-09-16T14:33:21.219+0000] {dagbag.py:545} INFO - Filling up the DagBag from /opt/airflow/dags/youtube_extraction.py
[2026-09-16T14:33:21.240+0000] {processor.py:840} INFO - DAG(s) 'youtube_extraction' retrieved from /opt/airflow/dags/youtube_extraction.py
[2026-09-16T14:33:21.273+0000] {logging_mixin.py:188} INFO - [2026-09-16T14:33:21.273+0000] {dag.py:3096} INFO - Sync 1 DAGs
[2026-09-16T14:33:21.290+0000] {logging_mixin.py:188} INFO - [2026-09-16T14:33:21.290+0000] {dag.py:3954} INFO - Setting next_dagrun for youtube_extraction to None, run_after=None
[2026-09-16T14:33:21.322+0000] {processor.py:183} INFO - Processing /opt/airflow/dags/youtube_extraction.py took 0.114 seconds
[2026-09-16T14:33:51.393+0000] {processor.py:161} INFO - Started process (PID=1141) to work on /opt/airflow/dags/youtube_extraction.py
[2026-09-16T14:33:51.395+0000] {processor.py:830} INFO - Processing file /opt/airflow/dags/youtube_extraction.py for tasks to queue
[2026-09-16T14:33:51.397+0000] {logging_mixin.py:188} INFO - [2026-09-16T14:33:51.397+0000] {dagbag.py:545} INFO - Filling up the DagBag from /opt/airflow/dags/youtube_extraction.py
[2026-09-16T14:33:51.415+0000] {processor.py:840} INFO - DAG(s) 'youtube_extraction' retrieved from /opt/airflow/dags/youtube_extraction.py
[2026-09-16T14:33:51.452+0000] {logging_mixin.py:188} INFO - [2026-09-16T14:33:51.451+0000] {dag.py:3096} INFO - Sync 1 DAGs
[2026-09-16T14:33:51.469+0000] {logging_mixin.py:188} INFO - [2026-09-16T14:33:51.468+0000] {dag.py:3954} INFO - Setting next_dagrun for youtube_extraction to None, run_after=None
[2026-09-16T14:33:51.501+0000] {processor.py:183} INFO - Processing /opt/airflow/dags/youtube_extraction.py took 0.116 seconds
[2026-09-16T14:34:21.675+0000] {processor.py:161} INFO - Started process (PID=1152) to work on /opt/airflow/dags/youtube_extraction.py
[2026-09-16T14:34:21.677+0000] {processor.py:830} INFO - Processing file /opt/airflow/dags/youtube_extraction.py for tasks to queue
[2026-09-16T14:34:21.679+0000] {logging_mixin.py:188} INFO - [2026-09-16T14:34:21.679+0000] {dagbag.py:545} INFO - Filling up the DagBag from /opt/airflow/dags/youtube_extraction.py
[2026-09-16T14:34:21.711+0000] {processor.py:840} INFO - DAG(s) 'youtube_extraction' retrieved from /opt/airflow/dags/youtube_extraction.py
[2026-09-16T14:34:21.762+0000] {logging_mixin.py:188} INFO - [2026-09-16T14:34:21.761+0000] {dag.py:3096} INFO - Sync 1 DAGs
[2026-09-16T14:34:21.779+0000] {logging_mixin.py:188} INFO - [2026-09-16T14:34:21.778+0000] {dag.py:3954} INFO - Setting next_dagrun for youtube_extraction to None, run_after=None
[2026-09-16T14:34:21.813+0000] {processor.py:183} INFO - Processing /opt/airflow/dags/youtube_extraction.py took 0.145 seconds
[2026-09-16T14:34:52.001+0000] {processor.py:161} INFO - Started process (PID=1162) to work on /opt/airflow/dags/youtube_extraction.py
[2026-09-16T14:34:52.003+0000] {processor.py:830} INFO - Processing file /opt/airflow/dags/youtube_extraction.py for tasks to queue
[2026-09-16T14:34:52.005+0000] {logging_mixin.py:188} INFO - [2026-09-16T14:34:52.005+0000] {dagbag.py:545} INFO - Filling up the DagBag from /opt/airflow/dags/youtube_extraction.py
[2026-09-16T14:34:52.024+0000] {processor.py:840} INFO - DAG(s) 'youtube_extraction' retrieved from /opt/airflow/dags/youtube_extraction.py
[2026-09-16T14:34:52.056+0000] {logging_mixin.py:188} INFO - [2026-09-16T14:34:52.056+0000] {dag.py:3096} INFO - Sync 1 DAGs
[2026-09-16T14:34:52.072+0000] {logging_mixin.py:188} INFO - [2026-09-16T14:34:52.071+0000] {dag.py:3954} INFO - Setting next_dagrun for youtube_extraction to None, run_after=None
[2026-09-16T14:34:52.103+0000] {processor.py:183} INFO - Processing /opt/airflow/dags/youtube_extraction.py took 0.109 seconds
[2026-09-16T14:35:22.178+0000] {processor.py:161} INFO - Started process (PID=1173) to work on /opt/airflow/dags/youtube_extraction.py
[2026-09-16T14:35:22.180+0000] {processor.py:830} INFO - Processing file /opt/airflow/dags/youtube_extraction.py for tasks to queue
[2026-09-16T14:35:22.182+0000] {logging_mixin.py:188} INFO - [2026-09-16T14:35:22.182+0000] {dagbag.py:545} INFO - Filling up the DagBag from /opt/airflow/dags/youtube_extraction.py
[2026-09-16T14:35:22.201+0000] {processor.py:840} INFO - DAG(s) 'youtube_extraction' retrieved from /opt/airflow/dags/youtube_extraction.py
[2026-09-16T14:35:22.233+0000] {logging_mixin.py:188} INFO - [2026-09-16T14:35:22.233+0000] {dag.py:3096} INFO - Sync 1 DAGs
[2026-09-16T14:35:22.248+0000] {logging_mixin.py:188} INFO - [2026-09-16T14:35:22.247+0000] {dag.py:3954} INFO - Setting next_dagrun for youtube_extraction to None, run_after=None
[2026-09-16T14:35:22.277+0000] {processor.py:183} INFO - Processing /opt/airflow/dags/youtube_extraction.py took 0.107 seconds
[2026-09-16T14:35:52.453+0000] {processor.py:161} INFO - Started process (PID=1184) to work on /opt/airflow/dags/youtube_extraction.py
[2026-09-16T14:35:52.455+0000] {processor.py:830} INFO - Processing file /opt/airflow/dags/youtube_extraction.py for tasks to queue
[2026-09-16T14:35:52.458+0000] {logging_mixin.py:188} INFO - [2026-09-16T14:35:52.457+0000] {dagbag.py:545} INFO - Filling up the DagBag from /opt/airflow/dags/youtube_extraction.py
[2026-09-16T14:35:52.477+0000] {processor.py:840} INFO - DAG(s) 'youtube_extraction' retrieved from /opt/airflow/dags/youtube_extraction.py
[2026-09-16T14:35:52.510+0000] {logging_mixin.py:188} INFO - [2026-09-16T14:35:52.510+0000] {dag.py:3096} INFO - Sync 1 DAGs
[2026-09-16T14:35:52.526+0000] {logging_mixin.py:188} INFO - [2026-09-16T14:35:52.525+0000] {dag.py:3954} INFO - Setting next_dagrun for youtube_extraction to None, run_after=None
[2026-09-16T14:35:52.565+0000] {processor.py:183} INFO - Processing /opt/airflow/dags/youtube_extraction.py took 0.120 seconds
[2026-09-16T14:36:22.639+0000] {processor.py:161} INFO - Started process (PID=1195) to work on /opt/airflow/dags/youtube_extraction.py
[2026-09-16T14:36:22.641+0000] {processor.py:830} INFO - Processing file /opt/airflow/dags/youtube_extraction.py for tasks to queue
[2026-09-16T14:36:22.643+0000] {logging_mixin.py:188} INFO - [2026-09-16T14:36:22.642+0000] {dagbag.py:545} INFO - Filling up the DagBag from /opt/airflow/dags/youtube_extraction.py
[2026-09-16T14:36:22.662+0000] {processor.py:840} INFO - DAG(s) 'youtube_extraction' retrieved from /opt/airflow/dags/youtube_extraction.py
[2026-09-16T14:36:22.694+0000] {logging_mixin.py:188} INFO - [2026-09-16T14:36:22.693+0000] {dag.py:3096} INFO - Sync 1 DAGs
[2026-09-16T14:36:22.709+0000] {logging_mixin.py:188} INFO - [2026-09-16T14:36:22.709+0000] {dag.py:3954} INFO - Setting next_dagrun for youtube_extraction to None, run_after=None
[2026-09-16T14:36:22.743+0000] {processor.py:183} INFO - Processing /opt/airflow/dags/youtube_extraction.py took 0.111 seconds
[2026-09-16T14:36:52.922+0000] {processor.py:161} INFO - Started process (PID=1206) to work on /opt/airflow/dags/youtube_extraction.py
[2026-09-16T14:36:52.924+0000] {processor.py:830} INFO - Processing file /opt/airflow/dags/youtube_extraction.py for tasks to queue
[2026-09-16T14:36:52.926+0000] {logging_mixin.py:188} INFO - [2026-09-16T14:36:52.926+0000] {dagbag.py:545} INFO - Filling up the DagBag from /opt/airflow/dags/youtube_extraction.py
[2026-09-16T14:36:52.945+0000] {processor.py:840} INFO - DAG(s) 'youtube_extraction' retrieved from /opt/airflow/dags/youtube_extraction.py
[2026-09-16T14:36:52.979+0000] {logging_mixin.py:188} INFO - [2026-09-16T14:36:52.979+0000] {dag.py:3096} INFO - Sync 1 DAGs
[2026-09-16T14:36:52.997+0000] {logging_mixin.py:188} INFO - [2026-09-16T14:36:52.996+0000] {dag.py:3954} INFO - Setting next_dagrun for youtube_extraction to None, run_after=None
[2026-09-16T14:36:53.030+0000] {processor.py:183} INFO - Processing /opt/airflow/dags/youtube_extraction.py took 0.116 seconds
[2026-09-16T14:37:23.102+0000] {processor.py:161} INFO - Started process (PID=1217) to work on /opt/airflow/dags/youtube_extraction.py
[2026-09-16T14:37:23.105+0000] {processor.py:830} INFO - Processing file /opt/airflow/dags/youtube_extraction.py for tasks to queue
[2026-09-16T14:37:23.107+0000] {logging_mixin.py:188} INFO - [2026-09-16T14:37:23.106+0000] {dagbag.py:545} INFO - Filling up the DagBag from /opt/airflow/dags/youtube_extraction.py
[2026-09-16T14:37:23.130+0000] {processor.py:840} INFO - DAG(s) 'youtube_extraction' retrieved from /opt/airflow/dags/youtube_extraction.py
[2026-09-16T14:37:23.166+0000] {logging_mixin.py:188} INFO - [2026-09-16T14:37:23.166+0000] {dag.py:3096} INFO - Sync 1 DAGs
[2026-09-16T14:37:23.182+0000] {logging_mixin.py:188} INFO - [2026-09-16T14:37:23.182+0000] {dag.py:3954} INFO - Setting next_dagrun for youtube_extraction to None, run_after=None
[2026-09-16T14:37:23.211+0000] {processor.py:183} INFO - Processing /opt/airflow/dags/youtube_extraction.py took 0.118 seconds
[2026-09-16T14:37:53.387+0000] {processor.py:161} INFO - Started process (PID=1228) to work on /opt/airflow/dags/youtube_extraction.py
[2026-09-16T14:37:53.389+0000] {processor.py:830} INFO - Processing file /opt/airflow/dags/youtube_extraction.py for tasks to queue
[2026-09-16T14:37:53.391+0000] {logging_mixin.py:188} INFO - [2026-09-16T14:37:53.391+0000] {dagbag.py:545} INFO - Filling up the DagBag from /opt/airflow/dags/youtube_extraction.py
[2026-09-16T14:37:53.412+0000] {processor.py:840} INFO - DAG(s) 'youtube_extraction' retrieved from /opt/airflow/dags/youtube_extraction.py
[2026-09-16T14:37:53.452+0000] {logging_mixin.py:188} INFO - [2026-09-16T14:37:53.451+0000] {dag.py:3096} INFO - Sync 1 DAGs
[2026-09-16T14:37:53.469+0000] {logging_mixin.py:188} INFO - [2026-09-16T14:37:53.469+0000] {dag.py:3954} INFO - Setting next_dagrun for youtube_extraction to None, run_after=None
[2026-09-16T14:37:53.497+0000] {processor.py:183} INFO - Processing /opt/airflow/dags/youtube_extraction.py took 0.118 seconds
[2026-09-16T14:38:23.584+0000] {processor.py:161} INFO - Started process (PID=1239) to work on /opt/airflow/dags/youtube_extraction.py
[2026-09-16T14:38:23.587+0000] {processor.py:830} INFO - Processing file /opt/airflow/dags/youtube_extraction.py for tasks to queue
[2026-09-16T14:38:23.589+0000] {logging_mixin.py:188} INFO - [2026-09-16T14:38:23.588+0000] {dagbag.py:545} INFO - Filling up the DagBag from /opt/airflow/dags/youtube_extraction.py
[2026-09-16T14:38:23.608+0000] {processor.py:840} INFO - DAG(s) 'youtube_extraction' retrieved from /opt/airflow/dags/youtube_extraction.py
[2026-09-16T14:38:23.642+0000] {logging_mixin.py:188} INFO - [2026-09-16T14:38:23.642+0000] {dag.py:3096} INFO - Sync 1 DAGs
[2026-09-16T14:38:23.658+0000] {logging_mixin.py:188} INFO - [2026-09-16T14:38:23.658+0000] {dag.py:3954} INFO - Setting next_dagrun for youtube_extraction to None, run_after=None
[2026-09-16T14:38:23.688+0000] {processor.py:183} INFO - Processing /opt/airflow/dags/youtube_extraction.py took 0.112 seconds
[2026-09-16T14:38:53.850+0000] {processor.py:161} INFO - Started process (PID=1250) to work on /opt/airflow/dags/youtube_extraction.py
[2026-09-16T14:38:53.853+0000] {processor.py:830} INFO - Processing file /opt/airflow/dags/youtube_extraction.py for tasks to queue
[2026-09-16T14:38:53.855+0000] {logging_mixin.py:188} INFO - [2026-09-16T14:38:53.854+0000] {dagbag.py:545} INFO - Filling up the DagBag from /opt/airflow/dags/youtube_extraction.py
[2026-09-16T14:38:53.874+0000] {processor.py:840} INFO - DAG(s) 'youtube_extraction' retrieved from /opt/airflow/dags/youtube_extraction.py
[2026-09-16T14:38:53.905+0000] {logging_mixin.py:188} INFO - [2026-09-16T14:38:53.905+0000] {dag.py:3096} INFO - Sync 1 DAGs
[2026-09-16T14:38:53.921+0000] {logging_mixin.py:188} INFO - [2026-09-16T14:38:53.921+0000] {dag.py:3954} INFO - Setting next_dagrun for youtube_extraction to None, run_after=None
[2026-09-16T14:38:53.953+0000] {processor.py:183} INFO - Processing /opt/airflow/dags/youtube_extraction.py took 0.112 seconds
[2026-09-16T14:39:24.043+0000] {processor.py:161} INFO - Started process (PID=1261) to work on /opt/airflow/dags/youtube_extraction.py
[2026-09-16T14:39:24.045+0000] {processor.py:830} INFO - Processing file /opt/airflow/dags/youtube_extraction.py for tasks to queue
[2026-09-16T14:39:24.048+0000] {logging_mixin.py:188} INFO - [2026-09-16T14:39:24.047+0000] {dagbag.py:545} INFO - Filling up the DagBag from /opt/airflow/dags/youtube_extraction.py
[2026-09-16T14:39:24.066+0000] {processor.py:840} INFO - DAG(s) 'youtube_extraction' retrieved from /opt/airflow/dags/youtube_extraction.py
[2026-09-16T14:39:24.099+0000] {logging_mixin.py:188} INFO - [2026-09-16T14:39:24.099+0000] {dag.py:3096} INFO - Sync 1 DAGs
[2026-09-16T14:39:24.115+0000] {logging_mixin.py:188} INFO - [2026-09-16T14:39:24.115+0000] {dag.py:3954} INFO - Setting next_dagrun for youtube_extraction to None, run_after=None
[2026-09-16T14:39:24.149+0000] {processor.py:183} INFO - Processing /opt/airflow/dags/youtube_extraction.py took 0.113 seconds
[2026-09-16T14:39:54.291+0000] {processor.py:161} INFO - Started process (PID=1272) to work on /opt/airflow/dags/youtube_extraction.py
[2026-09-16T14:39:54.293+0000] {processor.py:830} INFO - Processing file /opt/airflow/dags/youtube_extraction.py for tasks to queue
[2026-09-16T14:39:54.297+0000] {logging_mixin.py:188} INFO - [2026-09-16T14:39:54.296+0000] {dagbag.py:545} INFO - Filling up the DagBag from /opt/airflow/dags/youtube_extraction.py
[2026-09-16T14:39:54.314+0000] {processor.py:840} INFO - DAG(s) 'youtube_extraction' retrieved from /opt/airflow/dags/youtube_extraction.py
[2026-09-16T14:39:54.347+0000] {logging_mixin.py:188} INFO - [2026-09-16T14:39:54.347+0000] {dag.py:3096} INFO - Sync 1 DAGs
[2026-09-16T14:39:54.362+0000] {logging_mixin.py:188} INFO - [2026-09-16T14:39:54.362+0000] {dag.py:3954} INFO - Setting next_dagrun for youtube_extraction to None, run_after=None
[2026-09-16T14:39:54.391+0000] {processor.py:183} INFO - Processing /opt/airflow/dags/youtube_extraction.py took 0.108 seconds
[2026-09-16T14:40:24.487+0000] {processor.py:161} INFO - Started process (PID=1283) to work on /opt/airflow/dags/youtube_extraction.py
[2026-09-16T14:40:24.489+0000] {processor.py:830} INFO - Processing file /opt/airflow/dags/youtube_extraction.py for tasks to queue
[2026-09-16T14:40:24.491+0000] {logging_mixin.py:188} INFO - [2026-09-16T14:40:24.491+0000] {dagbag.py:545} INFO - Filling up the DagBag from /opt/airflow/dags/youtube_extraction.py
[2026-09-16T14:40:24.517+0000] {processor.py:840} INFO - DAG(s) 'youtube_extraction' retrieved from /opt/airflow/dags/youtube_extraction.py
[2026-09-16T14:40:24.553+0000] {logging_mixin.py:188} INFO - [2026-09-16T14:40:24.553+0000] {dag.py:3096} INFO - Sync 1 DAGs
[2026-09-16T14:40:24.572+0000] {logging_mixin.py:188} INFO - [2026-09-16T14:40:24.572+0000] {dag.py:3954} INFO - Setting next_dagrun for youtube_extraction to None, run_after=None
[2026-09-16T14:40:24.605+0000] {processor.py:183} INFO - Processing /opt/airflow/dags/youtube_extraction.py took 0.126 seconds
[2026-09-16T14:40:54.737+0000] {processor.py:161} INFO - Started process (PID=1293) to work on /opt/airflow/dags/youtube_extraction.py
[2026-09-16T14:40:54.739+0000] {processor.py:830} INFO - Processing file /opt/airflow/dags/youtube_extraction.py for tasks to queue
[2026-09-16T14:40:54.741+0000] {logging_mixin.py:188} INFO - [2026-09-16T14:40:54.741+0000] {dagbag.py:545} INFO - Filling up the DagBag from /opt/airflow/dags/youtube_extraction.py
[2026-09-16T14:40:54.761+0000] {processor.py:840} INFO - DAG(s) 'youtube_extraction' retrieved from /opt/airflow/dags/youtube_extraction.py
[2026-09-16T14:40:54.795+0000] {logging_mixin.py:188} INFO - [2026-09-16T14:40:54.794+0000] {dag.py:3096} INFO - Sync 1 DAGs
[2026-09-16T14:40:54.809+0000] {logging_mixin.py:188} INFO - [2026-09-16T14:40:54.809+0000] {dag.py:3954} INFO - Setting next_dagrun for youtube_extraction to None, run_after=None
[2026-09-16T14:40:54.841+0000] {processor.py:183} INFO - Processing /opt/airflow/dags/youtube_extraction.py took 0.112 seconds
[2026-09-16T14:41:24.955+0000] {processor.py:161} INFO - Started process (PID=1304) to work on /opt/airflow/dags/youtube_extraction.py
[2026-09-16T14:41:24.957+0000] {processor.py:830} INFO - Processing file /opt/airflow/dags/youtube_extraction.py for tasks to queue
[2026-09-16T14:41:24.959+0000] {logging_mixin.py:188} INFO - [2026-09-16T14:41:24.959+0000] {dagbag.py:545} INFO - Filling up the DagBag from /opt/airflow/dags/youtube_extraction.py
[2026-09-16T14:41:24.977+0000] {processor.py:840} INFO - DAG(s) 'youtube_extraction' retrieved from /opt/airflow/dags/youtube_extraction.py
[2026-09-16T14:41:25.015+0000] {logging_mixin.py:188} INFO - [2026-09-16T14:41:25.014+0000] {dag.py:3096} INFO - Sync 1 DAGs
[2026-09-16T14:41:25.032+0000] {logging_mixin.py:188} INFO - [2026-09-16T14:41:25.031+0000] {dag.py:3954} INFO - Setting next_dagrun for youtube_extraction to None, run_after=None
[2026-09-16T14:41:25.062+0000] {processor.py:183} INFO - Processing /opt/airflow/dags/youtube_extraction.py took 0.115 seconds
[2026-09-16T14:41:55.194+0000] {processor.py:161} INFO - Started process (PID=1315) to work on /opt/airflow/dags/youtube_extraction.py
[2026-09-16T14:41:55.196+0000] {processor.py:830} INFO - Processing file /opt/airflow/dags/youtube_extraction.py for tasks to queue
[2026-09-16T14:41:55.198+0000] {logging_mixin.py:188} INFO - [2026-09-16T14:41:55.198+0000] {dagbag.py:545} INFO - Filling up the DagBag from /opt/airflow/dags/youtube_extraction.py
[2026-09-16T14:41:55.216+0000] {processor.py:840} INFO - DAG(s) 'youtube_extraction' retrieved from /opt/airflow/dags/youtube_extraction.py
[2026-09-16T14:41:55.246+0000] {logging_mixin.py:188} INFO - [2026-09-16T14:41:55.246+0000] {dag.py:3096} INFO - Sync 1 DAGs
[2026-09-16T14:41:55.263+0000] {logging_mixin.py:188} INFO - [2026-09-16T14:41:55.263+0000] {dag.py:3954} INFO - Setting next_dagrun for youtube_extraction to None, run_after=None
[2026-09-16T14:41:55.296+0000] {processor.py:183} INFO - Processing /opt/airflow/dags/youtube_extraction.py took 0.108 seconds
[2026-09-16T14:42:25.413+0000] {processor.py:161} INFO - Started process (PID=1326) to work on /opt/airflow/dags/youtube_extraction.py
[2026-09-16T14:42:25.416+0000] {processor.py:830} INFO - Processing file /opt/airflow/dags/youtube_extraction.py for tasks to queue
[2026-09-16T14:42:25.418+0000] {logging_mixin.py:188} INFO - [2026-09-16T14:42:25.418+0000] {dagbag.py:545} INFO - Filling up the DagBag from /opt/airflow/dags/youtube_extraction.py
[2026-09-16T14:42:25.436+0000] {processor.py:840} INFO - DAG(s) 'youtube_extraction' retrieved from /opt/airflow/dags/youtube_extraction.py
[2026-09-16T14:42:25.470+0000] {logging_mixin.py:188} INFO - [2026-09-16T14:42:25.469+0000] {dag.py:3096} INFO - Sync 1 DAGs
[2026-09-16T14:42:25.483+0000] {logging_mixin.py:188} INFO - [2026-09-16T14:42:25.483+0000] {dag.py:3954} INFO - Setting next_dagrun for youtube_extraction to None, run_after=None
[2026-09-16T14:42:25.517+0000] {processor.py:183} INFO - Processing /opt/airflow/dags/youtube_extraction.py took 0.113 seconds
[2026-09-16T14:42:55.644+0000] {processor.py:161} INFO - Started process (PID=1337) to work on /opt/airflow/dags/youtube_extraction.py
[2026-09-16T14:42:55.646+0000] {processor.py:830} INFO - Processing file /opt/airflow/dags/youtube_extraction.py for tasks to queue
[2026-09-16T14:42:55.648+0000] {logging_mixin.py:188} INFO - [2026-09-16T14:42:55.648+0000] {dagbag.py:545} INFO - Filling up the DagBag from /opt/airflow/dags/youtube_extraction.py
[2026-09-16T14:42:55.670+0000] {processor.py:840} INFO - DAG(s) 'youtube_extraction' retrieved from /opt/airflow/dags/youtube_extraction.py
[2026-09-16T14:42:55.706+0000] {logging_mixin.py:188} INFO - [2026-09-16T14:42:55.706+0000] {dag.py:3096} INFO - Sync 1 DAGs
[2026-09-16T14:42:55.722+0000] {logging_mixin.py:188} INFO - [2026-09-16T14:42:55.721+0000] {dag.py:3954} INFO - Setting next_dagrun for youtube_extraction to None, run_after=None
[2026-09-16T14:42:55.751+0000] {processor.py:183} INFO - Processing /opt/airflow/dags/youtube_extraction.py took 0.116 seconds
[2026-09-16T14:43:25.895+0000] {processor.py:161} INFO - Started process (PID=1348) to work on /opt/airflow/dags/youtube_extraction.py
[2026-09-16T14:43:25.897+0000] {processor.py:830} INFO - Processing file /opt/airflow/dags/youtube_extraction.py for tasks to queue
[2026-09-16T14:43:25.900+0000] {logging_mixin.py:188} INFO - [2026-09-16T14:43:25.900+0000] {dagbag.py:545} INFO - Filling up the DagBag from /opt/airflow/dags/youtube_extraction.py
[2026-09-16T14:43:25.919+0000] {processor.py:840} INFO - DAG(s) 'youtube_extraction' retrieved from /opt/airflow/dags/youtube_extraction.py
[2026-09-16T14:43:25.950+0000] {logging_mixin.py:188} INFO - [2026-09-16T14:43:25.950+0000] {dag.py:3096} INFO - Sync 1 DAGs
[2026-09-16T14:43:25.964+0000] {logging_mixin.py:188} INFO - [2026-09-16T14:43:25.963+0000] {dag.py:3954} INFO - Setting next_dagrun for youtube_extraction to None, run_after=None
[2026-09-16T14:43:25.999+0000] {processor.py:183} INFO - Processing /opt/airflow/dags/youtube_extraction.py took 0.111 seconds
[2026-09-16T14:43:56.098+0000] {processor.py:161} INFO - Started process (PID=1359) to work on /opt/airflow/dags/youtube_extraction.py
[2026-09-16T14:43:56.100+0000] {processor.py:830} INFO - Processing file /opt/airflow/dags/youtube_extraction.py for tasks to queue
[2026-09-16T14:43:56.103+0000] {logging_mixin.py:188} INFO - [2026-09-16T14:43:56.103+0000] {dagbag.py:545} INFO - Filling up the DagBag from /opt/airflow/dags/youtube_extraction.py
[2026-09-16T14:43:56.123+0000] {processor.py:840} INFO - DAG(s) 'youtube_extraction' retrieved from /opt/airflow/dags/youtube_extraction.py
[2026-09-16T14:43:56.156+0000] {logging_mixin.py:188} INFO - [2026-09-16T14:43:56.156+0000] {dag.py:3096} INFO - Sync 1 DAGs
[2026-09-16T14:43:56.172+0000] {logging_mixin.py:188} INFO - [2026-09-16T14:43:56.171+0000] {dag.py:3954} INFO - Setting next_dagrun for youtube_extraction to None, run_after=None
[2026-09-16T14:43:56.203+0000] {processor.py:183} INFO - Processing /opt/airflow/dags/youtube_extraction.py took 0.114 seconds
[2026-09-16T14:44:26.338+0000] {processor.py:161} INFO - Started process (PID=1370) to work on /opt/airflow/dags/youtube_extraction.py
[2026-09-16T14:44:26.341+0000] {processor.py:830} INFO - Processing file /opt/airflow/dags/youtube_extraction.py for tasks to queue
[2026-09-16T14:44:26.344+0000] {logging_mixin.py:188} INFO - [2026-09-16T14:44:26.343+0000] {dagbag.py:545} INFO - Filling up the DagBag from /opt/airflow/dags/youtube_extraction.py
[2026-09-16T14:44:26.367+0000] {processor.py:840} INFO - DAG(s) 'youtube_extraction' retrieved from /opt/airflow/dags/youtube_extraction.py
[2026-09-16T14:44:26.408+0000] {logging_mixin.py:188} INFO - [2026-09-16T14:44:26.408+0000] {dag.py:3096} INFO - Sync 1 DAGs
[2026-09-16T14:44:26.429+0000] {logging_mixin.py:188} INFO - [2026-09-16T14:44:26.428+0000] {dag.py:3954} INFO - Setting next_dagrun for youtube_extraction to None, run_after=None
[2026-09-16T14:44:26.455+0000] {processor.py:183} INFO - Processing /opt/airflow/dags/youtube_extraction.py took 0.125 seconds
[2026-09-16T14:44:56.557+0000] {processor.py:161} INFO - Started process (PID=1380) to work on /opt/airflow/dags/youtube_extraction.py
[2026-09-16T14:44:56.559+0000] {processor.py:830} INFO - Processing file /opt/airflow/dags/youtube_extraction.py for tasks to queue
[2026-09-16T14:44:56.562+0000] {logging_mixin.py:188} INFO - [2026-09-16T14:44:56.562+0000] {dagbag.py:545} INFO - Filling up the DagBag from /opt/airflow/dags/youtube_extraction.py
[2026-09-16T14:44:56.580+0000] {processor.py:840} INFO - DAG(s) 'youtube_extraction' retrieved from /opt/airflow/dags/youtube_extraction.py
[2026-09-16T14:44:56.613+0000] {logging_mixin.py:188} INFO - [2026-09-16T14:44:56.613+0000] {dag.py:3096} INFO - Sync 1 DAGs
[2026-09-16T14:44:56.629+0000] {logging_mixin.py:188} INFO - [2026-09-16T14:44:56.629+0000] {dag.py:3954} INFO - Setting next_dagrun for youtube_extraction to None, run_after=None
[2026-09-16T14:44:56.663+0000] {processor.py:183} INFO - Processing /opt/airflow/dags/youtube_extraction.py took 0.113 seconds
[2026-09-16T14:45:26.808+0000] {processor.py:161} INFO - Started process (PID=1391) to work on /opt/airflow/dags/youtube_extraction.py
[2026-09-16T14:45:26.811+0000] {processor.py:830} INFO - Processing file /opt/airflow/dags/youtube_extraction.py for tasks to queue
[2026-09-16T14:45:26.813+0000] {logging_mixin.py:188} INFO - [2026-09-16T14:45:26.813+0000] {dagbag.py:545} INFO - Filling up the DagBag from /opt/airflow/dags/youtube_extraction.py
[2026-09-16T14:45:26.831+0000] {processor.py:840} INFO - DAG(s) 'youtube_extraction' retrieved from /opt/airflow/dags/youtube_extraction.py
[2026-09-16T14:45:26.862+0000] {logging_mixin.py:188} INFO - [2026-09-16T14:45:26.862+0000] {dag.py:3096} INFO - Sync 1 DAGs
[2026-09-16T14:45:26.876+0000] {logging_mixin.py:188} INFO - [2026-09-16T14:45:26.876+0000] {dag.py:3954} INFO - Setting next_dagrun for youtube_extraction to None, run_after=None
[2026-09-16T14:45:26.910+0000] {processor.py:183} INFO - Processing /opt/airflow/dags/youtube_extraction.py took 0.110 seconds
[2026-09-16T14:45:57.005+0000] {processor.py:161} INFO - Started process (PID=1402) to work on /opt/airflow/dags/youtube_extraction.py
[2026-09-16T14:45:57.007+0000] {processor.py:830} INFO - Processing file /opt/airflow/dags/youtube_extraction.py for tasks to queue
[2026-09-16T14:45:57.009+0000] {logging_mixin.py:188} INFO - [2026-09-16T14:45:57.008+0000] {dagbag.py:545} INFO - Filling up the DagBag from /opt/airflow/dags/youtube_extraction.py
[2026-09-16T14:45:57.029+0000] {processor.py:840} INFO - DAG(s) 'youtube_extraction' retrieved from /opt/airflow/dags/youtube_extraction.py
[2026-09-16T14:45:57.073+0000] {logging_mixin.py:188} INFO - [2026-09-16T14:45:57.072+0000] {dag.py:3096} INFO - Sync 1 DAGs
[2026-09-16T14:45:57.093+0000] {logging_mixin.py:188} INFO - [2026-09-16T14:45:57.093+0000] {dag.py:3954} INFO - Setting next_dagrun for youtube_extraction to None, run_after=None
[2026-09-16T14:45:57.122+0000] {processor.py:183} INFO - Processing /opt/airflow/dags/youtube_extraction.py took 0.124 seconds
[2026-09-16T14:46:27.276+0000] {processor.py:161} INFO - Started process (PID=1413) to work on /opt/airflow/dags/youtube_extraction.py
[2026-09-16T14:46:27.279+0000] {processor.py:830} INFO - Processing file /opt/airflow/dags/youtube_extraction.py for tasks to queue
[2026-09-16T14:46:27.282+0000] {logging_mixin.py:188} INFO - [2026-09-16T14:46:27.281+0000] {dagbag.py:545} INFO - Filling up the DagBag from /opt/airflow/dags/youtube_extraction.py
[2026-09-16T14:46:27.304+0000] {processor.py:840} INFO - DAG(s) 'youtube_extraction' retrieved from /opt/airflow/dags/youtube_extraction.py
[2026-09-16T14:46:27.343+0000] {logging_mixin.py:188} INFO - [2026-09-16T14:46:27.342+0000] {dag.py:3096} INFO - Sync 1 DAGs
[2026-09-16T14:46:27.362+0000] {logging_mixin.py:188} INFO - [2026-09-16T14:46:27.362+0000] {dag.py:3954} INFO - Setting next_dagrun for youtube_extraction to None, run_after=None
[2026-09-16T14:46:27.402+0000] {processor.py:183} INFO - Processing /opt/airflow/dags/youtube_extraction.py took 0.135 seconds
[2026-09-16T14:46:57.484+0000] {processor.py:161} INFO - Started process (PID=1424) to work on /opt/airflow/dags/youtube_extraction.py
[2026-09-16T14:46:57.486+0000] {processor.py:830} INFO - Processing file /opt/airflow/dags/youtube_extraction.py for tasks to queue
[2026-09-16T14:46:57.488+0000] {logging_mixin.py:188} INFO - [2026-09-16T14:46:57.487+0000] {dagbag.py:545} INFO - Filling up the DagBag from /opt/airflow/dags/youtube_extraction.py
[2026-09-16T14:46:57.507+0000] {processor.py:840} INFO - DAG(s) 'youtube_extraction' retrieved from /opt/airflow/dags/youtube_extraction.py
[2026-09-16T14:46:57.542+0000] {logging_mixin.py:188} INFO - [2026-09-16T14:46:57.542+0000] {dag.py:3096} INFO - Sync 1 DAGs
[2026-09-16T14:46:57.560+0000] {logging_mixin.py:188} INFO - [2026-09-16T14:46:57.559+0000] {dag.py:3954} INFO - Setting next_dagrun for youtube_extraction to None, run_after=None
[2026-09-16T14:46:57.594+0000] {processor.py:183} INFO - Processing /opt/airflow/dags/youtube_extraction.py took 0.117 seconds
[2026-09-16T14:47:27.781+0000] {processor.py:161} INFO - Started process (PID=1435) to work on /opt/airflow/dags/youtube_extraction.py
[2026-09-16T14:47:27.784+0000] {processor.py:830} INFO - Processing file /opt/airflow/dags/youtube_extraction.py for tasks to queue
[2026-09-16T14:47:27.787+0000] {logging_mixin.py:188} INFO - [2026-09-16T14:47:27.786+0000] {dagbag.py:545} INFO - Filling up the DagBag from /opt/airflow/dags/youtube_extraction.py
[2026-09-16T14:47:27.806+0000] {processor.py:840} INFO - DAG(s) 'youtube_extraction' retrieved from /opt/airflow/dags/youtube_extraction.py
[2026-09-16T14:47:27.838+0000] {logging_mixin.py:188} INFO - [2026-09-16T14:47:27.837+0000] {dag.py:3096} INFO - Sync 1 DAGs
[2026-09-16T14:47:27.853+0000] {logging_mixin.py:188} INFO - [2026-09-16T14:47:27.852+0000] {dag.py:3954} INFO - Setting next_dagrun for youtube_extraction to None, run_after=None
[2026-09-16T14:47:27.887+0000] {processor.py:183} INFO - Processing /opt/airflow/dags/youtube_extraction.py took 0.115 seconds
[2026-09-16T14:47:57.989+0000] {processor.py:161} INFO - Started process (PID=1446) to work on /opt/airflow/dags/youtube_extraction.py
[2026-09-16T14:47:57.991+0000] {processor.py:830} INFO - Processing file /opt/airflow/dags/youtube_extraction.py for tasks to queue
[2026-09-16T14:47:57.994+0000] {logging_mixin.py:188} INFO - [2026-09-16T14:47:57.993+0000] {dagbag.py:545} INFO - Filling up the DagBag from /opt/airflow/dags/youtube_extraction.py
[2026-09-16T14:47:58.015+0000] {processor.py:840} INFO - DAG(s) 'youtube_extraction' retrieved from /opt/airflow/dags/youtube_extraction.py
[2026-09-16T14:47:58.050+0000] {logging_mixin.py:188} INFO - [2026-09-16T14:47:58.049+0000] {dag.py:3096} INFO - Sync 1 DAGs
[2026-09-16T14:47:58.066+0000] {logging_mixin.py:188} INFO - [2026-09-16T14:47:58.066+0000] {dag.py:3954} INFO - Setting next_dagrun for youtube_extraction to None, run_after=None
[2026-09-16T14:47:58.101+0000] {processor.py:183} INFO - Processing /opt/airflow/dags/youtube_extraction.py took 0.120 seconds
[2026-09-16T14:48:28.292+0000] {processor.py:161} INFO - Started process (PID=1457) to work on /opt/airflow/dags/youtube_extraction.py
[2026-09-16T14:48:28.294+0000] {processor.py:830} INFO - Processing file /opt/airflow/dags/youtube_extraction.py for tasks to queue
[2026-09-16T14:48:28.297+0000] {logging_mixin.py:188} INFO - [2026-09-16T14:48:28.296+0000] {dagbag.py:545} INFO - Filling up the DagBag from /opt/airflow/dags/youtube_extraction.py
[2026-09-16T14:48:28.316+0000] {processor.py:840} INFO - DAG(s) 'youtube_extraction' retrieved from /opt/airflow/dags/youtube_extraction.py
[2026-09-16T14:48:28.358+0000] {logging_mixin.py:188} INFO - [2026-09-16T14:48:28.357+0000] {dag.py:3096} INFO - Sync 1 DAGs
[2026-09-16T14:48:28.383+0000] {logging_mixin.py:188} INFO - [2026-09-16T14:48:28.383+0000] {dag.py:3954} INFO - Setting next_dagrun for youtube_extraction to None, run_after=None
[2026-09-16T14:48:28.424+0000] {processor.py:183} INFO - Processing /opt/airflow/dags/youtube_extraction.py took 0.141 seconds
[2026-09-16T14:48:58.500+0000] {processor.py:161} INFO - Started process (PID=1468) to work on /opt/airflow/dags/youtube_extraction.py
[2026-09-16T14:48:58.503+0000] {processor.py:830} INFO - Processing file /opt/airflow/dags/youtube_extraction.py for tasks to queue
[2026-09-16T14:48:58.508+0000] {logging_mixin.py:188} INFO - [2026-09-16T14:48:58.507+0000] {dagbag.py:545} INFO - Filling up the DagBag from /opt/airflow/dags/youtube_extraction.py
[2026-09-16T14:48:58.539+0000] {processor.py:840} INFO - DAG(s) 'youtube_extraction' retrieved from /opt/airflow/dags/youtube_extraction.py
[2026-09-16T14:48:58.611+0000] {logging_mixin.py:188} INFO - [2026-09-16T14:48:58.611+0000] {dag.py:3096} INFO - Sync 1 DAGs
[2026-09-16T14:48:58.645+0000] {logging_mixin.py:188} INFO - [2026-09-16T14:48:58.645+0000] {dag.py:3954} INFO - Setting next_dagrun for youtube_extraction to None, run_after=None
[2026-09-16T14:48:58.709+0000] {processor.py:183} INFO - Processing /opt/airflow/dags/youtube_extraction.py took 0.222 seconds
[2026-09-16T14:49:28.808+0000] {processor.py:161} INFO - Started process (PID=1479) to work on /opt/airflow/dags/youtube_extraction.py
[2026-09-16T14:49:28.811+0000] {processor.py:830} INFO - Processing file /opt/airflow/dags/youtube_extraction.py for tasks to queue
[2026-09-16T14:49:28.813+0000] {logging_mixin.py:188} INFO - [2026-09-16T14:49:28.813+0000] {dagbag.py:545} INFO - Filling up the DagBag from /opt/airflow/dags/youtube_extraction.py
[2026-09-16T14:49:28.837+0000] {processor.py:840} INFO - DAG(s) 'youtube_extraction' retrieved from /opt/airflow/dags/youtube_extraction.py
[2026-09-16T14:49:28.873+0000] {logging_mixin.py:188} INFO - [2026-09-16T14:49:28.873+0000] {dag.py:3096} INFO - Sync 1 DAGs
[2026-09-16T14:49:28.890+0000] {logging_mixin.py:188} INFO - [2026-09-16T14:49:28.890+0000] {dag.py:3954} INFO - Setting next_dagrun for youtube_extraction to None, run_after=None
[2026-09-16T14:49:28.923+0000] {processor.py:183} INFO - Processing /opt/airflow/dags/youtube_extraction.py took 0.121 seconds
[2026-09-16T14:49:59.105+0000] {processor.py:161} INFO - Started process (PID=1490) to work on /opt/airflow/dags/youtube_extraction.py
[2026-09-16T14:49:59.108+0000] {processor.py:830} INFO - Processing file /opt/airflow/dags/youtube_extraction.py for tasks to queue
[2026-09-16T14:49:59.113+0000] {logging_mixin.py:188} INFO - [2026-09-16T14:49:59.112+0000] {dagbag.py:545} INFO - Filling up the DagBag from /opt/airflow/dags/youtube_extraction.py
[2026-09-16T14:49:59.149+0000] {processor.py:840} INFO - DAG(s) 'youtube_extraction' retrieved from /opt/airflow/dags/youtube_extraction.py
[2026-09-16T14:49:59.222+0000] {logging_mixin.py:188} INFO - [2026-09-16T14:49:59.222+0000] {dag.py:3096} INFO - Sync 1 DAGs
[2026-09-16T14:49:59.247+0000] {logging_mixin.py:188} INFO - [2026-09-16T14:49:59.246+0000] {dag.py:3954} INFO - Setting next_dagrun for youtube_extraction to None, run_after=None
[2026-09-16T14:49:59.315+0000] {processor.py:183} INFO - Processing /opt/airflow/dags/youtube_extraction.py took 0.219 seconds
[2026-09-16T14:50:29.567+0000] {processor.py:161} INFO - Started process (PID=1501) to work on /opt/airflow/dags/youtube_extraction.py
[2026-09-16T14:50:29.571+0000] {processor.py:830} INFO - Processing file /opt/airflow/dags/youtube_extraction.py for tasks to queue
[2026-09-16T14:50:29.576+0000] {logging_mixin.py:188} INFO - [2026-09-16T14:50:29.575+0000] {dagbag.py:545} INFO - Filling up the DagBag from /opt/airflow/dags/youtube_extraction.py
[2026-09-16T14:50:29.620+0000] {processor.py:840} INFO - DAG(s) 'youtube_extraction' retrieved from /opt/airflow/dags/youtube_extraction.py
[2026-09-16T14:50:29.711+0000] {logging_mixin.py:188} INFO - [2026-09-16T14:50:29.711+0000] {dag.py:3096} INFO - Sync 1 DAGs
[2026-09-16T14:50:29.747+0000] {logging_mixin.py:188} INFO - [2026-09-16T14:50:29.746+0000] {dag.py:3954} INFO - Setting next_dagrun for youtube_extraction to None, run_after=None
[2026-09-16T14:50:29.800+0000] {processor.py:183} INFO - Processing /opt/airflow/dags/youtube_extraction.py took 0.248 seconds
[2026-09-16T14:51:00.058+0000] {processor.py:161} INFO - Started process (PID=1512) to work on /opt/airflow/dags/youtube_extraction.py
[2026-09-16T14:51:00.062+0000] {processor.py:830} INFO - Processing file /opt/airflow/dags/youtube_extraction.py for tasks to queue
[2026-09-16T14:51:00.065+0000] {logging_mixin.py:188} INFO - [2026-09-16T14:51:00.064+0000] {dagbag.py:545} INFO - Filling up the DagBag from /opt/airflow/dags/youtube_extraction.py
[2026-09-16T14:51:00.100+0000] {processor.py:840} INFO - DAG(s) 'youtube_extraction' retrieved from /opt/airflow/dags/youtube_extraction.py
[2026-09-16T14:51:00.144+0000] {logging_mixin.py:188} INFO - [2026-09-16T14:51:00.144+0000] {dag.py:3096} INFO - Sync 1 DAGs
[2026-09-16T14:51:00.162+0000] {logging_mixin.py:188} INFO - [2026-09-16T14:51:00.162+0000] {dag.py:3954} INFO - Setting next_dagrun for youtube_extraction to None, run_after=None
[2026-09-16T14:51:00.192+0000] {processor.py:183} INFO - Processing /opt/airflow/dags/youtube_extraction.py took 0.156 seconds
[2026-09-16T14:51:30.470+0000] {processor.py:161} INFO - Started process (PID=1523) to work on /opt/airflow/dags/youtube_extraction.py
[2026-09-16T14:51:30.478+0000] {processor.py:830} INFO - Processing file /opt/airflow/dags/youtube_extraction.py for tasks to queue
[2026-09-16T14:51:30.486+0000] {logging_mixin.py:188} INFO - [2026-09-16T14:51:30.485+0000] {dagbag.py:545} INFO - Filling up the DagBag from /opt/airflow/dags/youtube_extraction.py
[2026-09-16T14:51:30.545+0000] {processor.py:840} INFO - DAG(s) 'youtube_extraction' retrieved from /opt/airflow/dags/youtube_extraction.py
[2026-09-16T14:51:30.652+0000] {logging_mixin.py:188} INFO - [2026-09-16T14:51:30.651+0000] {dag.py:3096} INFO - Sync 1 DAGs
[2026-09-16T14:51:30.688+0000] {logging_mixin.py:188} INFO - [2026-09-16T14:51:30.687+0000] {dag.py:3954} INFO - Setting next_dagrun for youtube_extraction to None, run_after=None
[2026-09-16T14:51:30.762+0000] {processor.py:183} INFO - Processing /opt/airflow/dags/youtube_extraction.py took 0.313 seconds
[2026-09-16T14:52:00.985+0000] {processor.py:161} INFO - Started process (PID=1534) to work on /opt/airflow/dags/youtube_extraction.py
[2026-09-16T14:52:00.988+0000] {processor.py:830} INFO - Processing file /opt/airflow/dags/youtube_extraction.py for tasks to queue
[2026-09-16T14:52:00.990+0000] {logging_mixin.py:188} INFO - [2026-09-16T14:52:00.990+0000] {dagbag.py:545} INFO - Filling up the DagBag from /opt/airflow/dags/youtube_extraction.py
[2026-09-16T14:52:01.008+0000] {processor.py:840} INFO - DAG(s) 'youtube_extraction' retrieved from /opt/airflow/dags/youtube_extraction.py
[2026-09-16T14:52:01.045+0000] {logging_mixin.py:188} INFO - [2026-09-16T14:52:01.044+0000] {dag.py:3096} INFO - Sync 1 DAGs
[2026-09-16T14:52:01.060+0000] {logging_mixin.py:188} INFO - [2026-09-16T14:52:01.059+0000] {dag.py:3954} INFO - Setting next_dagrun for youtube_extraction to None, run_after=None
[2026-09-16T14:52:01.101+0000] {processor.py:183} INFO - Processing /opt/airflow/dags/youtube_extraction.py took 0.125 seconds
[2026-09-16T14:52:31.195+0000] {processor.py:161} INFO - Started process (PID=1545) to work on /opt/airflow/dags/youtube_extraction.py
[2026-09-16T14:52:31.198+0000] {processor.py:830} INFO - Processing file /opt/airflow/dags/youtube_extraction.py for tasks to queue
[2026-09-16T14:52:31.203+0000] {logging_mixin.py:188} INFO - [2026-09-16T14:52:31.202+0000] {dagbag.py:545} INFO - Filling up the DagBag from /opt/airflow/dags/youtube_extraction.py
[2026-09-16T14:52:31.234+0000] {processor.py:840} INFO - DAG(s) 'youtube_extraction' retrieved from /opt/airflow/dags/youtube_extraction.py
[2026-09-16T14:52:31.277+0000] {logging_mixin.py:188} INFO - [2026-09-16T14:52:31.277+0000] {dag.py:3096} INFO - Sync 1 DAGs
[2026-09-16T14:52:31.304+0000] {logging_mixin.py:188} INFO - [2026-09-16T14:52:31.303+0000] {dag.py:3954} INFO - Setting next_dagrun for youtube_extraction to None, run_after=None
[2026-09-16T14:52:31.336+0000] {processor.py:183} INFO - Processing /opt/airflow/dags/youtube_extraction.py took 0.155 seconds
[2026-09-16T14:53:01.504+0000] {processor.py:161} INFO - Started process (PID=1563) to work on /opt/airflow/dags/youtube_extraction.py
[2026-09-16T14:53:01.506+0000] {processor.py:830} INFO - Processing file /opt/airflow/dags/youtube_extraction.py for tasks to queue
[2026-09-16T14:53:01.510+0000] {logging_mixin.py:188} INFO - [2026-09-16T14:53:01.510+0000] {dagbag.py:545} INFO - Filling up the DagBag from /opt/airflow/dags/youtube_extraction.py
[2026-09-16T14:53:01.531+0000] {processor.py:840} INFO - DAG(s) 'youtube_extraction' retrieved from /opt/airflow/dags/youtube_extraction.py
[2026-09-16T14:53:01.569+0000] {logging_mixin.py:188} INFO - [2026-09-16T14:53:01.569+0000] {dag.py:3096} INFO - Sync 1 DAGs
[2026-09-16T14:53:01.588+0000] {logging_mixin.py:188} INFO - [2026-09-16T14:53:01.588+0000] {dag.py:3954} INFO - Setting next_dagrun for youtube_extraction to None, run_after=None
[2026-09-16T14:53:01.627+0000] {processor.py:183} INFO - Processing /opt/airflow/dags/youtube_extraction.py took 0.131 seconds
[2026-09-16T14:53:31.741+0000] {processor.py:161} INFO - Started process (PID=1575) to work on /opt/airflow/dags/youtube_extraction.py
[2026-09-16T14:53:31.743+0000] {processor.py:830} INFO - Processing file /opt/airflow/dags/youtube_extraction.py for tasks to queue
[2026-09-16T14:53:31.745+0000] {logging_mixin.py:188} INFO - [2026-09-16T14:53:31.745+0000] {dagbag.py:545} INFO - Filling up the DagBag from /opt/airflow/dags/youtube_extraction.py
[2026-09-16T14:53:31.764+0000] {processor.py:840} INFO - DAG(s) 'youtube_extraction' retrieved from /opt/airflow/dags/youtube_extraction.py
[2026-09-16T14:53:31.801+0000] {logging_mixin.py:188} INFO - [2026-09-16T14:53:31.801+0000] {dag.py:3096} INFO - Sync 1 DAGs
[2026-09-16T14:53:31.821+0000] {logging_mixin.py:188} INFO - [2026-09-16T14:53:31.820+0000] {dag.py:3954} INFO - Setting next_dagrun for youtube_extraction to None, run_after=None
[2026-09-16T14:53:31.856+0000] {processor.py:183} INFO - Processing /opt/airflow/dags/youtube_extraction.py took 0.122 seconds
[2026-09-16T14:54:02.005+0000] {processor.py:161} INFO - Started process (PID=1586) to work on /opt/airflow/dags/youtube_extraction.py
[2026-09-16T14:54:02.007+0000] {processor.py:830} INFO - Processing file /opt/airflow/dags/youtube_extraction.py for tasks to queue
[2026-09-16T14:54:02.010+0000] {logging_mixin.py:188} INFO - [2026-09-16T14:54:02.009+0000] {dagbag.py:545} INFO - Filling up the DagBag from /opt/airflow/dags/youtube_extraction.py
[2026-09-16T14:54:02.031+0000] {processor.py:840} INFO - DAG(s) 'youtube_extraction' retrieved from /opt/airflow/dags/youtube_extraction.py
[2026-09-16T14:54:02.067+0000] {logging_mixin.py:188} INFO - [2026-09-16T14:54:02.067+0000] {dag.py:3096} INFO - Sync 1 DAGs
[2026-09-16T14:54:02.082+0000] {logging_mixin.py:188} INFO - [2026-09-16T14:54:02.082+0000] {dag.py:3954} INFO - Setting next_dagrun for youtube_extraction to None, run_after=None
[2026-09-16T14:54:02.117+0000] {processor.py:183} INFO - Processing /opt/airflow/dags/youtube_extraction.py took 0.119 seconds
[2026-09-16T14:54:32.239+0000] {processor.py:161} INFO - Started process (PID=1597) to work on /opt/airflow/dags/youtube_extraction.py
[2026-09-16T14:54:32.241+0000] {processor.py:830} INFO - Processing file /opt/airflow/dags/youtube_extraction.py for tasks to queue
[2026-09-16T14:54:32.243+0000] {logging_mixin.py:188} INFO - [2026-09-16T14:54:32.243+0000] {dagbag.py:545} INFO - Filling up the DagBag from /opt/airflow/dags/youtube_extraction.py
[2026-09-16T14:54:32.271+0000] {processor.py:840} INFO - DAG(s) 'youtube_extraction' retrieved from /opt/airflow/dags/youtube_extraction.py
[2026-09-16T14:54:32.312+0000] {logging_mixin.py:188} INFO - [2026-09-16T14:54:32.312+0000] {dag.py:3096} INFO - Sync 1 DAGs
[2026-09-16T14:54:32.328+0000] {logging_mixin.py:188} INFO - [2026-09-16T14:54:32.328+0000] {dag.py:3954} INFO - Setting next_dagrun for youtube_extraction to None, run_after=None
[2026-09-16T14:54:32.355+0000] {processor.py:183} INFO - Processing /opt/airflow/dags/youtube_extraction.py took 0.124 seconds
[2026-09-16T14:55:02.528+0000] {processor.py:161} INFO - Started process (PID=1608) to work on /opt/airflow/dags/youtube_extraction.py
[2026-09-16T14:55:02.532+0000] {processor.py:830} INFO - Processing file /opt/airflow/dags/youtube_extraction.py for tasks to queue
[2026-09-16T14:55:02.534+0000] {logging_mixin.py:188} INFO - [2026-09-16T14:55:02.534+0000] {dagbag.py:545} INFO - Filling up the DagBag from /opt/airflow/dags/youtube_extraction.py
[2026-09-16T14:55:02.562+0000] {processor.py:840} INFO - DAG(s) 'youtube_extraction' retrieved from /opt/airflow/dags/youtube_extraction.py
[2026-09-16T14:55:02.620+0000] {logging_mixin.py:188} INFO - [2026-09-16T14:55:02.620+0000] {dag.py:3096} INFO - Sync 1 DAGs
[2026-09-16T14:55:02.643+0000] {logging_mixin.py:188} INFO - [2026-09-16T14:55:02.642+0000] {dag.py:3954} INFO - Setting next_dagrun for youtube_extraction to None, run_after=None
[2026-09-16T14:55:03.091+0000] {processor.py:183} INFO - Processing /opt/airflow/dags/youtube_extraction.py took 0.573 seconds
[2026-09-16T14:55:33.313+0000] {processor.py:161} INFO - Started process (PID=1619) to work on /opt/airflow/dags/youtube_extraction.py
[2026-09-16T14:55:33.316+0000] {processor.py:830} INFO - Processing file /opt/airflow/dags/youtube_extraction.py for tasks to queue
[2026-09-16T14:55:33.318+0000] {logging_mixin.py:188} INFO - [2026-09-16T14:55:33.317+0000] {dagbag.py:545} INFO - Filling up the DagBag from /opt/airflow/dags/youtube_extraction.py
[2026-09-16T14:55:33.347+0000] {processor.py:840} INFO - DAG(s) 'youtube_extraction' retrieved from /opt/airflow/dags/youtube_extraction.py
[2026-09-16T14:55:33.387+0000] {logging_mixin.py:188} INFO - [2026-09-16T14:55:33.386+0000] {dag.py:3096} INFO - Sync 1 DAGs
[2026-09-16T14:55:33.407+0000] {logging_mixin.py:188} INFO - [2026-09-16T14:55:33.407+0000] {dag.py:3954} INFO - Setting next_dagrun for youtube_extraction to None, run_after=None
[2026-09-16T14:55:33.445+0000] {processor.py:183} INFO - Processing /opt/airflow/dags/youtube_extraction.py took 0.140 seconds
[2026-09-16T14:56:03.512+0000] {processor.py:161} INFO - Started process (PID=1630) to work on /opt/airflow/dags/youtube_extraction.py
[2026-09-16T14:56:03.515+0000] {processor.py:830} INFO - Processing file /opt/airflow/dags/youtube_extraction.py for tasks to queue
[2026-09-16T14:56:03.518+0000] {logging_mixin.py:188} INFO - [2026-09-16T14:56:03.517+0000] {dagbag.py:545} INFO - Filling up the DagBag from /opt/airflow/dags/youtube_extraction.py
[2026-09-16T14:56:03.543+0000] {processor.py:840} INFO - DAG(s) 'youtube_extraction' retrieved from /opt/airflow/dags/youtube_extraction.py
[2026-09-16T14:56:03.589+0000] {logging_mixin.py:188} INFO - [2026-09-16T14:56:03.588+0000] {dag.py:3096} INFO - Sync 1 DAGs
[2026-09-16T14:56:03.613+0000] {logging_mixin.py:188} INFO - [2026-09-16T14:56:03.613+0000] {dag.py:3954} INFO - Setting next_dagrun for youtube_extraction to None, run_after=None
[2026-09-16T14:56:03.645+0000] {processor.py:183} INFO - Processing /opt/airflow/dags/youtube_extraction.py took 0.143 seconds
[2026-09-16T14:56:33.862+0000] {processor.py:161} INFO - Started process (PID=1641) to work on /opt/airflow/dags/youtube_extraction.py
[2026-09-16T14:56:33.865+0000] {processor.py:830} INFO - Processing file /opt/airflow/dags/youtube_extraction.py for tasks to queue
[2026-09-16T14:56:33.867+0000] {logging_mixin.py:188} INFO - [2026-09-16T14:56:33.866+0000] {dagbag.py:545} INFO - Filling up the DagBag from /opt/airflow/dags/youtube_extraction.py
[2026-09-16T14:56:33.889+0000] {processor.py:840} INFO - DAG(s) 'youtube_extraction' retrieved from /opt/airflow/dags/youtube_extraction.py
[2026-09-16T14:56:33.930+0000] {logging_mixin.py:188} INFO - [2026-09-16T14:56:33.930+0000] {dag.py:3096} INFO - Sync 1 DAGs
[2026-09-16T14:56:33.954+0000] {logging_mixin.py:188} INFO - [2026-09-16T14:56:33.953+0000] {dag.py:3954} INFO - Setting next_dagrun for youtube_extraction to None, run_after=None
[2026-09-16T14:56:33.993+0000] {processor.py:183} INFO - Processing /opt/airflow/dags/youtube_extraction.py took 0.140 seconds
[2026-09-16T14:57:04.064+0000] {processor.py:161} INFO - Started process (PID=1652) to work on /opt/airflow/dags/youtube_extraction.py
[2026-09-16T14:57:04.066+0000] {processor.py:830} INFO - Processing file /opt/airflow/dags/youtube_extraction.py for tasks to queue
[2026-09-16T14:57:04.069+0000] {logging_mixin.py:188} INFO - [2026-09-16T14:57:04.068+0000] {dagbag.py:545} INFO - Filling up the DagBag from /opt/airflow/dags/youtube_extraction.py
[2026-09-16T14:57:04.098+0000] {processor.py:840} INFO - DAG(s) 'youtube_extraction' retrieved from /opt/airflow/dags/youtube_extraction.py
[2026-09-16T14:57:04.139+0000] {logging_mixin.py:188} INFO - [2026-09-16T14:57:04.139+0000] {dag.py:3096} INFO - Sync 1 DAGs
[2026-09-16T14:57:04.158+0000] {logging_mixin.py:188} INFO - [2026-09-16T14:57:04.158+0000] {dag.py:3954} INFO - Setting next_dagrun for youtube_extraction to None, run_after=None
[2026-09-16T14:57:04.194+0000] {processor.py:183} INFO - Processing /opt/airflow/dags/youtube_extraction.py took 0.138 seconds
[2026-09-16T14:57:34.386+0000] {processor.py:161} INFO - Started process (PID=1663) to work on /opt/airflow/dags/youtube_extraction.py
[2026-09-16T14:57:34.388+0000] {processor.py:830} INFO - Processing file /opt/airflow/dags/youtube_extraction.py for tasks to queue
[2026-09-16T14:57:34.391+0000] {logging_mixin.py:188} INFO - [2026-09-16T14:57:34.390+0000] {dagbag.py:545} INFO - Filling up the DagBag from /opt/airflow/dags/youtube_extraction.py
[2026-09-16T14:57:34.415+0000] {processor.py:840} INFO - DAG(s) 'youtube_extraction' retrieved from /opt/airflow/dags/youtube_extraction.py
[2026-09-16T14:57:34.453+0000] {logging_mixin.py:188} INFO - [2026-09-16T14:57:34.452+0000] {dag.py:3096} INFO - Sync 1 DAGs
[2026-09-16T14:57:34.471+0000] {logging_mixin.py:188} INFO - [2026-09-16T14:57:34.470+0000] {dag.py:3954} INFO - Setting next_dagrun for youtube_extraction to None, run_after=None
[2026-09-16T14:57:34.509+0000] {processor.py:183} INFO - Processing /opt/airflow/dags/youtube_extraction.py took 0.131 seconds
[2026-09-16T14:58:04.594+0000] {processor.py:161} INFO - Started process (PID=1674) to work on /opt/airflow/dags/youtube_extraction.py
[2026-09-16T14:58:04.598+0000] {processor.py:830} INFO - Processing file /opt/airflow/dags/youtube_extraction.py for tasks to queue
[2026-09-16T14:58:04.600+0000] {logging_mixin.py:188} INFO - [2026-09-16T14:58:04.600+0000] {dagbag.py:545} INFO - Filling up the DagBag from /opt/airflow/dags/youtube_extraction.py
[2026-09-16T14:58:04.623+0000] {processor.py:840} INFO - DAG(s) 'youtube_extraction' retrieved from /opt/airflow/dags/youtube_extraction.py
[2026-09-16T14:58:04.674+0000] {logging_mixin.py:188} INFO - [2026-09-16T14:58:04.673+0000] {dag.py:3096} INFO - Sync 1 DAGs
[2026-09-16T14:58:04.703+0000] {logging_mixin.py:188} INFO - [2026-09-16T14:58:04.702+0000] {dag.py:3954} INFO - Setting next_dagrun for youtube_extraction to None, run_after=None
[2026-09-16T14:58:04.751+0000] {processor.py:183} INFO - Processing /opt/airflow/dags/youtube_extraction.py took 0.166 seconds
[2026-09-16T14:58:34.978+0000] {processor.py:161} INFO - Started process (PID=1685) to work on /opt/airflow/dags/youtube_extraction.py
[2026-09-16T14:58:34.980+0000] {processor.py:830} INFO - Processing file /opt/airflow/dags/youtube_extraction.py for tasks to queue
[2026-09-16T14:58:34.982+0000] {logging_mixin.py:188} INFO - [2026-09-16T14:58:34.982+0000] {dagbag.py:545} INFO - Filling up the DagBag from /opt/airflow/dags/youtube_extraction.py
[2026-09-16T14:58:35.011+0000] {processor.py:840} INFO - DAG(s) 'youtube_extraction' retrieved from /opt/airflow/dags/youtube_extraction.py
[2026-09-16T14:58:35.057+0000] {logging_mixin.py:188} INFO - [2026-09-16T14:58:35.056+0000] {dag.py:3096} INFO - Sync 1 DAGs
[2026-09-16T14:58:35.078+0000] {logging_mixin.py:188} INFO - [2026-09-16T14:58:35.077+0000] {dag.py:3954} INFO - Setting next_dagrun for youtube_extraction to None, run_after=None
[2026-09-16T14:58:35.112+0000] {processor.py:183} INFO - Processing /opt/airflow/dags/youtube_extraction.py took 0.140 seconds
[2026-09-16T14:59:05.163+0000] {processor.py:161} INFO - Started process (PID=1705) to work on /opt/airflow/dags/youtube_extraction.py
[2026-09-16T14:59:05.165+0000] {processor.py:830} INFO - Processing file /opt/airflow/dags/youtube_extraction.py for tasks to queue
[2026-09-16T14:59:05.167+0000] {logging_mixin.py:188} INFO - [2026-09-16T14:59:05.166+0000] {dagbag.py:545} INFO - Filling up the DagBag from /opt/airflow/dags/youtube_extraction.py
[2026-09-16T14:59:05.187+0000] {processor.py:840} INFO - DAG(s) 'youtube_extraction' retrieved from /opt/airflow/dags/youtube_extraction.py
[2026-09-16T14:59:05.223+0000] {logging_mixin.py:188} INFO - [2026-09-16T14:59:05.222+0000] {dag.py:3096} INFO - Sync 1 DAGs
[2026-09-16T14:59:05.239+0000] {logging_mixin.py:188} INFO - [2026-09-16T14:59:05.239+0000] {dag.py:3954} INFO - Setting next_dagrun for youtube_extraction to None, run_after=None
[2026-09-16T14:59:05.275+0000] {processor.py:183} INFO - Processing /opt/airflow/dags/youtube_extraction.py took 0.119 seconds
[2026-09-16T14:59:35.510+0000] {processor.py:161} INFO - Started process (PID=1718) to work on /opt/airflow/dags/youtube_extraction.py
[2026-09-16T14:59:35.513+0000] {processor.py:830} INFO - Processing file /opt/airflow/dags/youtube_extraction.py for tasks to queue
[2026-09-16T14:59:35.515+0000] {logging_mixin.py:188} INFO - [2026-09-16T14:59:35.515+0000] {dagbag.py:545} INFO - Filling up the DagBag from /opt/airflow/dags/youtube_extraction.py
[2026-09-16T14:59:35.546+0000] {processor.py:840} INFO - DAG(s) 'youtube_extraction' retrieved from /opt/airflow/dags/youtube_extraction.py
[2026-09-16T14:59:35.594+0000] {logging_mixin.py:188} INFO - [2026-09-16T14:59:35.594+0000] {dag.py:3096} INFO - Sync 1 DAGs
[2026-09-16T14:59:35.616+0000] {logging_mixin.py:188} INFO - [2026-09-16T14:59:35.616+0000] {dag.py:3954} INFO - Setting next_dagrun for youtube_extraction to None, run_after=None
[2026-09-16T14:59:35.650+0000] {processor.py:183} INFO - Processing /opt/airflow/dags/youtube_extraction.py took 0.151 seconds
[2026-09-16T15:00:05.886+0000] {processor.py:161} INFO - Started process (PID=1729) to work on /opt/airflow/dags/youtube_extraction.py
[2026-09-16T15:00:05.888+0000] {processor.py:830} INFO - Processing file /opt/airflow/dags/youtube_extraction.py for tasks to queue
[2026-09-16T15:00:05.891+0000] {logging_mixin.py:188} INFO - [2026-09-16T15:00:05.890+0000] {dagbag.py:545} INFO - Filling up the DagBag from /opt/airflow/dags/youtube_extraction.py
[2026-09-16T15:00:05.923+0000] {processor.py:840} INFO - DAG(s) 'youtube_extraction' retrieved from /opt/airflow/dags/youtube_extraction.py
[2026-09-16T15:00:05.983+0000] {logging_mixin.py:188} INFO - [2026-09-16T15:00:05.982+0000] {dag.py:3096} INFO - Sync 1 DAGs
[2026-09-16T15:00:06.009+0000] {logging_mixin.py:188} INFO - [2026-09-16T15:00:06.009+0000] {dag.py:3954} INFO - Setting next_dagrun for youtube_extraction to None, run_after=None
[2026-09-16T15:00:06.047+0000] {processor.py:183} INFO - Processing /opt/airflow/dags/youtube_extraction.py took 0.170 seconds
[2026-09-16T15:00:36.251+0000] {processor.py:161} INFO - Started process (PID=1740) to work on /opt/airflow/dags/youtube_extraction.py
[2026-09-16T15:00:36.259+0000] {processor.py:830} INFO - Processing file /opt/airflow/dags/youtube_extraction.py for tasks to queue
[2026-09-16T15:00:36.261+0000] {logging_mixin.py:188} INFO - [2026-09-16T15:00:36.261+0000] {dagbag.py:545} INFO - Filling up the DagBag from /opt/airflow/dags/youtube_extraction.py
[2026-09-16T15:00:36.280+0000] {processor.py:840} INFO - DAG(s) 'youtube_extraction' retrieved from /opt/airflow/dags/youtube_extraction.py
[2026-09-16T15:00:36.323+0000] {logging_mixin.py:188} INFO - [2026-09-16T15:00:36.323+0000] {dag.py:3096} INFO - Sync 1 DAGs
[2026-09-16T15:00:36.341+0000] {logging_mixin.py:188} INFO - [2026-09-16T15:00:36.341+0000] {dag.py:3954} INFO - Setting next_dagrun for youtube_extraction to None, run_after=None
[2026-09-16T15:00:36.373+0000] {processor.py:183} INFO - Processing /opt/airflow/dags/youtube_extraction.py took 0.132 seconds
[2026-09-16T15:01:06.435+0000] {processor.py:161} INFO - Started process (PID=1751) to work on /opt/airflow/dags/youtube_extraction.py
[2026-09-16T15:01:06.437+0000] {processor.py:830} INFO - Processing file /opt/airflow/dags/youtube_extraction.py for tasks to queue
[2026-09-16T15:01:06.440+0000] {logging_mixin.py:188} INFO - [2026-09-16T15:01:06.439+0000] {dagbag.py:545} INFO - Filling up the DagBag from /opt/airflow/dags/youtube_extraction.py
[2026-09-16T15:01:06.461+0000] {processor.py:840} INFO - DAG(s) 'youtube_extraction' retrieved from /opt/airflow/dags/youtube_extraction.py
[2026-09-16T15:01:06.498+0000] {logging_mixin.py:188} INFO - [2026-09-16T15:01:06.497+0000] {dag.py:3096} INFO - Sync 1 DAGs
[2026-09-16T15:01:06.518+0000] {logging_mixin.py:188} INFO - [2026-09-16T15:01:06.518+0000] {dag.py:3954} INFO - Setting next_dagrun for youtube_extraction to None, run_after=None
[2026-09-16T15:01:06.553+0000] {processor.py:183} INFO - Processing /opt/airflow/dags/youtube_extraction.py took 0.127 seconds
[2026-09-16T15:01:36.768+0000] {processor.py:161} INFO - Started process (PID=1762) to work on /opt/airflow/dags/youtube_extraction.py
[2026-09-16T15:01:36.770+0000] {processor.py:830} INFO - Processing file /opt/airflow/dags/youtube_extraction.py for tasks to queue
[2026-09-16T15:01:36.773+0000] {logging_mixin.py:188} INFO - [2026-09-16T15:01:36.773+0000] {dagbag.py:545} INFO - Filling up the DagBag from /opt/airflow/dags/youtube_extraction.py
[2026-09-16T15:01:36.796+0000] {processor.py:840} INFO - DAG(s) 'youtube_extraction' retrieved from /opt/airflow/dags/youtube_extraction.py
[2026-09-16T15:01:36.832+0000] {logging_mixin.py:188} INFO - [2026-09-16T15:01:36.832+0000] {dag.py:3096} INFO - Sync 1 DAGs
[2026-09-16T15:01:36.847+0000] {logging_mixin.py:188} INFO - [2026-09-16T15:01:36.847+0000] {dag.py:3954} INFO - Setting next_dagrun for youtube_extraction to None, run_after=None
[2026-09-16T15:01:36.880+0000] {processor.py:183} INFO - Processing /opt/airflow/dags/youtube_extraction.py took 0.119 seconds
[2026-09-16T15:02:06.974+0000] {processor.py:161} INFO - Started process (PID=1773) to work on /opt/airflow/dags/youtube_extraction.py
[2026-09-16T15:02:06.977+0000] {processor.py:830} INFO - Processing file /opt/airflow/dags/youtube_extraction.py for tasks to queue
[2026-09-16T15:02:06.979+0000] {logging_mixin.py:188} INFO - [2026-09-16T15:02:06.979+0000] {dagbag.py:545} INFO - Filling up the DagBag from /opt/airflow/dags/youtube_extraction.py
[2026-09-16T15:02:07.000+0000] {processor.py:840} INFO - DAG(s) 'youtube_extraction' retrieved from /opt/airflow/dags/youtube_extraction.py
[2026-09-16T15:02:07.041+0000] {logging_mixin.py:188} INFO - [2026-09-16T15:02:07.041+0000] {dag.py:3096} INFO - Sync 1 DAGs
[2026-09-16T15:02:07.067+0000] {logging_mixin.py:188} INFO - [2026-09-16T15:02:07.067+0000] {dag.py:3954} INFO - Setting next_dagrun for youtube_extraction to None, run_after=None
[2026-09-16T15:02:07.115+0000] {processor.py:183} INFO - Processing /opt/airflow/dags/youtube_extraction.py took 0.156 seconds
[2026-09-16T15:02:37.250+0000] {processor.py:161} INFO - Started process (PID=1785) to work on /opt/airflow/dags/youtube_extraction.py
[2026-09-16T15:02:37.252+0000] {processor.py:830} INFO - Processing file /opt/airflow/dags/youtube_extraction.py for tasks to queue
[2026-09-16T15:02:37.254+0000] {logging_mixin.py:188} INFO - [2026-09-16T15:02:37.254+0000] {dagbag.py:545} INFO - Filling up the DagBag from /opt/airflow/dags/youtube_extraction.py
[2026-09-16T15:02:37.277+0000] {processor.py:840} INFO - DAG(s) 'youtube_extraction' retrieved from /opt/airflow/dags/youtube_extraction.py
[2026-09-16T15:02:37.313+0000] {logging_mixin.py:188} INFO - [2026-09-16T15:02:37.313+0000] {dag.py:3096} INFO - Sync 1 DAGs
[2026-09-16T15:02:37.330+0000] {logging_mixin.py:188} INFO - [2026-09-16T15:02:37.330+0000] {dag.py:3954} INFO - Setting next_dagrun for youtube_extraction to None, run_after=None
[2026-09-16T15:02:37.359+0000] {processor.py:183} INFO - Processing /opt/airflow/dags/youtube_extraction.py took 0.117 seconds
[2026-09-16T15:03:07.554+0000] {processor.py:161} INFO - Started process (PID=1798) to work on /opt/airflow/dags/youtube_extraction.py
[2026-09-16T15:03:07.557+0000] {processor.py:830} INFO - Processing file /opt/airflow/dags/youtube_extraction.py for tasks to queue
[2026-09-16T15:03:07.561+0000] {logging_mixin.py:188} INFO - [2026-09-16T15:03:07.560+0000] {dagbag.py:545} INFO - Filling up the DagBag from /opt/airflow/dags/youtube_extraction.py
[2026-09-16T15:03:07.581+0000] {processor.py:840} INFO - DAG(s) 'youtube_extraction' retrieved from /opt/airflow/dags/youtube_extraction.py
[2026-09-16T15:03:07.685+0000] {logging_mixin.py:188} INFO - [2026-09-16T15:03:07.684+0000] {dag.py:3096} INFO - Sync 1 DAGs
[2026-09-16T15:03:07.736+0000] {logging_mixin.py:188} INFO - [2026-09-16T15:03:07.735+0000] {dag.py:3954} INFO - Setting next_dagrun for youtube_extraction to None, run_after=None
[2026-09-16T15:03:07.793+0000] {processor.py:183} INFO - Processing /opt/airflow/dags/youtube_extraction.py took 0.250 seconds
[2026-09-16T15:03:38.133+0000] {processor.py:161} INFO - Started process (PID=1809) to work on /opt/airflow/dags/youtube_extraction.py
[2026-09-16T15:03:38.136+0000] {processor.py:830} INFO - Processing file /opt/airflow/dags/youtube_extraction.py for tasks to queue
[2026-09-16T15:03:38.139+0000] {logging_mixin.py:188} INFO - [2026-09-16T15:03:38.139+0000] {dagbag.py:545} INFO - Filling up the DagBag from /opt/airflow/dags/youtube_extraction.py
[2026-09-16T15:03:38.166+0000] {processor.py:840} INFO - DAG(s) 'youtube_extraction' retrieved from /opt/airflow/dags/youtube_extraction.py
[2026-09-16T15:03:38.215+0000] {logging_mixin.py:188} INFO - [2026-09-16T15:03:38.214+0000] {dag.py:3096} INFO - Sync 1 DAGs
[2026-09-16T15:03:38.234+0000] {logging_mixin.py:188} INFO - [2026-09-16T15:03:38.234+0000] {dag.py:3954} INFO - Setting next_dagrun for youtube_extraction to None, run_after=None
[2026-09-16T15:03:38.313+0000] {processor.py:183} INFO - Processing /opt/airflow/dags/youtube_extraction.py took 0.194 seconds
[2026-09-16T15:04:08.560+0000] {processor.py:161} INFO - Started process (PID=1820) to work on /opt/airflow/dags/youtube_extraction.py
[2026-09-16T15:04:08.562+0000] {processor.py:830} INFO - Processing file /opt/airflow/dags/youtube_extraction.py for tasks to queue
[2026-09-16T15:04:08.565+0000] {logging_mixin.py:188} INFO - [2026-09-16T15:04:08.564+0000] {dagbag.py:545} INFO - Filling up the DagBag from /opt/airflow/dags/youtube_extraction.py
[2026-09-16T15:04:08.586+0000] {processor.py:840} INFO - DAG(s) 'youtube_extraction' retrieved from /opt/airflow/dags/youtube_extraction.py
[2026-09-16T15:04:08.626+0000] {logging_mixin.py:188} INFO - [2026-09-16T15:04:08.625+0000] {dag.py:3096} INFO - Sync 1 DAGs
[2026-09-16T15:04:08.644+0000] {logging_mixin.py:188} INFO - [2026-09-16T15:04:08.643+0000] {dag.py:3954} INFO - Setting next_dagrun for youtube_extraction to None, run_after=None
[2026-09-16T15:04:08.684+0000] {processor.py:183} INFO - Processing /opt/airflow/dags/youtube_extraction.py took 0.137 seconds
[2026-09-16T15:04:38.748+0000] {processor.py:161} INFO - Started process (PID=1833) to work on /opt/airflow/dags/youtube_extraction.py
[2026-09-16T15:04:38.750+0000] {processor.py:830} INFO - Processing file /opt/airflow/dags/youtube_extraction.py for tasks to queue
[2026-09-16T15:04:38.753+0000] {logging_mixin.py:188} INFO - [2026-09-16T15:04:38.753+0000] {dagbag.py:545} INFO - Filling up the DagBag from /opt/airflow/dags/youtube_extraction.py
[2026-09-16T15:04:38.772+0000] {processor.py:840} INFO - DAG(s) 'youtube_extraction' retrieved from /opt/airflow/dags/youtube_extraction.py
[2026-09-16T15:04:38.805+0000] {logging_mixin.py:188} INFO - [2026-09-16T15:04:38.805+0000] {dag.py:3096} INFO - Sync 1 DAGs
[2026-09-16T15:04:38.821+0000] {logging_mixin.py:188} INFO - [2026-09-16T15:04:38.820+0000] {dag.py:3954} INFO - Setting next_dagrun for youtube_extraction to None, run_after=None
[2026-09-16T15:04:38.866+0000] {processor.py:183} INFO - Processing /opt/airflow/dags/youtube_extraction.py took 0.125 seconds
[2026-09-16T15:05:09.065+0000] {processor.py:161} INFO - Started process (PID=1845) to work on /opt/airflow/dags/youtube_extraction.py
[2026-09-16T15:05:09.067+0000] {processor.py:830} INFO - Processing file /opt/airflow/dags/youtube_extraction.py for tasks to queue
[2026-09-16T15:05:09.070+0000] {logging_mixin.py:188} INFO - [2026-09-16T15:05:09.070+0000] {dagbag.py:545} INFO - Filling up the DagBag from /opt/airflow/dags/youtube_extraction.py
[2026-09-16T15:05:09.090+0000] {processor.py:840} INFO - DAG(s) 'youtube_extraction' retrieved from /opt/airflow/dags/youtube_extraction.py
[2026-09-16T15:05:09.126+0000] {logging_mixin.py:188} INFO - [2026-09-16T15:05:09.126+0000] {dag.py:3096} INFO - Sync 1 DAGs
[2026-09-16T15:05:09.142+0000] {logging_mixin.py:188} INFO - [2026-09-16T15:05:09.142+0000] {dag.py:3954} INFO - Setting next_dagrun for youtube_extraction to None, run_after=None
[2026-09-16T15:05:09.181+0000] {processor.py:183} INFO - Processing /opt/airflow/dags/youtube_extraction.py took 0.123 seconds
[2026-09-16T15:05:39.255+0000] {processor.py:161} INFO - Started process (PID=1856) to work on /opt/airflow/dags/youtube_extraction.py
[2026-09-16T15:05:39.257+0000] {processor.py:830} INFO - Processing file /opt/airflow/dags/youtube_extraction.py for tasks to queue
[2026-09-16T15:05:39.260+0000] {logging_mixin.py:188} INFO - [2026-09-16T15:05:39.259+0000] {dagbag.py:545} INFO - Filling up the DagBag from /opt/airflow/dags/youtube_extraction.py
[2026-09-16T15:05:39.284+0000] {processor.py:840} INFO - DAG(s) 'youtube_extraction' retrieved from /opt/airflow/dags/youtube_extraction.py
[2026-09-16T15:05:39.329+0000] {logging_mixin.py:188} INFO - [2026-09-16T15:05:39.328+0000] {dag.py:3096} INFO - Sync 1 DAGs
[2026-09-16T15:05:39.362+0000] {logging_mixin.py:188} INFO - [2026-09-16T15:05:39.362+0000] {dag.py:3954} INFO - Setting next_dagrun for youtube_extraction to None, run_after=None
[2026-09-16T15:05:39.406+0000] {processor.py:183} INFO - Processing /opt/airflow/dags/youtube_extraction.py took 0.159 seconds
[2026-09-16T15:06:09.578+0000] {processor.py:161} INFO - Started process (PID=1868) to work on /opt/airflow/dags/youtube_extraction.py
[2026-09-16T15:06:09.580+0000] {processor.py:830} INFO - Processing file /opt/airflow/dags/youtube_extraction.py for tasks to queue
[2026-09-16T15:06:09.582+0000] {logging_mixin.py:188} INFO - [2026-09-16T15:06:09.582+0000] {dagbag.py:545} INFO - Filling up the DagBag from /opt/airflow/dags/youtube_extraction.py
[2026-09-16T15:06:09.601+0000] {processor.py:840} INFO - DAG(s) 'youtube_extraction' retrieved from /opt/airflow/dags/youtube_extraction.py
[2026-09-16T15:06:09.633+0000] {logging_mixin.py:188} INFO - [2026-09-16T15:06:09.632+0000] {dag.py:3096} INFO - Sync 1 DAGs
[2026-09-16T15:06:09.648+0000] {logging_mixin.py:188} INFO - [2026-09-16T15:06:09.648+0000] {dag.py:3954} INFO - Setting next_dagrun for youtube_extraction to None, run_after=None
[2026-09-16T15:06:09.680+0000] {processor.py:183} INFO - Processing /opt/airflow/dags/youtube_extraction.py took 0.112 seconds
[2026-09-16T15:06:39.781+0000] {processor.py:161} INFO - Started process (PID=1880) to work on /opt/airflow/dags/youtube_extraction.py
[2026-09-16T15:06:39.784+0000] {processor.py:830} INFO - Processing file /opt/airflow/dags/youtube_extraction.py for tasks to queue
[2026-09-16T15:06:39.786+0000] {logging_mixin.py:188} INFO - [2026-09-16T15:06:39.785+0000] {dagbag.py:545} INFO - Filling up the DagBag from /opt/airflow/dags/youtube_extraction.py
[2026-09-16T15:06:39.804+0000] {processor.py:840} INFO - DAG(s) 'youtube_extraction' retrieved from /opt/airflow/dags/youtube_extraction.py
[2026-09-16T15:06:39.850+0000] {logging_mixin.py:188} INFO - [2026-09-16T15:06:39.849+0000] {dag.py:3096} INFO - Sync 1 DAGs
[2026-09-16T15:06:39.868+0000] {logging_mixin.py:188} INFO - [2026-09-16T15:06:39.868+0000] {dag.py:3954} INFO - Setting next_dagrun for youtube_extraction to None, run_after=None
[2026-09-16T15:06:39.916+0000] {processor.py:183} INFO - Processing /opt/airflow/dags/youtube_extraction.py took 0.144 seconds
[2026-09-16T15:07:10.061+0000] {processor.py:161} INFO - Started process (PID=1891) to work on /opt/airflow/dags/youtube_extraction.py
[2026-09-16T15:07:10.064+0000] {processor.py:830} INFO - Processing file /opt/airflow/dags/youtube_extraction.py for tasks to queue
[2026-09-16T15:07:10.065+0000] {logging_mixin.py:188} INFO - [2026-09-16T15:07:10.065+0000] {dagbag.py:545} INFO - Filling up the DagBag from /opt/airflow/dags/youtube_extraction.py
[2026-09-16T15:07:10.088+0000] {processor.py:840} INFO - DAG(s) 'youtube_extraction' retrieved from /opt/airflow/dags/youtube_extraction.py
[2026-09-16T15:07:10.125+0000] {logging_mixin.py:188} INFO - [2026-09-16T15:07:10.124+0000] {dag.py:3096} INFO - Sync 1 DAGs
[2026-09-16T15:07:10.144+0000] {logging_mixin.py:188} INFO - [2026-09-16T15:07:10.144+0000] {dag.py:3954} INFO - Setting next_dagrun for youtube_extraction to None, run_after=None
[2026-09-16T15:07:10.181+0000] {processor.py:183} INFO - Processing /opt/airflow/dags/youtube_extraction.py took 0.127 seconds
[2026-09-16T15:07:40.302+0000] {processor.py:161} INFO - Started process (PID=1902) to work on /opt/airflow/dags/youtube_extraction.py
[2026-09-16T15:07:40.304+0000] {processor.py:830} INFO - Processing file /opt/airflow/dags/youtube_extraction.py for tasks to queue
[2026-09-16T15:07:40.306+0000] {logging_mixin.py:188} INFO - [2026-09-16T15:07:40.305+0000] {dagbag.py:545} INFO - Filling up the DagBag from /opt/airflow/dags/youtube_extraction.py
[2026-09-16T15:07:40.323+0000] {processor.py:840} INFO - DAG(s) 'youtube_extraction' retrieved from /opt/airflow/dags/youtube_extraction.py
[2026-09-16T15:07:40.387+0000] {logging_mixin.py:188} INFO - [2026-09-16T15:07:40.386+0000] {dag.py:3096} INFO - Sync 1 DAGs
[2026-09-16T15:07:40.424+0000] {logging_mixin.py:188} INFO - [2026-09-16T15:07:40.424+0000] {dag.py:3954} INFO - Setting next_dagrun for youtube_extraction to None, run_after=None
[2026-09-16T15:07:40.486+0000] {processor.py:183} INFO - Processing /opt/airflow/dags/youtube_extraction.py took 0.195 seconds
[2026-09-16T15:08:10.632+0000] {processor.py:161} INFO - Started process (PID=1913) to work on /opt/airflow/dags/youtube_extraction.py
[2026-09-16T15:08:10.637+0000] {processor.py:830} INFO - Processing file /opt/airflow/dags/youtube_extraction.py for tasks to queue
[2026-09-16T15:08:10.641+0000] {logging_mixin.py:188} INFO - [2026-09-16T15:08:10.640+0000] {dagbag.py:545} INFO - Filling up the DagBag from /opt/airflow/dags/youtube_extraction.py
[2026-09-16T15:08:10.682+0000] {processor.py:840} INFO - DAG(s) 'youtube_extraction' retrieved from /opt/airflow/dags/youtube_extraction.py
[2026-09-16T15:08:10.743+0000] {logging_mixin.py:188} INFO - [2026-09-16T15:08:10.739+0000] {dag.py:3096} INFO - Sync 1 DAGs
[2026-09-16T15:08:10.771+0000] {logging_mixin.py:188} INFO - [2026-09-16T15:08:10.771+0000] {dag.py:3954} INFO - Setting next_dagrun for youtube_extraction to None, run_after=None
[2026-09-16T15:08:10.818+0000] {processor.py:183} INFO - Processing /opt/airflow/dags/youtube_extraction.py took 0.204 seconds
[2026-09-16T15:08:40.887+0000] {processor.py:161} INFO - Started process (PID=1924) to work on /opt/airflow/dags/youtube_extraction.py
[2026-09-16T15:08:40.889+0000] {processor.py:830} INFO - Processing file /opt/airflow/dags/youtube_extraction.py for tasks to queue
[2026-09-16T15:08:40.892+0000] {logging_mixin.py:188} INFO - [2026-09-16T15:08:40.891+0000] {dagbag.py:545} INFO - Filling up the DagBag from /opt/airflow/dags/youtube_extraction.py
[2026-09-16T15:08:40.912+0000] {processor.py:840} INFO - DAG(s) 'youtube_extraction' retrieved from /opt/airflow/dags/youtube_extraction.py
[2026-09-16T15:08:40.948+0000] {logging_mixin.py:188} INFO - [2026-09-16T15:08:40.947+0000] {dag.py:3096} INFO - Sync 1 DAGs
[2026-09-16T15:08:40.964+0000] {logging_mixin.py:188} INFO - [2026-09-16T15:08:40.964+0000] {dag.py:3954} INFO - Setting next_dagrun for youtube_extraction to None, run_after=None
[2026-09-16T15:08:41.003+0000] {processor.py:183} INFO - Processing /opt/airflow/dags/youtube_extraction.py took 0.124 seconds
[2026-09-16T15:09:11.189+0000] {processor.py:161} INFO - Started process (PID=1936) to work on /opt/airflow/dags/youtube_extraction.py
[2026-09-16T15:09:11.192+0000] {processor.py:830} INFO - Processing file /opt/airflow/dags/youtube_extraction.py for tasks to queue
[2026-09-16T15:09:11.194+0000] {logging_mixin.py:188} INFO - [2026-09-16T15:09:11.193+0000] {dagbag.py:545} INFO - Filling up the DagBag from /opt/airflow/dags/youtube_extraction.py
[2026-09-16T15:09:11.213+0000] {processor.py:840} INFO - DAG(s) 'youtube_extraction' retrieved from /opt/airflow/dags/youtube_extraction.py
[2026-09-16T15:09:11.244+0000] {logging_mixin.py:188} INFO - [2026-09-16T15:09:11.244+0000] {dag.py:3096} INFO - Sync 1 DAGs
[2026-09-16T15:09:11.260+0000] {logging_mixin.py:188} INFO - [2026-09-16T15:09:11.260+0000] {dag.py:3954} INFO - Setting next_dagrun for youtube_extraction to None, run_after=None
[2026-09-16T15:09:11.295+0000] {processor.py:183} INFO - Processing /opt/airflow/dags/youtube_extraction.py took 0.114 seconds
[2026-09-16T15:09:41.389+0000] {processor.py:161} INFO - Started process (PID=1947) to work on /opt/airflow/dags/youtube_extraction.py
[2026-09-16T15:09:41.392+0000] {processor.py:830} INFO - Processing file /opt/airflow/dags/youtube_extraction.py for tasks to queue
[2026-09-16T15:09:41.394+0000] {logging_mixin.py:188} INFO - [2026-09-16T15:09:41.394+0000] {dagbag.py:545} INFO - Filling up the DagBag from /opt/airflow/dags/youtube_extraction.py
[2026-09-16T15:09:41.414+0000] {processor.py:840} INFO - DAG(s) 'youtube_extraction' retrieved from /opt/airflow/dags/youtube_extraction.py
[2026-09-16T15:09:41.450+0000] {logging_mixin.py:188} INFO - [2026-09-16T15:09:41.450+0000] {dag.py:3096} INFO - Sync 1 DAGs
[2026-09-16T15:09:41.469+0000] {logging_mixin.py:188} INFO - [2026-09-16T15:09:41.468+0000] {dag.py:3954} INFO - Setting next_dagrun for youtube_extraction to None, run_after=None
[2026-09-16T15:09:41.498+0000] {processor.py:183} INFO - Processing /opt/airflow/dags/youtube_extraction.py took 0.117 seconds
[2026-09-16T15:10:11.671+0000] {processor.py:161} INFO - Started process (PID=1958) to work on /opt/airflow/dags/youtube_extraction.py
[2026-09-16T15:10:11.674+0000] {processor.py:830} INFO - Processing file /opt/airflow/dags/youtube_extraction.py for tasks to queue
[2026-09-16T15:10:11.676+0000] {logging_mixin.py:188} INFO - [2026-09-16T15:10:11.675+0000] {dagbag.py:545} INFO - Filling up the DagBag from /opt/airflow/dags/youtube_extraction.py
[2026-09-16T15:10:11.695+0000] {processor.py:840} INFO - DAG(s) 'youtube_extraction' retrieved from /opt/airflow/dags/youtube_extraction.py
[2026-09-16T15:10:11.728+0000] {logging_mixin.py:188} INFO - [2026-09-16T15:10:11.728+0000] {dag.py:3096} INFO - Sync 1 DAGs
[2026-09-16T15:10:11.744+0000] {logging_mixin.py:188} INFO - [2026-09-16T15:10:11.743+0000] {dag.py:3954} INFO - Setting next_dagrun for youtube_extraction to None, run_after=None
[2026-09-16T15:10:11.774+0000] {processor.py:183} INFO - Processing /opt/airflow/dags/youtube_extraction.py took 0.113 seconds
[2026-09-16T15:10:41.853+0000] {processor.py:161} INFO - Started process (PID=1969) to work on /opt/airflow/dags/youtube_extraction.py
[2026-09-16T15:10:41.855+0000] {processor.py:830} INFO - Processing file /opt/airflow/dags/youtube_extraction.py for tasks to queue
[2026-09-16T15:10:41.858+0000] {logging_mixin.py:188} INFO - [2026-09-16T15:10:41.857+0000] {dagbag.py:545} INFO - Filling up the DagBag from /opt/airflow/dags/youtube_extraction.py
[2026-09-16T15:10:41.878+0000] {processor.py:840} INFO - DAG(s) 'youtube_extraction' retrieved from /opt/airflow/dags/youtube_extraction.py
[2026-09-16T15:10:41.912+0000] {logging_mixin.py:188} INFO - [2026-09-16T15:10:41.912+0000] {dag.py:3096} INFO - Sync 1 DAGs
[2026-09-16T15:10:41.939+0000] {logging_mixin.py:188} INFO - [2026-09-16T15:10:41.939+0000] {dag.py:3954} INFO - Setting next_dagrun for youtube_extraction to None, run_after=None
[2026-09-16T15:10:41.972+0000] {processor.py:183} INFO - Processing /opt/airflow/dags/youtube_extraction.py took 0.128 seconds
[2026-09-16T15:11:12.127+0000] {processor.py:161} INFO - Started process (PID=1980) to work on /opt/airflow/dags/youtube_extraction.py
[2026-09-16T15:11:12.129+0000] {processor.py:830} INFO - Processing file /opt/airflow/dags/youtube_extraction.py for tasks to queue
[2026-09-16T15:11:12.131+0000] {logging_mixin.py:188} INFO - [2026-09-16T15:11:12.131+0000] {dagbag.py:545} INFO - Filling up the DagBag from /opt/airflow/dags/youtube_extraction.py
[2026-09-16T15:11:12.152+0000] {processor.py:840} INFO - DAG(s) 'youtube_extraction' retrieved from /opt/airflow/dags/youtube_extraction.py
[2026-09-16T15:11:12.185+0000] {logging_mixin.py:188} INFO - [2026-09-16T15:11:12.185+0000] {dag.py:3096} INFO - Sync 1 DAGs
[2026-09-16T15:11:12.202+0000] {logging_mixin.py:188} INFO - [2026-09-16T15:11:12.202+0000] {dag.py:3954} INFO - Setting next_dagrun for youtube_extraction to None, run_after=None
[2026-09-16T15:11:12.235+0000] {processor.py:183} INFO - Processing /opt/airflow/dags/youtube_extraction.py took 0.115 seconds
[2026-09-16T15:11:42.328+0000] {processor.py:161} INFO - Started process (PID=1991) to work on /opt/airflow/dags/youtube_extraction.py
[2026-09-16T15:11:42.330+0000] {processor.py:830} INFO - Processing file /opt/airflow/dags/youtube_extraction.py for tasks to queue
[2026-09-16T15:11:42.333+0000] {logging_mixin.py:188} INFO - [2026-09-16T15:11:42.333+0000] {dagbag.py:545} INFO - Filling up the DagBag from /opt/airflow/dags/youtube_extraction.py
[2026-09-16T15:11:42.362+0000] {processor.py:840} INFO - DAG(s) 'youtube_extraction' retrieved from /opt/airflow/dags/youtube_extraction.py
[2026-09-16T15:11:42.399+0000] {logging_mixin.py:188} INFO - [2026-09-16T15:11:42.398+0000] {dag.py:3096} INFO - Sync 1 DAGs
[2026-09-16T15:11:42.414+0000] {logging_mixin.py:188} INFO - [2026-09-16T15:11:42.414+0000] {dag.py:3954} INFO - Setting next_dagrun for youtube_extraction to None, run_after=None
[2026-09-16T15:11:42.445+0000] {processor.py:183} INFO - Processing /opt/airflow/dags/youtube_extraction.py took 0.125 seconds
[2026-09-16T15:12:12.629+0000] {processor.py:161} INFO - Started process (PID=2002) to work on /opt/airflow/dags/youtube_extraction.py
[2026-09-16T15:12:12.632+0000] {processor.py:830} INFO - Processing file /opt/airflow/dags/youtube_extraction.py for tasks to queue
[2026-09-16T15:12:12.636+0000] {logging_mixin.py:188} INFO - [2026-09-16T15:12:12.635+0000] {dagbag.py:545} INFO - Filling up the DagBag from /opt/airflow/dags/youtube_extraction.py
[2026-09-16T15:12:12.673+0000] {processor.py:840} INFO - DAG(s) 'youtube_extraction' retrieved from /opt/airflow/dags/youtube_extraction.py
[2026-09-16T15:12:12.750+0000] {logging_mixin.py:188} INFO - [2026-09-16T15:12:12.749+0000] {dag.py:3096} INFO - Sync 1 DAGs
[2026-09-16T15:12:12.777+0000] {logging_mixin.py:188} INFO - [2026-09-16T15:12:12.777+0000] {dag.py:3954} INFO - Setting next_dagrun for youtube_extraction to None, run_after=None
[2026-09-16T15:12:12.811+0000] {processor.py:183} INFO - Processing /opt/airflow/dags/youtube_extraction.py took 0.196 seconds
[2026-09-16T15:12:43.001+0000] {processor.py:161} INFO - Started process (PID=2024) to work on /opt/airflow/dags/youtube_extraction.py
[2026-09-16T15:12:43.004+0000] {processor.py:830} INFO - Processing file /opt/airflow/dags/youtube_extraction.py for tasks to queue
[2026-09-16T15:12:43.008+0000] {logging_mixin.py:188} INFO - [2026-09-16T15:12:43.007+0000] {dagbag.py:545} INFO - Filling up the DagBag from /opt/airflow/dags/youtube_extraction.py
[2026-09-16T15:12:43.029+0000] {processor.py:840} INFO - DAG(s) 'youtube_extraction' retrieved from /opt/airflow/dags/youtube_extraction.py
[2026-09-16T15:12:43.070+0000] {logging_mixin.py:188} INFO - [2026-09-16T15:12:43.070+0000] {dag.py:3096} INFO - Sync 1 DAGs
[2026-09-16T15:12:43.087+0000] {logging_mixin.py:188} INFO - [2026-09-16T15:12:43.087+0000] {dag.py:3954} INFO - Setting next_dagrun for youtube_extraction to None, run_after=None
[2026-09-16T15:12:43.110+0000] {processor.py:183} INFO - Processing /opt/airflow/dags/youtube_extraction.py took 0.115 seconds
[2026-09-16T15:13:13.226+0000] {processor.py:161} INFO - Started process (PID=2037) to work on /opt/airflow/dags/youtube_extraction.py
[2026-09-16T15:13:13.229+0000] {processor.py:830} INFO - Processing file /opt/airflow/dags/youtube_extraction.py for tasks to queue
[2026-09-16T15:13:13.231+0000] {logging_mixin.py:188} INFO - [2026-09-16T15:13:13.230+0000] {dagbag.py:545} INFO - Filling up the DagBag from /opt/airflow/dags/youtube_extraction.py
[2026-09-16T15:13:13.249+0000] {processor.py:840} INFO - DAG(s) 'youtube_extraction' retrieved from /opt/airflow/dags/youtube_extraction.py
[2026-09-16T15:13:13.283+0000] {logging_mixin.py:188} INFO - [2026-09-16T15:13:13.282+0000] {dag.py:3096} INFO - Sync 1 DAGs
[2026-09-16T15:13:13.299+0000] {logging_mixin.py:188} INFO - [2026-09-16T15:13:13.298+0000] {dag.py:3954} INFO - Setting next_dagrun for youtube_extraction to None, run_after=None
[2026-09-16T15:13:13.334+0000] {processor.py:183} INFO - Processing /opt/airflow/dags/youtube_extraction.py took 0.115 seconds
[2026-09-16T15:13:43.499+0000] {processor.py:161} INFO - Started process (PID=2050) to work on /opt/airflow/dags/youtube_extraction.py
[2026-09-16T15:13:43.502+0000] {processor.py:830} INFO - Processing file /opt/airflow/dags/youtube_extraction.py for tasks to queue
[2026-09-16T15:13:43.505+0000] {logging_mixin.py:188} INFO - [2026-09-16T15:13:43.504+0000] {dagbag.py:545} INFO - Filling up the DagBag from /opt/airflow/dags/youtube_extraction.py
[2026-09-16T15:13:43.534+0000] {processor.py:840} INFO - DAG(s) 'youtube_extraction' retrieved from /opt/airflow/dags/youtube_extraction.py
[2026-09-16T15:13:43.596+0000] {logging_mixin.py:188} INFO - [2026-09-16T15:13:43.596+0000] {dag.py:3096} INFO - Sync 1 DAGs
[2026-09-16T15:13:43.623+0000] {logging_mixin.py:188} INFO - [2026-09-16T15:13:43.622+0000] {dag.py:3954} INFO - Setting next_dagrun for youtube_extraction to None, run_after=None
[2026-09-16T15:13:43.662+0000] {processor.py:183} INFO - Processing /opt/airflow/dags/youtube_extraction.py took 0.181 seconds
[2026-09-16T15:14:13.865+0000] {processor.py:161} INFO - Started process (PID=2061) to work on /opt/airflow/dags/youtube_extraction.py
[2026-09-16T15:14:13.868+0000] {processor.py:830} INFO - Processing file /opt/airflow/dags/youtube_extraction.py for tasks to queue
[2026-09-16T15:14:13.870+0000] {logging_mixin.py:188} INFO - [2026-09-16T15:14:13.870+0000] {dagbag.py:545} INFO - Filling up the DagBag from /opt/airflow/dags/youtube_extraction.py
[2026-09-16T15:14:13.891+0000] {processor.py:840} INFO - DAG(s) 'youtube_extraction' retrieved from /opt/airflow/dags/youtube_extraction.py
[2026-09-16T15:14:13.927+0000] {logging_mixin.py:188} INFO - [2026-09-16T15:14:13.926+0000] {dag.py:3096} INFO - Sync 1 DAGs
[2026-09-16T15:14:13.943+0000] {logging_mixin.py:188} INFO - [2026-09-16T15:14:13.943+0000] {dag.py:3954} INFO - Setting next_dagrun for youtube_extraction to None, run_after=None
[2026-09-16T15:14:13.977+0000] {processor.py:183} INFO - Processing /opt/airflow/dags/youtube_extraction.py took 0.121 seconds
[2026-09-16T15:14:44.036+0000] {processor.py:161} INFO - Started process (PID=2072) to work on /opt/airflow/dags/youtube_extraction.py
[2026-09-16T15:14:44.039+0000] {processor.py:830} INFO - Processing file /opt/airflow/dags/youtube_extraction.py for tasks to queue
[2026-09-16T15:14:44.041+0000] {logging_mixin.py:188} INFO - [2026-09-16T15:14:44.040+0000] {dagbag.py:545} INFO - Filling up the DagBag from /opt/airflow/dags/youtube_extraction.py
[2026-09-16T15:14:44.060+0000] {processor.py:840} INFO - DAG(s) 'youtube_extraction' retrieved from /opt/airflow/dags/youtube_extraction.py
[2026-09-16T15:14:44.097+0000] {logging_mixin.py:188} INFO - [2026-09-16T15:14:44.096+0000] {dag.py:3096} INFO - Sync 1 DAGs
[2026-09-16T15:14:44.113+0000] {logging_mixin.py:188} INFO - [2026-09-16T15:14:44.112+0000] {dag.py:3954} INFO - Setting next_dagrun for youtube_extraction to None, run_after=None
[2026-09-16T15:14:44.148+0000] {processor.py:183} INFO - Processing /opt/airflow/dags/youtube_extraction.py took 0.123 seconds
[2026-09-16T15:15:14.354+0000] {processor.py:161} INFO - Started process (PID=2083) to work on /opt/airflow/dags/youtube_extraction.py
[2026-09-16T15:15:14.357+0000] {processor.py:830} INFO - Processing file /opt/airflow/dags/youtube_extraction.py for tasks to queue
[2026-09-16T15:15:14.360+0000] {logging_mixin.py:188} INFO - [2026-09-16T15:15:14.359+0000] {dagbag.py:545} INFO - Filling up the DagBag from /opt/airflow/dags/youtube_extraction.py
[2026-09-16T15:15:14.379+0000] {processor.py:840} INFO - DAG(s) 'youtube_extraction' retrieved from /opt/airflow/dags/youtube_extraction.py
[2026-09-16T15:15:14.412+0000] {logging_mixin.py:188} INFO - [2026-09-16T15:15:14.412+0000] {dag.py:3096} INFO - Sync 1 DAGs
[2026-09-16T15:15:14.429+0000] {logging_mixin.py:188} INFO - [2026-09-16T15:15:14.429+0000] {dag.py:3954} INFO - Setting next_dagrun for youtube_extraction to None, run_after=None
[2026-09-16T15:15:14.468+0000] {processor.py:183} INFO - Processing /opt/airflow/dags/youtube_extraction.py took 0.120 seconds
[2026-09-16T15:15:44.542+0000] {processor.py:161} INFO - Started process (PID=2094) to work on /opt/airflow/dags/youtube_extraction.py
[2026-09-16T15:15:44.545+0000] {processor.py:830} INFO - Processing file /opt/airflow/dags/youtube_extraction.py for tasks to queue
[2026-09-16T15:15:44.547+0000] {logging_mixin.py:188} INFO - [2026-09-16T15:15:44.546+0000] {dagbag.py:545} INFO - Filling up the DagBag from /opt/airflow/dags/youtube_extraction.py
[2026-09-16T15:15:44.565+0000] {processor.py:840} INFO - DAG(s) 'youtube_extraction' retrieved from /opt/airflow/dags/youtube_extraction.py
[2026-09-16T15:15:44.599+0000] {logging_mixin.py:188} INFO - [2026-09-16T15:15:44.598+0000] {dag.py:3096} INFO - Sync 1 DAGs
[2026-09-16T15:15:44.615+0000] {logging_mixin.py:188} INFO - [2026-09-16T15:15:44.614+0000] {dag.py:3954} INFO - Setting next_dagrun for youtube_extraction to None, run_after=None
[2026-09-16T15:15:44.651+0000] {processor.py:183} INFO - Processing /opt/airflow/dags/youtube_extraction.py took 0.117 seconds
[2026-09-16T15:16:14.865+0000] {processor.py:161} INFO - Started process (PID=2105) to work on /opt/airflow/dags/youtube_extraction.py
[2026-09-16T15:16:14.867+0000] {processor.py:830} INFO - Processing file /opt/airflow/dags/youtube_extraction.py for tasks to queue
[2026-09-16T15:16:14.869+0000] {logging_mixin.py:188} INFO - [2026-09-16T15:16:14.868+0000] {dagbag.py:545} INFO - Filling up the DagBag from /opt/airflow/dags/youtube_extraction.py
[2026-09-16T15:16:14.891+0000] {processor.py:840} INFO - DAG(s) 'youtube_extraction' retrieved from /opt/airflow/dags/youtube_extraction.py
[2026-09-16T15:16:14.936+0000] {logging_mixin.py:188} INFO - [2026-09-16T15:16:14.936+0000] {dag.py:3096} INFO - Sync 1 DAGs
[2026-09-16T15:16:14.955+0000] {logging_mixin.py:188} INFO - [2026-09-16T15:16:14.954+0000] {dag.py:3954} INFO - Setting next_dagrun for youtube_extraction to None, run_after=None
[2026-09-16T15:16:14.995+0000] {processor.py:183} INFO - Processing /opt/airflow/dags/youtube_extraction.py took 0.140 seconds
[2026-09-16T15:16:45.051+0000] {processor.py:161} INFO - Started process (PID=2116) to work on /opt/airflow/dags/youtube_extraction.py
[2026-09-16T15:16:45.054+0000] {processor.py:830} INFO - Processing file /opt/airflow/dags/youtube_extraction.py for tasks to queue
[2026-09-16T15:16:45.056+0000] {logging_mixin.py:188} INFO - [2026-09-16T15:16:45.055+0000] {dagbag.py:545} INFO - Filling up the DagBag from /opt/airflow/dags/youtube_extraction.py
[2026-09-16T15:16:45.074+0000] {processor.py:840} INFO - DAG(s) 'youtube_extraction' retrieved from /opt/airflow/dags/youtube_extraction.py
[2026-09-16T15:16:45.107+0000] {logging_mixin.py:188} INFO - [2026-09-16T15:16:45.106+0000] {dag.py:3096} INFO - Sync 1 DAGs
[2026-09-16T15:16:45.123+0000] {logging_mixin.py:188} INFO - [2026-09-16T15:16:45.123+0000] {dag.py:3954} INFO - Setting next_dagrun for youtube_extraction to None, run_after=None
[2026-09-16T15:16:45.158+0000] {processor.py:183} INFO - Processing /opt/airflow/dags/youtube_extraction.py took 0.115 seconds
[2026-09-16T15:17:15.366+0000] {processor.py:161} INFO - Started process (PID=2127) to work on /opt/airflow/dags/youtube_extraction.py
[2026-09-16T15:17:15.368+0000] {processor.py:830} INFO - Processing file /opt/airflow/dags/youtube_extraction.py for tasks to queue
[2026-09-16T15:17:15.370+0000] {logging_mixin.py:188} INFO - [2026-09-16T15:17:15.370+0000] {dagbag.py:545} INFO - Filling up the DagBag from /opt/airflow/dags/youtube_extraction.py
[2026-09-16T15:17:15.390+0000] {processor.py:840} INFO - DAG(s) 'youtube_extraction' retrieved from /opt/airflow/dags/youtube_extraction.py
[2026-09-16T15:17:15.423+0000] {logging_mixin.py:188} INFO - [2026-09-16T15:17:15.423+0000] {dag.py:3096} INFO - Sync 1 DAGs
[2026-09-16T15:17:15.438+0000] {logging_mixin.py:188} INFO - [2026-09-16T15:17:15.438+0000] {dag.py:3954} INFO - Setting next_dagrun for youtube_extraction to None, run_after=None
[2026-09-16T15:17:15.471+0000] {processor.py:183} INFO - Processing /opt/airflow/dags/youtube_extraction.py took 0.112 seconds
[2026-09-16T15:17:45.534+0000] {processor.py:161} INFO - Started process (PID=2138) to work on /opt/airflow/dags/youtube_extraction.py
[2026-09-16T15:17:45.537+0000] {processor.py:830} INFO - Processing file /opt/airflow/dags/youtube_extraction.py for tasks to queue
[2026-09-16T15:17:45.538+0000] {logging_mixin.py:188} INFO - [2026-09-16T15:17:45.538+0000] {dagbag.py:545} INFO - Filling up the DagBag from /opt/airflow/dags/youtube_extraction.py
[2026-09-16T15:17:45.556+0000] {processor.py:840} INFO - DAG(s) 'youtube_extraction' retrieved from /opt/airflow/dags/youtube_extraction.py
[2026-09-16T15:17:45.589+0000] {logging_mixin.py:188} INFO - [2026-09-16T15:17:45.589+0000] {dag.py:3096} INFO - Sync 1 DAGs
[2026-09-16T15:17:45.604+0000] {logging_mixin.py:188} INFO - [2026-09-16T15:17:45.604+0000] {dag.py:3954} INFO - Setting next_dagrun for youtube_extraction to None, run_after=None
[2026-09-16T15:17:45.637+0000] {processor.py:183} INFO - Processing /opt/airflow/dags/youtube_extraction.py took 0.110 seconds
[2026-09-16T15:18:15.858+0000] {processor.py:161} INFO - Started process (PID=2149) to work on /opt/airflow/dags/youtube_extraction.py
[2026-09-16T15:18:15.862+0000] {processor.py:830} INFO - Processing file /opt/airflow/dags/youtube_extraction.py for tasks to queue
[2026-09-16T15:18:15.864+0000] {logging_mixin.py:188} INFO - [2026-09-16T15:18:15.864+0000] {dagbag.py:545} INFO - Filling up the DagBag from /opt/airflow/dags/youtube_extraction.py
[2026-09-16T15:18:15.889+0000] {processor.py:840} INFO - DAG(s) 'youtube_extraction' retrieved from /opt/airflow/dags/youtube_extraction.py
[2026-09-16T15:18:15.933+0000] {logging_mixin.py:188} INFO - [2026-09-16T15:18:15.932+0000] {dag.py:3096} INFO - Sync 1 DAGs
[2026-09-16T15:18:15.956+0000] {logging_mixin.py:188} INFO - [2026-09-16T15:18:15.955+0000] {dag.py:3954} INFO - Setting next_dagrun for youtube_extraction to None, run_after=None
[2026-09-16T15:18:15.998+0000] {processor.py:183} INFO - Processing /opt/airflow/dags/youtube_extraction.py took 0.147 seconds
[2026-09-16T15:18:46.196+0000] {processor.py:161} INFO - Started process (PID=2160) to work on /opt/airflow/dags/youtube_extraction.py
[2026-09-16T15:18:46.198+0000] {processor.py:830} INFO - Processing file /opt/airflow/dags/youtube_extraction.py for tasks to queue
[2026-09-16T15:18:46.200+0000] {logging_mixin.py:188} INFO - [2026-09-16T15:18:46.199+0000] {dagbag.py:545} INFO - Filling up the DagBag from /opt/airflow/dags/youtube_extraction.py
[2026-09-16T15:18:46.223+0000] {processor.py:840} INFO - DAG(s) 'youtube_extraction' retrieved from /opt/airflow/dags/youtube_extraction.py
[2026-09-16T15:18:46.263+0000] {logging_mixin.py:188} INFO - [2026-09-16T15:18:46.263+0000] {dag.py:3096} INFO - Sync 1 DAGs
[2026-09-16T15:18:46.280+0000] {logging_mixin.py:188} INFO - [2026-09-16T15:18:46.279+0000] {dag.py:3954} INFO - Setting next_dagrun for youtube_extraction to None, run_after=None
[2026-09-16T15:18:46.316+0000] {processor.py:183} INFO - Processing /opt/airflow/dags/youtube_extraction.py took 0.128 seconds
[2026-09-16T15:19:16.371+0000] {processor.py:161} INFO - Started process (PID=2171) to work on /opt/airflow/dags/youtube_extraction.py
[2026-09-16T15:19:16.373+0000] {processor.py:830} INFO - Processing file /opt/airflow/dags/youtube_extraction.py for tasks to queue
[2026-09-16T15:19:16.375+0000] {logging_mixin.py:188} INFO - [2026-09-16T15:19:16.375+0000] {dagbag.py:545} INFO - Filling up the DagBag from /opt/airflow/dags/youtube_extraction.py
[2026-09-16T15:19:16.398+0000] {processor.py:840} INFO - DAG(s) 'youtube_extraction' retrieved from /opt/airflow/dags/youtube_extraction.py
[2026-09-16T15:19:16.439+0000] {logging_mixin.py:188} INFO - [2026-09-16T15:19:16.439+0000] {dag.py:3096} INFO - Sync 1 DAGs
[2026-09-16T15:19:16.460+0000] {logging_mixin.py:188} INFO - [2026-09-16T15:19:16.459+0000] {dag.py:3954} INFO - Setting next_dagrun for youtube_extraction to None, run_after=None
[2026-09-16T15:19:16.494+0000] {processor.py:183} INFO - Processing /opt/airflow/dags/youtube_extraction.py took 0.132 seconds
[2026-09-16T15:19:46.672+0000] {processor.py:161} INFO - Started process (PID=2182) to work on /opt/airflow/dags/youtube_extraction.py
[2026-09-16T15:19:46.675+0000] {processor.py:830} INFO - Processing file /opt/airflow/dags/youtube_extraction.py for tasks to queue
[2026-09-16T15:19:46.680+0000] {logging_mixin.py:188} INFO - [2026-09-16T15:19:46.678+0000] {dagbag.py:545} INFO - Filling up the DagBag from /opt/airflow/dags/youtube_extraction.py
[2026-09-16T15:19:46.716+0000] {processor.py:840} INFO - DAG(s) 'youtube_extraction' retrieved from /opt/airflow/dags/youtube_extraction.py
[2026-09-16T15:19:46.753+0000] {logging_mixin.py:188} INFO - [2026-09-16T15:19:46.753+0000] {dag.py:3096} INFO - Sync 1 DAGs
[2026-09-16T15:19:46.768+0000] {logging_mixin.py:188} INFO - [2026-09-16T15:19:46.768+0000] {dag.py:3954} INFO - Setting next_dagrun for youtube_extraction to None, run_after=None
[2026-09-16T15:19:46.800+0000] {processor.py:183} INFO - Processing /opt/airflow/dags/youtube_extraction.py took 0.138 seconds
[2026-09-16T15:20:16.863+0000] {processor.py:161} INFO - Started process (PID=2193) to work on /opt/airflow/dags/youtube_extraction.py
[2026-09-16T15:20:16.866+0000] {processor.py:830} INFO - Processing file /opt/airflow/dags/youtube_extraction.py for tasks to queue
[2026-09-16T15:20:16.868+0000] {logging_mixin.py:188} INFO - [2026-09-16T15:20:16.867+0000] {dagbag.py:545} INFO - Filling up the DagBag from /opt/airflow/dags/youtube_extraction.py
[2026-09-16T15:20:16.885+0000] {processor.py:840} INFO - DAG(s) 'youtube_extraction' retrieved from /opt/airflow/dags/youtube_extraction.py
[2026-09-16T15:20:16.918+0000] {logging_mixin.py:188} INFO - [2026-09-16T15:20:16.918+0000] {dag.py:3096} INFO - Sync 1 DAGs
[2026-09-16T15:20:16.934+0000] {logging_mixin.py:188} INFO - [2026-09-16T15:20:16.934+0000] {dag.py:3954} INFO - Setting next_dagrun for youtube_extraction to None, run_after=None
[2026-09-16T15:20:16.965+0000] {processor.py:183} INFO - Processing /opt/airflow/dags/youtube_extraction.py took 0.110 seconds
[2026-09-16T15:20:47.176+0000] {processor.py:161} INFO - Started process (PID=2204) to work on /opt/airflow/dags/youtube_extraction.py
[2026-09-16T15:20:47.178+0000] {processor.py:830} INFO - Processing file /opt/airflow/dags/youtube_extraction.py for tasks to queue
[2026-09-16T15:20:47.181+0000] {logging_mixin.py:188} INFO - [2026-09-16T15:20:47.180+0000] {dagbag.py:545} INFO - Filling up the DagBag from /opt/airflow/dags/youtube_extraction.py
[2026-09-16T15:20:47.200+0000] {processor.py:840} INFO - DAG(s) 'youtube_extraction' retrieved from /opt/airflow/dags/youtube_extraction.py
[2026-09-16T15:20:47.230+0000] {logging_mixin.py:188} INFO - [2026-09-16T15:20:47.230+0000] {dag.py:3096} INFO - Sync 1 DAGs
[2026-09-16T15:20:47.245+0000] {logging_mixin.py:188} INFO - [2026-09-16T15:20:47.245+0000] {dag.py:3954} INFO - Setting next_dagrun for youtube_extraction to None, run_after=None
[2026-09-16T15:20:47.269+0000] {processor.py:183} INFO - Processing /opt/airflow/dags/youtube_extraction.py took 0.101 seconds
[2026-09-16T15:21:17.360+0000] {processor.py:161} INFO - Started process (PID=2215) to work on /opt/airflow/dags/youtube_extraction.py
[2026-09-16T15:21:17.363+0000] {processor.py:830} INFO - Processing file /opt/airflow/dags/youtube_extraction.py for tasks to queue
[2026-09-16T15:21:17.365+0000] {logging_mixin.py:188} INFO - [2026-09-16T15:21:17.365+0000] {dagbag.py:545} INFO - Filling up the DagBag from /opt/airflow/dags/youtube_extraction.py
[2026-09-16T15:21:17.384+0000] {processor.py:840} INFO - DAG(s) 'youtube_extraction' retrieved from /opt/airflow/dags/youtube_extraction.py
[2026-09-16T15:21:17.416+0000] {logging_mixin.py:188} INFO - [2026-09-16T15:21:17.416+0000] {dag.py:3096} INFO - Sync 1 DAGs
[2026-09-16T15:21:17.432+0000] {logging_mixin.py:188} INFO - [2026-09-16T15:21:17.431+0000] {dag.py:3954} INFO - Setting next_dagrun for youtube_extraction to None, run_after=None
[2026-09-16T15:21:17.465+0000] {processor.py:183} INFO - Processing /opt/airflow/dags/youtube_extraction.py took 0.111 seconds
[2026-09-16T15:21:47.625+0000] {processor.py:161} INFO - Started process (PID=2226) to work on /opt/airflow/dags/youtube_extraction.py
[2026-09-16T15:21:47.627+0000] {processor.py:830} INFO - Processing file /opt/airflow/dags/youtube_extraction.py for tasks to queue
[2026-09-16T15:21:47.630+0000] {logging_mixin.py:188} INFO - [2026-09-16T15:21:47.630+0000] {dagbag.py:545} INFO - Filling up the DagBag from /opt/airflow/dags/youtube_extraction.py
[2026-09-16T15:21:47.652+0000] {processor.py:840} INFO - DAG(s) 'youtube_extraction' retrieved from /opt/airflow/dags/youtube_extraction.py
[2026-09-16T15:21:47.688+0000] {logging_mixin.py:188} INFO - [2026-09-16T15:21:47.688+0000] {dag.py:3096} INFO - Sync 1 DAGs
[2026-09-16T15:21:47.704+0000] {logging_mixin.py:188} INFO - [2026-09-16T15:21:47.704+0000] {dag.py:3954} INFO - Setting next_dagrun for youtube_extraction to None, run_after=None
[2026-09-16T15:21:47.740+0000] {processor.py:183} INFO - Processing /opt/airflow/dags/youtube_extraction.py took 0.124 seconds
[2026-09-16T15:22:17.892+0000] {processor.py:161} INFO - Started process (PID=2237) to work on /opt/airflow/dags/youtube_extraction.py
[2026-09-16T15:22:17.897+0000] {processor.py:830} INFO - Processing file /opt/airflow/dags/youtube_extraction.py for tasks to queue
[2026-09-16T15:22:17.900+0000] {logging_mixin.py:188} INFO - [2026-09-16T15:22:17.899+0000] {dagbag.py:545} INFO - Filling up the DagBag from /opt/airflow/dags/youtube_extraction.py
[2026-09-16T15:22:17.923+0000] {processor.py:840} INFO - DAG(s) 'youtube_extraction' retrieved from /opt/airflow/dags/youtube_extraction.py
[2026-09-16T15:22:17.975+0000] {logging_mixin.py:188} INFO - [2026-09-16T15:22:17.974+0000] {dag.py:3096} INFO - Sync 1 DAGs
[2026-09-16T15:22:17.996+0000] {logging_mixin.py:188} INFO - [2026-09-16T15:22:17.996+0000] {dag.py:3954} INFO - Setting next_dagrun for youtube_extraction to None, run_after=None
[2026-09-16T15:22:18.041+0000] {processor.py:183} INFO - Processing /opt/airflow/dags/youtube_extraction.py took 0.168 seconds
[2026-09-16T15:22:48.130+0000] {processor.py:161} INFO - Started process (PID=2255) to work on /opt/airflow/dags/youtube_extraction.py
[2026-09-16T15:22:48.133+0000] {processor.py:830} INFO - Processing file /opt/airflow/dags/youtube_extraction.py for tasks to queue
[2026-09-16T15:22:48.135+0000] {logging_mixin.py:188} INFO - [2026-09-16T15:22:48.134+0000] {dagbag.py:545} INFO - Filling up the DagBag from /opt/airflow/dags/youtube_extraction.py
[2026-09-16T15:22:48.158+0000] {processor.py:840} INFO - DAG(s) 'youtube_extraction' retrieved from /opt/airflow/dags/youtube_extraction.py
[2026-09-16T15:22:48.195+0000] {logging_mixin.py:188} INFO - [2026-09-16T15:22:48.194+0000] {dag.py:3096} INFO - Sync 1 DAGs
[2026-09-16T15:22:48.214+0000] {logging_mixin.py:188} INFO - [2026-09-16T15:22:48.213+0000] {dag.py:3954} INFO - Setting next_dagrun for youtube_extraction to None, run_after=None
[2026-09-16T15:22:48.247+0000] {processor.py:183} INFO - Processing /opt/airflow/dags/youtube_extraction.py took 0.129 seconds
[2026-09-16T15:23:18.494+0000] {processor.py:161} INFO - Started process (PID=2267) to work on /opt/airflow/dags/youtube_extraction.py
[2026-09-16T15:23:18.498+0000] {processor.py:830} INFO - Processing file /opt/airflow/dags/youtube_extraction.py for tasks to queue
[2026-09-16T15:23:18.502+0000] {logging_mixin.py:188} INFO - [2026-09-16T15:23:18.501+0000] {dagbag.py:545} INFO - Filling up the DagBag from /opt/airflow/dags/youtube_extraction.py
[2026-09-16T15:23:18.526+0000] {processor.py:840} INFO - DAG(s) 'youtube_extraction' retrieved from /opt/airflow/dags/youtube_extraction.py
[2026-09-16T15:23:18.558+0000] {logging_mixin.py:188} INFO - [2026-09-16T15:23:18.557+0000] {dag.py:3096} INFO - Sync 1 DAGs
[2026-09-16T15:23:18.573+0000] {logging_mixin.py:188} INFO - [2026-09-16T15:23:18.572+0000] {dag.py:3954} INFO - Setting next_dagrun for youtube_extraction to None, run_after=None
[2026-09-16T15:23:18.607+0000] {processor.py:183} INFO - Processing /opt/airflow/dags/youtube_extraction.py took 0.125 seconds
[2026-09-16T15:23:48.667+0000] {processor.py:161} INFO - Started process (PID=2278) to work on /opt/airflow/dags/youtube_extraction.py
[2026-09-16T15:23:48.669+0000] {processor.py:830} INFO - Processing file /opt/airflow/dags/youtube_extraction.py for tasks to queue
[2026-09-16T15:23:48.671+0000] {logging_mixin.py:188} INFO - [2026-09-16T15:23:48.670+0000] {dagbag.py:545} INFO - Filling up the DagBag from /opt/airflow/dags/youtube_extraction.py
[2026-09-16T15:23:48.692+0000] {processor.py:840} INFO - DAG(s) 'youtube_extraction' retrieved from /opt/airflow/dags/youtube_extraction.py
[2026-09-16T15:23:48.726+0000] {logging_mixin.py:188} INFO - [2026-09-16T15:23:48.726+0000] {dag.py:3096} INFO - Sync 1 DAGs
[2026-09-16T15:23:48.742+0000] {logging_mixin.py:188} INFO - [2026-09-16T15:23:48.742+0000] {dag.py:3954} INFO - Setting next_dagrun for youtube_extraction to None, run_after=None
[2026-09-16T15:23:48.774+0000] {processor.py:183} INFO - Processing /opt/airflow/dags/youtube_extraction.py took 0.117 seconds
[2026-09-16T15:24:19.013+0000] {processor.py:161} INFO - Started process (PID=2289) to work on /opt/airflow/dags/youtube_extraction.py
[2026-09-16T15:24:19.017+0000] {processor.py:830} INFO - Processing file /opt/airflow/dags/youtube_extraction.py for tasks to queue
[2026-09-16T15:24:19.019+0000] {logging_mixin.py:188} INFO - [2026-09-16T15:24:19.019+0000] {dagbag.py:545} INFO - Filling up the DagBag from /opt/airflow/dags/youtube_extraction.py
[2026-09-16T15:24:19.062+0000] {processor.py:840} INFO - DAG(s) 'youtube_extraction' retrieved from /opt/airflow/dags/youtube_extraction.py
[2026-09-16T15:24:19.172+0000] {logging_mixin.py:188} INFO - [2026-09-16T15:24:19.171+0000] {dag.py:3096} INFO - Sync 1 DAGs
[2026-09-16T15:24:19.212+0000] {logging_mixin.py:188} INFO - [2026-09-16T15:24:19.211+0000] {dag.py:3954} INFO - Setting next_dagrun for youtube_extraction to None, run_after=None
[2026-09-16T15:24:19.265+0000] {processor.py:183} INFO - Processing /opt/airflow/dags/youtube_extraction.py took 0.271 seconds
[2026-09-16T15:24:49.494+0000] {processor.py:161} INFO - Started process (PID=2306) to work on /opt/airflow/dags/youtube_extraction.py
[2026-09-16T15:24:49.497+0000] {processor.py:830} INFO - Processing file /opt/airflow/dags/youtube_extraction.py for tasks to queue
[2026-09-16T15:24:49.499+0000] {logging_mixin.py:188} INFO - [2026-09-16T15:24:49.498+0000] {dagbag.py:545} INFO - Filling up the DagBag from /opt/airflow/dags/youtube_extraction.py
[2026-09-16T15:24:49.520+0000] {processor.py:840} INFO - DAG(s) 'youtube_extraction' retrieved from /opt/airflow/dags/youtube_extraction.py
[2026-09-16T15:24:49.555+0000] {logging_mixin.py:188} INFO - [2026-09-16T15:24:49.555+0000] {dag.py:3096} INFO - Sync 1 DAGs
[2026-09-16T15:24:49.573+0000] {logging_mixin.py:188} INFO - [2026-09-16T15:24:49.572+0000] {dag.py:3954} INFO - Setting next_dagrun for youtube_extraction to None, run_after=None
[2026-09-16T15:24:49.605+0000] {processor.py:183} INFO - Processing /opt/airflow/dags/youtube_extraction.py took 0.120 seconds
[2026-09-16T15:25:19.700+0000] {processor.py:161} INFO - Started process (PID=2318) to work on /opt/airflow/dags/youtube_extraction.py
[2026-09-16T15:25:19.703+0000] {processor.py:830} INFO - Processing file /opt/airflow/dags/youtube_extraction.py for tasks to queue
[2026-09-16T15:25:19.706+0000] {logging_mixin.py:188} INFO - [2026-09-16T15:25:19.705+0000] {dagbag.py:545} INFO - Filling up the DagBag from /opt/airflow/dags/youtube_extraction.py
[2026-09-16T15:25:19.727+0000] {processor.py:840} INFO - DAG(s) 'youtube_extraction' retrieved from /opt/airflow/dags/youtube_extraction.py
[2026-09-16T15:25:19.771+0000] {logging_mixin.py:188} INFO - [2026-09-16T15:25:19.770+0000] {dag.py:3096} INFO - Sync 1 DAGs
[2026-09-16T15:25:19.793+0000] {logging_mixin.py:188} INFO - [2026-09-16T15:25:19.792+0000] {dag.py:3954} INFO - Setting next_dagrun for youtube_extraction to None, run_after=None
[2026-09-16T15:25:19.853+0000] {processor.py:183} INFO - Processing /opt/airflow/dags/youtube_extraction.py took 0.163 seconds
[2026-09-16T15:25:49.992+0000] {processor.py:161} INFO - Started process (PID=2329) to work on /opt/airflow/dags/youtube_extraction.py
[2026-09-16T15:25:49.994+0000] {processor.py:830} INFO - Processing file /opt/airflow/dags/youtube_extraction.py for tasks to queue
[2026-09-16T15:25:49.996+0000] {logging_mixin.py:188} INFO - [2026-09-16T15:25:49.996+0000] {dagbag.py:545} INFO - Filling up the DagBag from /opt/airflow/dags/youtube_extraction.py
[2026-09-16T15:25:50.019+0000] {processor.py:840} INFO - DAG(s) 'youtube_extraction' retrieved from /opt/airflow/dags/youtube_extraction.py
[2026-09-16T15:25:50.062+0000] {logging_mixin.py:188} INFO - [2026-09-16T15:25:50.062+0000] {dag.py:3096} INFO - Sync 1 DAGs
[2026-09-16T15:25:50.079+0000] {logging_mixin.py:188} INFO - [2026-09-16T15:25:50.079+0000] {dag.py:3954} INFO - Setting next_dagrun for youtube_extraction to None, run_after=None
[2026-09-16T15:25:50.114+0000] {processor.py:183} INFO - Processing /opt/airflow/dags/youtube_extraction.py took 0.130 seconds
[2026-09-16T15:26:20.272+0000] {processor.py:161} INFO - Started process (PID=2340) to work on /opt/airflow/dags/youtube_extraction.py
[2026-09-16T15:26:20.274+0000] {processor.py:830} INFO - Processing file /opt/airflow/dags/youtube_extraction.py for tasks to queue
[2026-09-16T15:26:20.276+0000] {logging_mixin.py:188} INFO - [2026-09-16T15:26:20.276+0000] {dagbag.py:545} INFO - Filling up the DagBag from /opt/airflow/dags/youtube_extraction.py
[2026-09-16T15:26:20.295+0000] {processor.py:840} INFO - DAG(s) 'youtube_extraction' retrieved from /opt/airflow/dags/youtube_extraction.py
[2026-09-16T15:26:20.326+0000] {logging_mixin.py:188} INFO - [2026-09-16T15:26:20.326+0000] {dag.py:3096} INFO - Sync 1 DAGs
[2026-09-16T15:26:20.341+0000] {logging_mixin.py:188} INFO - [2026-09-16T15:26:20.341+0000] {dag.py:3954} INFO - Setting next_dagrun for youtube_extraction to None, run_after=None
[2026-09-16T15:26:20.371+0000] {processor.py:183} INFO - Processing /opt/airflow/dags/youtube_extraction.py took 0.109 seconds
[2026-09-16T15:26:50.486+0000] {processor.py:161} INFO - Started process (PID=2351) to work on /opt/airflow/dags/youtube_extraction.py
[2026-09-16T15:26:50.488+0000] {processor.py:830} INFO - Processing file /opt/airflow/dags/youtube_extraction.py for tasks to queue
[2026-09-16T15:26:50.490+0000] {logging_mixin.py:188} INFO - [2026-09-16T15:26:50.490+0000] {dagbag.py:545} INFO - Filling up the DagBag from /opt/airflow/dags/youtube_extraction.py
[2026-09-16T15:26:50.508+0000] {processor.py:840} INFO - DAG(s) 'youtube_extraction' retrieved from /opt/airflow/dags/youtube_extraction.py
[2026-09-16T15:26:50.544+0000] {logging_mixin.py:188} INFO - [2026-09-16T15:26:50.543+0000] {dag.py:3096} INFO - Sync 1 DAGs
[2026-09-16T15:26:50.560+0000] {logging_mixin.py:188} INFO - [2026-09-16T15:26:50.559+0000] {dag.py:3954} INFO - Setting next_dagrun for youtube_extraction to None, run_after=None
[2026-09-16T15:26:50.592+0000] {processor.py:183} INFO - Processing /opt/airflow/dags/youtube_extraction.py took 0.114 seconds
[2026-09-16T15:27:20.778+0000] {processor.py:161} INFO - Started process (PID=2362) to work on /opt/airflow/dags/youtube_extraction.py
[2026-09-16T15:27:20.785+0000] {processor.py:830} INFO - Processing file /opt/airflow/dags/youtube_extraction.py for tasks to queue
[2026-09-16T15:27:20.788+0000] {logging_mixin.py:188} INFO - [2026-09-16T15:27:20.787+0000] {dagbag.py:545} INFO - Filling up the DagBag from /opt/airflow/dags/youtube_extraction.py
[2026-09-16T15:27:20.820+0000] {processor.py:840} INFO - DAG(s) 'youtube_extraction' retrieved from /opt/airflow/dags/youtube_extraction.py
[2026-09-16T15:27:20.864+0000] {logging_mixin.py:188} INFO - [2026-09-16T15:27:20.864+0000] {dag.py:3096} INFO - Sync 1 DAGs
[2026-09-16T15:27:20.902+0000] {logging_mixin.py:188} INFO - [2026-09-16T15:27:20.901+0000] {dag.py:3954} INFO - Setting next_dagrun for youtube_extraction to None, run_after=None
[2026-09-16T15:27:20.953+0000] {processor.py:183} INFO - Processing /opt/airflow/dags/youtube_extraction.py took 0.197 seconds
[2026-09-16T15:27:51.170+0000] {processor.py:161} INFO - Started process (PID=2373) to work on /opt/airflow/dags/youtube_extraction.py
[2026-09-16T15:27:51.173+0000] {processor.py:830} INFO - Processing file /opt/airflow/dags/youtube_extraction.py for tasks to queue
[2026-09-16T15:27:51.175+0000] {logging_mixin.py:188} INFO - [2026-09-16T15:27:51.175+0000] {dagbag.py:545} INFO - Filling up the DagBag from /opt/airflow/dags/youtube_extraction.py
[2026-09-16T15:27:51.196+0000] {processor.py:840} INFO - DAG(s) 'youtube_extraction' retrieved from /opt/airflow/dags/youtube_extraction.py
[2026-09-16T15:27:51.230+0000] {logging_mixin.py:188} INFO - [2026-09-16T15:27:51.229+0000] {dag.py:3096} INFO - Sync 1 DAGs
[2026-09-16T15:27:51.250+0000] {logging_mixin.py:188} INFO - [2026-09-16T15:27:51.249+0000] {dag.py:3954} INFO - Setting next_dagrun for youtube_extraction to None, run_after=None
[2026-09-16T15:27:51.304+0000] {processor.py:183} INFO - Processing /opt/airflow/dags/youtube_extraction.py took 0.143 seconds
[2026-09-16T15:28:21.558+0000] {processor.py:161} INFO - Started process (PID=2384) to work on /opt/airflow/dags/youtube_extraction.py
[2026-09-16T15:28:21.561+0000] {processor.py:830} INFO - Processing file /opt/airflow/dags/youtube_extraction.py for tasks to queue
[2026-09-16T15:28:21.563+0000] {logging_mixin.py:188} INFO - [2026-09-16T15:28:21.562+0000] {dagbag.py:545} INFO - Filling up the DagBag from /opt/airflow/dags/youtube_extraction.py
[2026-09-16T15:28:21.588+0000] {processor.py:840} INFO - DAG(s) 'youtube_extraction' retrieved from /opt/airflow/dags/youtube_extraction.py
[2026-09-16T15:28:21.634+0000] {logging_mixin.py:188} INFO - [2026-09-16T15:28:21.634+0000] {dag.py:3096} INFO - Sync 1 DAGs
[2026-09-16T15:28:21.665+0000] {logging_mixin.py:188} INFO - [2026-09-16T15:28:21.664+0000] {dag.py:3954} INFO - Setting next_dagrun for youtube_extraction to None, run_after=None
[2026-09-16T15:28:21.711+0000] {processor.py:183} INFO - Processing /opt/airflow/dags/youtube_extraction.py took 0.169 seconds
[2026-09-16T15:28:51.894+0000] {processor.py:161} INFO - Started process (PID=2395) to work on /opt/airflow/dags/youtube_extraction.py
[2026-09-16T15:28:51.897+0000] {processor.py:830} INFO - Processing file /opt/airflow/dags/youtube_extraction.py for tasks to queue
[2026-09-16T15:28:51.899+0000] {logging_mixin.py:188} INFO - [2026-09-16T15:28:51.899+0000] {dagbag.py:545} INFO - Filling up the DagBag from /opt/airflow/dags/youtube_extraction.py
[2026-09-16T15:28:51.931+0000] {processor.py:840} INFO - DAG(s) 'youtube_extraction' retrieved from /opt/airflow/dags/youtube_extraction.py
[2026-09-16T15:28:51.966+0000] {logging_mixin.py:188} INFO - [2026-09-16T15:28:51.965+0000] {dag.py:3096} INFO - Sync 1 DAGs
[2026-09-16T15:28:51.982+0000] {logging_mixin.py:188} INFO - [2026-09-16T15:28:51.982+0000] {dag.py:3954} INFO - Setting next_dagrun for youtube_extraction to None, run_after=None
[2026-09-16T15:28:52.017+0000] {processor.py:183} INFO - Processing /opt/airflow/dags/youtube_extraction.py took 0.131 seconds
[2026-09-16T15:29:22.064+0000] {processor.py:161} INFO - Started process (PID=2406) to work on /opt/airflow/dags/youtube_extraction.py
[2026-09-16T15:29:22.066+0000] {processor.py:830} INFO - Processing file /opt/airflow/dags/youtube_extraction.py for tasks to queue
[2026-09-16T15:29:22.068+0000] {logging_mixin.py:188} INFO - [2026-09-16T15:29:22.068+0000] {dagbag.py:545} INFO - Filling up the DagBag from /opt/airflow/dags/youtube_extraction.py
[2026-09-16T15:29:22.087+0000] {processor.py:840} INFO - DAG(s) 'youtube_extraction' retrieved from /opt/airflow/dags/youtube_extraction.py
[2026-09-16T15:29:22.120+0000] {logging_mixin.py:188} INFO - [2026-09-16T15:29:22.119+0000] {dag.py:3096} INFO - Sync 1 DAGs
[2026-09-16T15:29:22.135+0000] {logging_mixin.py:188} INFO - [2026-09-16T15:29:22.135+0000] {dag.py:3954} INFO - Setting next_dagrun for youtube_extraction to None, run_after=None
[2026-09-16T15:29:22.162+0000] {processor.py:183} INFO - Processing /opt/airflow/dags/youtube_extraction.py took 0.105 seconds
[2026-09-16T15:29:52.370+0000] {processor.py:161} INFO - Started process (PID=2417) to work on /opt/airflow/dags/youtube_extraction.py
[2026-09-16T15:29:52.373+0000] {processor.py:830} INFO - Processing file /opt/airflow/dags/youtube_extraction.py for tasks to queue
[2026-09-16T15:29:52.375+0000] {logging_mixin.py:188} INFO - [2026-09-16T15:29:52.374+0000] {dagbag.py:545} INFO - Filling up the DagBag from /opt/airflow/dags/youtube_extraction.py
[2026-09-16T15:29:52.398+0000] {processor.py:840} INFO - DAG(s) 'youtube_extraction' retrieved from /opt/airflow/dags/youtube_extraction.py
[2026-09-16T15:29:52.436+0000] {logging_mixin.py:188} INFO - [2026-09-16T15:29:52.436+0000] {dag.py:3096} INFO - Sync 1 DAGs
[2026-09-16T15:29:52.456+0000] {logging_mixin.py:188} INFO - [2026-09-16T15:29:52.456+0000] {dag.py:3954} INFO - Setting next_dagrun for youtube_extraction to None, run_after=None
[2026-09-16T15:29:52.490+0000] {processor.py:183} INFO - Processing /opt/airflow/dags/youtube_extraction.py took 0.126 seconds
[2026-09-16T15:30:22.558+0000] {processor.py:161} INFO - Started process (PID=2428) to work on /opt/airflow/dags/youtube_extraction.py
[2026-09-16T15:30:22.561+0000] {processor.py:830} INFO - Processing file /opt/airflow/dags/youtube_extraction.py for tasks to queue
[2026-09-16T15:30:22.563+0000] {logging_mixin.py:188} INFO - [2026-09-16T15:30:22.562+0000] {dagbag.py:545} INFO - Filling up the DagBag from /opt/airflow/dags/youtube_extraction.py
[2026-09-16T15:30:22.585+0000] {processor.py:840} INFO - DAG(s) 'youtube_extraction' retrieved from /opt/airflow/dags/youtube_extraction.py
[2026-09-16T15:30:22.619+0000] {logging_mixin.py:188} INFO - [2026-09-16T15:30:22.619+0000] {dag.py:3096} INFO - Sync 1 DAGs
[2026-09-16T15:30:22.634+0000] {logging_mixin.py:188} INFO - [2026-09-16T15:30:22.634+0000] {dag.py:3954} INFO - Setting next_dagrun for youtube_extraction to None, run_after=None
[2026-09-16T15:30:22.666+0000] {processor.py:183} INFO - Processing /opt/airflow/dags/youtube_extraction.py took 0.115 seconds
[2026-09-16T15:30:52.864+0000] {processor.py:161} INFO - Started process (PID=2439) to work on /opt/airflow/dags/youtube_extraction.py
[2026-09-16T15:30:52.866+0000] {processor.py:830} INFO - Processing file /opt/airflow/dags/youtube_extraction.py for tasks to queue
[2026-09-16T15:30:52.868+0000] {logging_mixin.py:188} INFO - [2026-09-16T15:30:52.868+0000] {dagbag.py:545} INFO - Filling up the DagBag from /opt/airflow/dags/youtube_extraction.py
[2026-09-16T15:30:52.890+0000] {processor.py:840} INFO - DAG(s) 'youtube_extraction' retrieved from /opt/airflow/dags/youtube_extraction.py
[2026-09-16T15:30:52.922+0000] {logging_mixin.py:188} INFO - [2026-09-16T15:30:52.922+0000] {dag.py:3096} INFO - Sync 1 DAGs
[2026-09-16T15:30:52.939+0000] {logging_mixin.py:188} INFO - [2026-09-16T15:30:52.938+0000] {dag.py:3954} INFO - Setting next_dagrun for youtube_extraction to None, run_after=None
[2026-09-16T15:30:52.969+0000] {processor.py:183} INFO - Processing /opt/airflow/dags/youtube_extraction.py took 0.112 seconds
[2026-09-16T15:31:23.048+0000] {processor.py:161} INFO - Started process (PID=2450) to work on /opt/airflow/dags/youtube_extraction.py
[2026-09-16T15:31:23.051+0000] {processor.py:830} INFO - Processing file /opt/airflow/dags/youtube_extraction.py for tasks to queue
[2026-09-16T15:31:23.054+0000] {logging_mixin.py:188} INFO - [2026-09-16T15:31:23.053+0000] {dagbag.py:545} INFO - Filling up the DagBag from /opt/airflow/dags/youtube_extraction.py
[2026-09-16T15:31:23.072+0000] {processor.py:840} INFO - DAG(s) 'youtube_extraction' retrieved from /opt/airflow/dags/youtube_extraction.py
[2026-09-16T15:31:23.105+0000] {logging_mixin.py:188} INFO - [2026-09-16T15:31:23.105+0000] {dag.py:3096} INFO - Sync 1 DAGs
[2026-09-16T15:31:23.122+0000] {logging_mixin.py:188} INFO - [2026-09-16T15:31:23.122+0000] {dag.py:3954} INFO - Setting next_dagrun for youtube_extraction to None, run_after=None
[2026-09-16T15:31:23.157+0000] {processor.py:183} INFO - Processing /opt/airflow/dags/youtube_extraction.py took 0.116 seconds
[2026-09-16T15:31:53.330+0000] {processor.py:161} INFO - Started process (PID=2461) to work on /opt/airflow/dags/youtube_extraction.py
[2026-09-16T15:31:53.332+0000] {processor.py:830} INFO - Processing file /opt/airflow/dags/youtube_extraction.py for tasks to queue
[2026-09-16T15:31:53.334+0000] {logging_mixin.py:188} INFO - [2026-09-16T15:31:53.334+0000] {dagbag.py:545} INFO - Filling up the DagBag from /opt/airflow/dags/youtube_extraction.py
[2026-09-16T15:31:53.353+0000] {processor.py:840} INFO - DAG(s) 'youtube_extraction' retrieved from /opt/airflow/dags/youtube_extraction.py
[2026-09-16T15:31:53.389+0000] {logging_mixin.py:188} INFO - [2026-09-16T15:31:53.388+0000] {dag.py:3096} INFO - Sync 1 DAGs
[2026-09-16T15:31:53.405+0000] {logging_mixin.py:188} INFO - [2026-09-16T15:31:53.405+0000] {dag.py:3954} INFO - Setting next_dagrun for youtube_extraction to None, run_after=None
[2026-09-16T15:31:53.437+0000] {processor.py:183} INFO - Processing /opt/airflow/dags/youtube_extraction.py took 0.116 seconds
[2026-09-16T15:32:23.522+0000] {processor.py:161} INFO - Started process (PID=2472) to work on /opt/airflow/dags/youtube_extraction.py
[2026-09-16T15:32:23.524+0000] {processor.py:830} INFO - Processing file /opt/airflow/dags/youtube_extraction.py for tasks to queue
[2026-09-16T15:32:23.527+0000] {logging_mixin.py:188} INFO - [2026-09-16T15:32:23.526+0000] {dagbag.py:545} INFO - Filling up the DagBag from /opt/airflow/dags/youtube_extraction.py
[2026-09-16T15:32:23.548+0000] {processor.py:840} INFO - DAG(s) 'youtube_extraction' retrieved from /opt/airflow/dags/youtube_extraction.py
[2026-09-16T15:32:23.596+0000] {logging_mixin.py:188} INFO - [2026-09-16T15:32:23.596+0000] {dag.py:3096} INFO - Sync 1 DAGs
[2026-09-16T15:32:23.613+0000] {logging_mixin.py:188} INFO - [2026-09-16T15:32:23.612+0000] {dag.py:3954} INFO - Setting next_dagrun for youtube_extraction to None, run_after=None
[2026-09-16T15:32:23.647+0000] {processor.py:183} INFO - Processing /opt/airflow/dags/youtube_extraction.py took 0.132 seconds
[2026-09-16T15:32:53.805+0000] {processor.py:161} INFO - Started process (PID=2483) to work on /opt/airflow/dags/youtube_extraction.py
[2026-09-16T15:32:53.807+0000] {processor.py:830} INFO - Processing file /opt/airflow/dags/youtube_extraction.py for tasks to queue
[2026-09-16T15:32:53.810+0000] {logging_mixin.py:188} INFO - [2026-09-16T15:32:53.810+0000] {dagbag.py:545} INFO - Filling up the DagBag from /opt/airflow/dags/youtube_extraction.py
[2026-09-16T15:32:53.831+0000] {processor.py:840} INFO - DAG(s) 'youtube_extraction' retrieved from /opt/airflow/dags/youtube_extraction.py
[2026-09-16T15:32:53.865+0000] {logging_mixin.py:188} INFO - [2026-09-16T15:32:53.865+0000] {dag.py:3096} INFO - Sync 1 DAGs
[2026-09-16T15:32:53.882+0000] {logging_mixin.py:188} INFO - [2026-09-16T15:32:53.882+0000] {dag.py:3954} INFO - Setting next_dagrun for youtube_extraction to None, run_after=None
[2026-09-16T15:32:53.921+0000] {processor.py:183} INFO - Processing /opt/airflow/dags/youtube_extraction.py took 0.125 seconds
[2026-09-16T15:33:24.070+0000] {processor.py:161} INFO - Started process (PID=2494) to work on /opt/airflow/dags/youtube_extraction.py
[2026-09-16T15:33:24.074+0000] {processor.py:830} INFO - Processing file /opt/airflow/dags/youtube_extraction.py for tasks to queue
[2026-09-16T15:33:24.078+0000] {logging_mixin.py:188} INFO - [2026-09-16T15:33:24.077+0000] {dagbag.py:545} INFO - Filling up the DagBag from /opt/airflow/dags/youtube_extraction.py
[2026-09-16T15:33:24.103+0000] {processor.py:840} INFO - DAG(s) 'youtube_extraction' retrieved from /opt/airflow/dags/youtube_extraction.py
[2026-09-16T15:33:24.139+0000] {logging_mixin.py:188} INFO - [2026-09-16T15:33:24.138+0000] {dag.py:3096} INFO - Sync 1 DAGs
[2026-09-16T15:33:24.158+0000] {logging_mixin.py:188} INFO - [2026-09-16T15:33:24.157+0000] {dag.py:3954} INFO - Setting next_dagrun for youtube_extraction to None, run_after=None
[2026-09-16T15:33:24.218+0000] {processor.py:183} INFO - Processing /opt/airflow/dags/youtube_extraction.py took 0.156 seconds
[2026-09-16T15:33:54.311+0000] {processor.py:161} INFO - Started process (PID=2505) to work on /opt/airflow/dags/youtube_extraction.py
[2026-09-16T15:33:54.314+0000] {processor.py:830} INFO - Processing file /opt/airflow/dags/youtube_extraction.py for tasks to queue
[2026-09-16T15:33:54.315+0000] {logging_mixin.py:188} INFO - [2026-09-16T15:33:54.315+0000] {dagbag.py:545} INFO - Filling up the DagBag from /opt/airflow/dags/youtube_extraction.py
[2026-09-16T15:33:54.334+0000] {processor.py:840} INFO - DAG(s) 'youtube_extraction' retrieved from /opt/airflow/dags/youtube_extraction.py
[2026-09-16T15:33:54.367+0000] {logging_mixin.py:188} INFO - [2026-09-16T15:33:54.367+0000] {dag.py:3096} INFO - Sync 1 DAGs
[2026-09-16T15:33:54.387+0000] {logging_mixin.py:188} INFO - [2026-09-16T15:33:54.387+0000] {dag.py:3954} INFO - Setting next_dagrun for youtube_extraction to None, run_after=None
[2026-09-16T15:33:54.420+0000] {processor.py:183} INFO - Processing /opt/airflow/dags/youtube_extraction.py took 0.116 seconds
[2026-09-16T15:34:24.608+0000] {processor.py:161} INFO - Started process (PID=2516) to work on /opt/airflow/dags/youtube_extraction.py
[2026-09-16T15:34:24.611+0000] {processor.py:830} INFO - Processing file /opt/airflow/dags/youtube_extraction.py for tasks to queue
[2026-09-16T15:34:24.614+0000] {logging_mixin.py:188} INFO - [2026-09-16T15:34:24.613+0000] {dagbag.py:545} INFO - Filling up the DagBag from /opt/airflow/dags/youtube_extraction.py
[2026-09-16T15:34:24.635+0000] {processor.py:840} INFO - DAG(s) 'youtube_extraction' retrieved from /opt/airflow/dags/youtube_extraction.py
[2026-09-16T15:34:24.680+0000] {logging_mixin.py:188} INFO - [2026-09-16T15:34:24.679+0000] {dag.py:3096} INFO - Sync 1 DAGs
[2026-09-16T15:34:24.710+0000] {logging_mixin.py:188} INFO - [2026-09-16T15:34:24.709+0000] {dag.py:3954} INFO - Setting next_dagrun for youtube_extraction to None, run_after=None
[2026-09-16T15:34:24.758+0000] {processor.py:183} INFO - Processing /opt/airflow/dags/youtube_extraction.py took 0.158 seconds
[2026-09-16T15:34:54.968+0000] {processor.py:161} INFO - Started process (PID=2527) to work on /opt/airflow/dags/youtube_extraction.py
[2026-09-16T15:34:54.971+0000] {processor.py:830} INFO - Processing file /opt/airflow/dags/youtube_extraction.py for tasks to queue
[2026-09-16T15:34:54.974+0000] {logging_mixin.py:188} INFO - [2026-09-16T15:34:54.974+0000] {dagbag.py:545} INFO - Filling up the DagBag from /opt/airflow/dags/youtube_extraction.py
[2026-09-16T15:34:54.997+0000] {processor.py:840} INFO - DAG(s) 'youtube_extraction' retrieved from /opt/airflow/dags/youtube_extraction.py
[2026-09-16T15:34:55.041+0000] {logging_mixin.py:188} INFO - [2026-09-16T15:34:55.040+0000] {dag.py:3096} INFO - Sync 1 DAGs
[2026-09-16T15:34:55.068+0000] {logging_mixin.py:188} INFO - [2026-09-16T15:34:55.067+0000] {dag.py:3954} INFO - Setting next_dagrun for youtube_extraction to None, run_after=None
[2026-09-16T15:34:55.106+0000] {processor.py:183} INFO - Processing /opt/airflow/dags/youtube_extraction.py took 0.145 seconds
[2026-09-16T15:35:25.317+0000] {processor.py:161} INFO - Started process (PID=2538) to work on /opt/airflow/dags/youtube_extraction.py
[2026-09-16T15:35:25.319+0000] {processor.py:830} INFO - Processing file /opt/airflow/dags/youtube_extraction.py for tasks to queue
[2026-09-16T15:35:25.321+0000] {logging_mixin.py:188} INFO - [2026-09-16T15:35:25.321+0000] {dagbag.py:545} INFO - Filling up the DagBag from /opt/airflow/dags/youtube_extraction.py
[2026-09-16T15:35:25.346+0000] {processor.py:840} INFO - DAG(s) 'youtube_extraction' retrieved from /opt/airflow/dags/youtube_extraction.py
[2026-09-16T15:35:25.383+0000] {logging_mixin.py:188} INFO - [2026-09-16T15:35:25.382+0000] {dag.py:3096} INFO - Sync 1 DAGs
[2026-09-16T15:35:25.400+0000] {logging_mixin.py:188} INFO - [2026-09-16T15:35:25.400+0000] {dag.py:3954} INFO - Setting next_dagrun for youtube_extraction to None, run_after=None
[2026-09-16T15:35:25.428+0000] {processor.py:183} INFO - Processing /opt/airflow/dags/youtube_extraction.py took 0.118 seconds
[2026-09-16T15:35:55.479+0000] {processor.py:161} INFO - Started process (PID=2549) to work on /opt/airflow/dags/youtube_extraction.py
[2026-09-16T15:35:55.481+0000] {processor.py:830} INFO - Processing file /opt/airflow/dags/youtube_extraction.py for tasks to queue
[2026-09-16T15:35:55.484+0000] {logging_mixin.py:188} INFO - [2026-09-16T15:35:55.483+0000] {dagbag.py:545} INFO - Filling up the DagBag from /opt/airflow/dags/youtube_extraction.py
[2026-09-16T15:35:55.504+0000] {processor.py:840} INFO - DAG(s) 'youtube_extraction' retrieved from /opt/airflow/dags/youtube_extraction.py
[2026-09-16T15:35:55.539+0000] {logging_mixin.py:188} INFO - [2026-09-16T15:35:55.538+0000] {dag.py:3096} INFO - Sync 1 DAGs
[2026-09-16T15:35:55.554+0000] {logging_mixin.py:188} INFO - [2026-09-16T15:35:55.554+0000] {dag.py:3954} INFO - Setting next_dagrun for youtube_extraction to None, run_after=None
[2026-09-16T15:35:55.589+0000] {processor.py:183} INFO - Processing /opt/airflow/dags/youtube_extraction.py took 0.117 seconds
[2026-09-16T15:36:25.801+0000] {processor.py:161} INFO - Started process (PID=2560) to work on /opt/airflow/dags/youtube_extraction.py
[2026-09-16T15:36:25.804+0000] {processor.py:830} INFO - Processing file /opt/airflow/dags/youtube_extraction.py for tasks to queue
[2026-09-16T15:36:25.806+0000] {logging_mixin.py:188} INFO - [2026-09-16T15:36:25.805+0000] {dagbag.py:545} INFO - Filling up the DagBag from /opt/airflow/dags/youtube_extraction.py
[2026-09-16T15:36:25.826+0000] {processor.py:840} INFO - DAG(s) 'youtube_extraction' retrieved from /opt/airflow/dags/youtube_extraction.py
[2026-09-16T15:36:25.861+0000] {logging_mixin.py:188} INFO - [2026-09-16T15:36:25.861+0000] {dag.py:3096} INFO - Sync 1 DAGs
[2026-09-16T15:36:25.878+0000] {logging_mixin.py:188} INFO - [2026-09-16T15:36:25.878+0000] {dag.py:3954} INFO - Setting next_dagrun for youtube_extraction to None, run_after=None
[2026-09-16T15:36:25.912+0000] {processor.py:183} INFO - Processing /opt/airflow/dags/youtube_extraction.py took 0.116 seconds
[2026-09-16T15:36:55.999+0000] {processor.py:161} INFO - Started process (PID=2571) to work on /opt/airflow/dags/youtube_extraction.py
[2026-09-16T15:36:56.001+0000] {processor.py:830} INFO - Processing file /opt/airflow/dags/youtube_extraction.py for tasks to queue
[2026-09-16T15:36:56.004+0000] {logging_mixin.py:188} INFO - [2026-09-16T15:36:56.004+0000] {dagbag.py:545} INFO - Filling up the DagBag from /opt/airflow/dags/youtube_extraction.py
[2026-09-16T15:36:56.031+0000] {processor.py:840} INFO - DAG(s) 'youtube_extraction' retrieved from /opt/airflow/dags/youtube_extraction.py
[2026-09-16T15:36:56.076+0000] {logging_mixin.py:188} INFO - [2026-09-16T15:36:56.075+0000] {dag.py:3096} INFO - Sync 1 DAGs
[2026-09-16T15:36:56.103+0000] {logging_mixin.py:188} INFO - [2026-09-16T15:36:56.102+0000] {dag.py:3954} INFO - Setting next_dagrun for youtube_extraction to None, run_after=None
[2026-09-16T15:36:56.135+0000] {processor.py:183} INFO - Processing /opt/airflow/dags/youtube_extraction.py took 0.144 seconds
[2026-09-16T15:37:26.313+0000] {processor.py:161} INFO - Started process (PID=2582) to work on /opt/airflow/dags/youtube_extraction.py
[2026-09-16T15:37:26.315+0000] {processor.py:830} INFO - Processing file /opt/airflow/dags/youtube_extraction.py for tasks to queue
[2026-09-16T15:37:26.317+0000] {logging_mixin.py:188} INFO - [2026-09-16T15:37:26.317+0000] {dagbag.py:545} INFO - Filling up the DagBag from /opt/airflow/dags/youtube_extraction.py
[2026-09-16T15:37:26.334+0000] {processor.py:840} INFO - DAG(s) 'youtube_extraction' retrieved from /opt/airflow/dags/youtube_extraction.py
[2026-09-16T15:37:26.367+0000] {logging_mixin.py:188} INFO - [2026-09-16T15:37:26.366+0000] {dag.py:3096} INFO - Sync 1 DAGs
[2026-09-16T15:37:26.381+0000] {logging_mixin.py:188} INFO - [2026-09-16T15:37:26.381+0000] {dag.py:3954} INFO - Setting next_dagrun for youtube_extraction to None, run_after=None
[2026-09-16T15:37:26.404+0000] {processor.py:183} INFO - Processing /opt/airflow/dags/youtube_extraction.py took 0.097 seconds
[2026-09-16T15:37:56.518+0000] {processor.py:161} INFO - Started process (PID=2593) to work on /opt/airflow/dags/youtube_extraction.py
[2026-09-16T15:37:56.521+0000] {processor.py:830} INFO - Processing file /opt/airflow/dags/youtube_extraction.py for tasks to queue
[2026-09-16T15:37:56.525+0000] {logging_mixin.py:188} INFO - [2026-09-16T15:37:56.524+0000] {dagbag.py:545} INFO - Filling up the DagBag from /opt/airflow/dags/youtube_extraction.py
[2026-09-16T15:37:56.552+0000] {processor.py:840} INFO - DAG(s) 'youtube_extraction' retrieved from /opt/airflow/dags/youtube_extraction.py
[2026-09-16T15:37:56.637+0000] {logging_mixin.py:188} INFO - [2026-09-16T15:37:56.636+0000] {dag.py:3096} INFO - Sync 1 DAGs
[2026-09-16T15:37:56.693+0000] {logging_mixin.py:188} INFO - [2026-09-16T15:37:56.692+0000] {dag.py:3954} INFO - Setting next_dagrun for youtube_extraction to None, run_after=None
[2026-09-16T15:37:56.773+0000] {processor.py:183} INFO - Processing /opt/airflow/dags/youtube_extraction.py took 0.267 seconds
[2026-09-16T15:38:27.004+0000] {processor.py:161} INFO - Started process (PID=2604) to work on /opt/airflow/dags/youtube_extraction.py
[2026-09-16T15:38:27.007+0000] {processor.py:830} INFO - Processing file /opt/airflow/dags/youtube_extraction.py for tasks to queue
[2026-09-16T15:38:27.012+0000] {logging_mixin.py:188} INFO - [2026-09-16T15:38:27.011+0000] {dagbag.py:545} INFO - Filling up the DagBag from /opt/airflow/dags/youtube_extraction.py
[2026-09-16T15:38:27.032+0000] {processor.py:840} INFO - DAG(s) 'youtube_extraction' retrieved from /opt/airflow/dags/youtube_extraction.py
[2026-09-16T15:38:27.069+0000] {logging_mixin.py:188} INFO - [2026-09-16T15:38:27.068+0000] {dag.py:3096} INFO - Sync 1 DAGs
[2026-09-16T15:38:27.095+0000] {logging_mixin.py:188} INFO - [2026-09-16T15:38:27.095+0000] {dag.py:3954} INFO - Setting next_dagrun for youtube_extraction to None, run_after=None
[2026-09-16T15:38:27.135+0000] {processor.py:183} INFO - Processing /opt/airflow/dags/youtube_extraction.py took 0.141 seconds
[2026-09-16T15:38:46.137+0000] {processor.py:161} INFO - Started process (PID=2609) to work on /opt/airflow/dags/youtube_extraction.py
[2026-09-16T15:38:46.140+0000] {processor.py:830} INFO - Processing file /opt/airflow/dags/youtube_extraction.py for tasks to queue
[2026-09-16T15:38:46.142+0000] {logging_mixin.py:188} INFO - [2026-09-16T15:38:46.142+0000] {dagbag.py:545} INFO - Filling up the DagBag from /opt/airflow/dags/youtube_extraction.py
[2026-09-16T15:38:46.216+0000] {processor.py:840} INFO - DAG(s) 'youtube_extraction' retrieved from /opt/airflow/dags/youtube_extraction.py
[2026-09-16T15:38:46.357+0000] {logging_mixin.py:188} INFO - [2026-09-16T15:38:46.356+0000] {dag.py:3096} INFO - Sync 1 DAGs
[2026-09-16T15:38:46.375+0000] {logging_mixin.py:188} INFO - [2026-09-16T15:38:46.374+0000] {dag.py:3954} INFO - Setting next_dagrun for youtube_extraction to None, run_after=None
[2026-09-16T15:38:46.414+0000] {processor.py:183} INFO - Processing /opt/airflow/dags/youtube_extraction.py took 0.289 seconds
[2026-09-16T15:38:49.320+0000] {processor.py:161} INFO - Started process (PID=2614) to work on /opt/airflow/dags/youtube_extraction.py
[2026-09-16T15:38:49.324+0000] {processor.py:830} INFO - Processing file /opt/airflow/dags/youtube_extraction.py for tasks to queue
[2026-09-16T15:38:49.327+0000] {logging_mixin.py:188} INFO - [2026-09-16T15:38:49.326+0000] {dagbag.py:545} INFO - Filling up the DagBag from /opt/airflow/dags/youtube_extraction.py
[2026-09-16T15:38:49.384+0000] {processor.py:840} INFO - DAG(s) 'youtube_extraction' retrieved from /opt/airflow/dags/youtube_extraction.py
[2026-09-16T15:38:49.402+0000] {logging_mixin.py:188} INFO - [2026-09-16T15:38:49.401+0000] {dag.py:3096} INFO - Sync 1 DAGs
[2026-09-16T15:38:49.456+0000] {logging_mixin.py:188} INFO - [2026-09-16T15:38:49.455+0000] {dag.py:3954} INFO - Setting next_dagrun for youtube_extraction to None, run_after=None
[2026-09-16T15:38:49.551+0000] {processor.py:183} INFO - Processing /opt/airflow/dags/youtube_extraction.py took 0.241 seconds
[2026-09-16T15:39:19.688+0000] {processor.py:161} INFO - Started process (PID=2632) to work on /opt/airflow/dags/youtube_extraction.py
[2026-09-16T15:39:19.691+0000] {processor.py:830} INFO - Processing file /opt/airflow/dags/youtube_extraction.py for tasks to queue
[2026-09-16T15:39:19.695+0000] {logging_mixin.py:188} INFO - [2026-09-16T15:39:19.694+0000] {dagbag.py:545} INFO - Filling up the DagBag from /opt/airflow/dags/youtube_extraction.py
[2026-09-16T15:39:19.741+0000] {processor.py:840} INFO - DAG(s) 'youtube_extraction' retrieved from /opt/airflow/dags/youtube_extraction.py
[2026-09-16T15:39:19.783+0000] {logging_mixin.py:188} INFO - [2026-09-16T15:39:19.783+0000] {dag.py:3096} INFO - Sync 1 DAGs
[2026-09-16T15:39:19.800+0000] {logging_mixin.py:188} INFO - [2026-09-16T15:39:19.800+0000] {dag.py:3954} INFO - Setting next_dagrun for youtube_extraction to None, run_after=None
[2026-09-16T15:39:19.827+0000] {processor.py:183} INFO - Processing /opt/airflow/dags/youtube_extraction.py took 0.152 seconds
[2026-09-16T15:39:49.928+0000] {processor.py:161} INFO - Started process (PID=2658) to work on /opt/airflow/dags/youtube_extraction.py
[2026-09-16T15:39:49.930+0000] {processor.py:830} INFO - Processing file /opt/airflow/dags/youtube_extraction.py for tasks to queue
[2026-09-16T15:39:49.932+0000] {logging_mixin.py:188} INFO - [2026-09-16T15:39:49.932+0000] {dagbag.py:545} INFO - Filling up the DagBag from /opt/airflow/dags/youtube_extraction.py
[2026-09-16T15:39:49.950+0000] {processor.py:840} INFO - DAG(s) 'youtube_extraction' retrieved from /opt/airflow/dags/youtube_extraction.py
[2026-09-16T15:39:49.985+0000] {logging_mixin.py:188} INFO - [2026-09-16T15:39:49.985+0000] {dag.py:3096} INFO - Sync 1 DAGs
[2026-09-16T15:39:50.004+0000] {logging_mixin.py:188} INFO - [2026-09-16T15:39:50.003+0000] {dag.py:3954} INFO - Setting next_dagrun for youtube_extraction to None, run_after=None
[2026-09-16T15:39:50.036+0000] {processor.py:183} INFO - Processing /opt/airflow/dags/youtube_extraction.py took 0.116 seconds
[2026-09-16T15:40:20.202+0000] {processor.py:161} INFO - Started process (PID=2669) to work on /opt/airflow/dags/youtube_extraction.py
[2026-09-16T15:40:20.204+0000] {processor.py:830} INFO - Processing file /opt/airflow/dags/youtube_extraction.py for tasks to queue
[2026-09-16T15:40:20.206+0000] {logging_mixin.py:188} INFO - [2026-09-16T15:40:20.206+0000] {dagbag.py:545} INFO - Filling up the DagBag from /opt/airflow/dags/youtube_extraction.py
[2026-09-16T15:40:20.234+0000] {processor.py:840} INFO - DAG(s) 'youtube_extraction' retrieved from /opt/airflow/dags/youtube_extraction.py
[2026-09-16T15:40:20.297+0000] {logging_mixin.py:188} INFO - [2026-09-16T15:40:20.297+0000] {dag.py:3096} INFO - Sync 1 DAGs
[2026-09-16T15:40:20.337+0000] {logging_mixin.py:188} INFO - [2026-09-16T15:40:20.337+0000] {dag.py:3954} INFO - Setting next_dagrun for youtube_extraction to None, run_after=None
[2026-09-16T15:40:20.387+0000] {processor.py:183} INFO - Processing /opt/airflow/dags/youtube_extraction.py took 0.192 seconds
[2026-09-16T15:40:50.583+0000] {processor.py:161} INFO - Started process (PID=2680) to work on /opt/airflow/dags/youtube_extraction.py
[2026-09-16T15:40:50.586+0000] {processor.py:830} INFO - Processing file /opt/airflow/dags/youtube_extraction.py for tasks to queue
[2026-09-16T15:40:50.588+0000] {logging_mixin.py:188} INFO - [2026-09-16T15:40:50.588+0000] {dagbag.py:545} INFO - Filling up the DagBag from /opt/airflow/dags/youtube_extraction.py
[2026-09-16T15:40:50.609+0000] {processor.py:840} INFO - DAG(s) 'youtube_extraction' retrieved from /opt/airflow/dags/youtube_extraction.py
[2026-09-16T15:40:50.643+0000] {logging_mixin.py:188} INFO - [2026-09-16T15:40:50.642+0000] {dag.py:3096} INFO - Sync 1 DAGs
[2026-09-16T15:40:50.657+0000] {logging_mixin.py:188} INFO - [2026-09-16T15:40:50.657+0000] {dag.py:3954} INFO - Setting next_dagrun for youtube_extraction to None, run_after=None
[2026-09-16T15:40:50.691+0000] {processor.py:183} INFO - Processing /opt/airflow/dags/youtube_extraction.py took 0.116 seconds
[2026-09-16T15:41:20.766+0000] {processor.py:161} INFO - Started process (PID=2691) to work on /opt/airflow/dags/youtube_extraction.py
[2026-09-16T15:41:20.768+0000] {processor.py:830} INFO - Processing file /opt/airflow/dags/youtube_extraction.py for tasks to queue
[2026-09-16T15:41:20.771+0000] {logging_mixin.py:188} INFO - [2026-09-16T15:41:20.770+0000] {dagbag.py:545} INFO - Filling up the DagBag from /opt/airflow/dags/youtube_extraction.py
[2026-09-16T15:41:20.794+0000] {processor.py:840} INFO - DAG(s) 'youtube_extraction' retrieved from /opt/airflow/dags/youtube_extraction.py
[2026-09-16T15:41:20.840+0000] {logging_mixin.py:188} INFO - [2026-09-16T15:41:20.840+0000] {dag.py:3096} INFO - Sync 1 DAGs
[2026-09-16T15:41:20.863+0000] {logging_mixin.py:188} INFO - [2026-09-16T15:41:20.863+0000] {dag.py:3954} INFO - Setting next_dagrun for youtube_extraction to None, run_after=None
[2026-09-16T15:41:20.894+0000] {processor.py:183} INFO - Processing /opt/airflow/dags/youtube_extraction.py took 0.136 seconds
[2026-09-16T15:41:51.074+0000] {processor.py:161} INFO - Started process (PID=2702) to work on /opt/airflow/dags/youtube_extraction.py
[2026-09-16T15:41:51.076+0000] {processor.py:830} INFO - Processing file /opt/airflow/dags/youtube_extraction.py for tasks to queue
[2026-09-16T15:41:51.078+0000] {logging_mixin.py:188} INFO - [2026-09-16T15:41:51.078+0000] {dagbag.py:545} INFO - Filling up the DagBag from /opt/airflow/dags/youtube_extraction.py
[2026-09-16T15:41:51.095+0000] {processor.py:840} INFO - DAG(s) 'youtube_extraction' retrieved from /opt/airflow/dags/youtube_extraction.py
[2026-09-16T15:41:51.142+0000] {logging_mixin.py:188} INFO - [2026-09-16T15:41:51.142+0000] {dag.py:3096} INFO - Sync 1 DAGs
[2026-09-16T15:41:51.158+0000] {logging_mixin.py:188} INFO - [2026-09-16T15:41:51.158+0000] {dag.py:3954} INFO - Setting next_dagrun for youtube_extraction to None, run_after=None
[2026-09-16T15:41:51.194+0000] {processor.py:183} INFO - Processing /opt/airflow/dags/youtube_extraction.py took 0.127 seconds
[2026-09-16T15:42:21.272+0000] {processor.py:161} INFO - Started process (PID=2714) to work on /opt/airflow/dags/youtube_extraction.py
[2026-09-16T15:42:21.274+0000] {processor.py:830} INFO - Processing file /opt/airflow/dags/youtube_extraction.py for tasks to queue
[2026-09-16T15:42:21.277+0000] {logging_mixin.py:188} INFO - [2026-09-16T15:42:21.276+0000] {dagbag.py:545} INFO - Filling up the DagBag from /opt/airflow/dags/youtube_extraction.py
[2026-09-16T15:42:21.295+0000] {processor.py:840} INFO - DAG(s) 'youtube_extraction' retrieved from /opt/airflow/dags/youtube_extraction.py
[2026-09-16T15:42:21.330+0000] {logging_mixin.py:188} INFO - [2026-09-16T15:42:21.330+0000] {dag.py:3096} INFO - Sync 1 DAGs
[2026-09-16T15:42:21.353+0000] {logging_mixin.py:188} INFO - [2026-09-16T15:42:21.353+0000] {dag.py:3954} INFO - Setting next_dagrun for youtube_extraction to None, run_after=None
[2026-09-16T15:42:21.394+0000] {processor.py:183} INFO - Processing /opt/airflow/dags/youtube_extraction.py took 0.129 seconds
[2026-09-16T15:42:51.570+0000] {processor.py:161} INFO - Started process (PID=2743) to work on /opt/airflow/dags/youtube_extraction.py
[2026-09-16T15:42:51.572+0000] {processor.py:830} INFO - Processing file /opt/airflow/dags/youtube_extraction.py for tasks to queue
[2026-09-16T15:42:51.574+0000] {logging_mixin.py:188} INFO - [2026-09-16T15:42:51.574+0000] {dagbag.py:545} INFO - Filling up the DagBag from /opt/airflow/dags/youtube_extraction.py
[2026-09-16T15:42:51.596+0000] {processor.py:840} INFO - DAG(s) 'youtube_extraction' retrieved from /opt/airflow/dags/youtube_extraction.py
[2026-09-16T15:42:51.632+0000] {logging_mixin.py:188} INFO - [2026-09-16T15:42:51.632+0000] {dag.py:3096} INFO - Sync 1 DAGs
[2026-09-16T15:42:51.651+0000] {logging_mixin.py:188} INFO - [2026-09-16T15:42:51.651+0000] {dag.py:3954} INFO - Setting next_dagrun for youtube_extraction to None, run_after=None
[2026-09-16T15:42:51.687+0000] {processor.py:183} INFO - Processing /opt/airflow/dags/youtube_extraction.py took 0.125 seconds
[2026-09-16T15:43:21.815+0000] {processor.py:161} INFO - Started process (PID=2760) to work on /opt/airflow/dags/youtube_extraction.py
[2026-09-16T15:43:21.818+0000] {processor.py:830} INFO - Processing file /opt/airflow/dags/youtube_extraction.py for tasks to queue
[2026-09-16T15:43:21.822+0000] {logging_mixin.py:188} INFO - [2026-09-16T15:43:21.821+0000] {dagbag.py:545} INFO - Filling up the DagBag from /opt/airflow/dags/youtube_extraction.py
[2026-09-16T15:43:21.848+0000] {processor.py:840} INFO - DAG(s) 'youtube_extraction' retrieved from /opt/airflow/dags/youtube_extraction.py
[2026-09-16T15:43:21.883+0000] {logging_mixin.py:188} INFO - [2026-09-16T15:43:21.882+0000] {dag.py:3096} INFO - Sync 1 DAGs
[2026-09-16T15:43:21.903+0000] {logging_mixin.py:188} INFO - [2026-09-16T15:43:21.903+0000] {dag.py:3954} INFO - Setting next_dagrun for youtube_extraction to None, run_after=None
[2026-09-16T15:43:21.928+0000] {processor.py:183} INFO - Processing /opt/airflow/dags/youtube_extraction.py took 0.124 seconds
[2026-09-16T15:43:52.086+0000] {processor.py:161} INFO - Started process (PID=2774) to work on /opt/airflow/dags/youtube_extraction.py
[2026-09-16T15:43:52.091+0000] {processor.py:830} INFO - Processing file /opt/airflow/dags/youtube_extraction.py for tasks to queue
[2026-09-16T15:43:52.093+0000] {logging_mixin.py:188} INFO - [2026-09-16T15:43:52.093+0000] {dagbag.py:545} INFO - Filling up the DagBag from /opt/airflow/dags/youtube_extraction.py
[2026-09-16T15:43:52.116+0000] {processor.py:840} INFO - DAG(s) 'youtube_extraction' retrieved from /opt/airflow/dags/youtube_extraction.py
[2026-09-16T15:43:52.165+0000] {logging_mixin.py:188} INFO - [2026-09-16T15:43:52.164+0000] {dag.py:3096} INFO - Sync 1 DAGs
[2026-09-16T15:43:52.186+0000] {logging_mixin.py:188} INFO - [2026-09-16T15:43:52.185+0000] {dag.py:3954} INFO - Setting next_dagrun for youtube_extraction to None, run_after=None
[2026-09-16T15:43:52.227+0000] {processor.py:183} INFO - Processing /opt/airflow/dags/youtube_extraction.py took 0.163 seconds
[2026-09-16T15:44:22.311+0000] {processor.py:161} INFO - Started process (PID=2785) to work on /opt/airflow/dags/youtube_extraction.py
[2026-09-16T15:44:22.314+0000] {processor.py:830} INFO - Processing file /opt/airflow/dags/youtube_extraction.py for tasks to queue
[2026-09-16T15:44:22.318+0000] {logging_mixin.py:188} INFO - [2026-09-16T15:44:22.317+0000] {dagbag.py:545} INFO - Filling up the DagBag from /opt/airflow/dags/youtube_extraction.py
[2026-09-16T15:44:22.359+0000] {processor.py:840} INFO - DAG(s) 'youtube_extraction' retrieved from /opt/airflow/dags/youtube_extraction.py
[2026-09-16T15:44:22.416+0000] {logging_mixin.py:188} INFO - [2026-09-16T15:44:22.415+0000] {dag.py:3096} INFO - Sync 1 DAGs
[2026-09-16T15:44:22.440+0000] {logging_mixin.py:188} INFO - [2026-09-16T15:44:22.439+0000] {dag.py:3954} INFO - Setting next_dagrun for youtube_extraction to None, run_after=None
[2026-09-16T15:44:22.484+0000] {processor.py:183} INFO - Processing /opt/airflow/dags/youtube_extraction.py took 0.186 seconds
[2026-09-16T15:44:52.585+0000] {processor.py:161} INFO - Started process (PID=2796) to work on /opt/airflow/dags/youtube_extraction.py
[2026-09-16T15:44:52.587+0000] {processor.py:830} INFO - Processing file /opt/airflow/dags/youtube_extraction.py for tasks to queue
[2026-09-16T15:44:52.589+0000] {logging_mixin.py:188} INFO - [2026-09-16T15:44:52.589+0000] {dagbag.py:545} INFO - Filling up the DagBag from /opt/airflow/dags/youtube_extraction.py
[2026-09-16T15:44:52.609+0000] {processor.py:840} INFO - DAG(s) 'youtube_extraction' retrieved from /opt/airflow/dags/youtube_extraction.py
[2026-09-16T15:44:52.644+0000] {logging_mixin.py:188} INFO - [2026-09-16T15:44:52.644+0000] {dag.py:3096} INFO - Sync 1 DAGs
[2026-09-16T15:44:52.659+0000] {logging_mixin.py:188} INFO - [2026-09-16T15:44:52.659+0000] {dag.py:3954} INFO - Setting next_dagrun for youtube_extraction to None, run_after=None
[2026-09-16T15:44:52.691+0000] {processor.py:183} INFO - Processing /opt/airflow/dags/youtube_extraction.py took 0.114 seconds
[2026-09-16T15:45:22.833+0000] {processor.py:161} INFO - Started process (PID=2806) to work on /opt/airflow/dags/youtube_extraction.py
[2026-09-16T15:45:22.835+0000] {processor.py:830} INFO - Processing file /opt/airflow/dags/youtube_extraction.py for tasks to queue
[2026-09-16T15:45:22.837+0000] {logging_mixin.py:188} INFO - [2026-09-16T15:45:22.837+0000] {dagbag.py:545} INFO - Filling up the DagBag from /opt/airflow/dags/youtube_extraction.py
[2026-09-16T15:45:22.855+0000] {processor.py:840} INFO - DAG(s) 'youtube_extraction' retrieved from /opt/airflow/dags/youtube_extraction.py
[2026-09-16T15:45:22.887+0000] {logging_mixin.py:188} INFO - [2026-09-16T15:45:22.886+0000] {dag.py:3096} INFO - Sync 1 DAGs
[2026-09-16T15:45:22.902+0000] {logging_mixin.py:188} INFO - [2026-09-16T15:45:22.902+0000] {dag.py:3954} INFO - Setting next_dagrun for youtube_extraction to None, run_after=None
[2026-09-16T15:45:22.933+0000] {processor.py:183} INFO - Processing /opt/airflow/dags/youtube_extraction.py took 0.107 seconds
[2026-09-16T15:45:53.038+0000] {processor.py:161} INFO - Started process (PID=2817) to work on /opt/airflow/dags/youtube_extraction.py
[2026-09-16T15:45:53.040+0000] {processor.py:830} INFO - Processing file /opt/airflow/dags/youtube_extraction.py for tasks to queue
[2026-09-16T15:45:53.042+0000] {logging_mixin.py:188} INFO - [2026-09-16T15:45:53.042+0000] {dagbag.py:545} INFO - Filling up the DagBag from /opt/airflow/dags/youtube_extraction.py
[2026-09-16T15:45:53.060+0000] {processor.py:840} INFO - DAG(s) 'youtube_extraction' retrieved from /opt/airflow/dags/youtube_extraction.py
[2026-09-16T15:45:53.095+0000] {logging_mixin.py:188} INFO - [2026-09-16T15:45:53.095+0000] {dag.py:3096} INFO - Sync 1 DAGs
[2026-09-16T15:45:53.112+0000] {logging_mixin.py:188} INFO - [2026-09-16T15:45:53.111+0000] {dag.py:3954} INFO - Setting next_dagrun for youtube_extraction to None, run_after=None
[2026-09-16T15:45:53.146+0000] {processor.py:183} INFO - Processing /opt/airflow/dags/youtube_extraction.py took 0.115 seconds
[2026-09-16T15:46:23.296+0000] {processor.py:161} INFO - Started process (PID=2828) to work on /opt/airflow/dags/youtube_extraction.py
[2026-09-16T15:46:23.298+0000] {processor.py:830} INFO - Processing file /opt/airflow/dags/youtube_extraction.py for tasks to queue
[2026-09-16T15:46:23.300+0000] {logging_mixin.py:188} INFO - [2026-09-16T15:46:23.300+0000] {dagbag.py:545} INFO - Filling up the DagBag from /opt/airflow/dags/youtube_extraction.py
[2026-09-16T15:46:23.320+0000] {processor.py:840} INFO - DAG(s) 'youtube_extraction' retrieved from /opt/airflow/dags/youtube_extraction.py
[2026-09-16T15:46:23.353+0000] {logging_mixin.py:188} INFO - [2026-09-16T15:46:23.352+0000] {dag.py:3096} INFO - Sync 1 DAGs
[2026-09-16T15:46:23.369+0000] {logging_mixin.py:188} INFO - [2026-09-16T15:46:23.369+0000] {dag.py:3954} INFO - Setting next_dagrun for youtube_extraction to None, run_after=None
[2026-09-16T15:46:23.400+0000] {processor.py:183} INFO - Processing /opt/airflow/dags/youtube_extraction.py took 0.112 seconds
[2026-09-16T15:46:53.510+0000] {processor.py:161} INFO - Started process (PID=2839) to work on /opt/airflow/dags/youtube_extraction.py
[2026-09-16T15:46:53.512+0000] {processor.py:830} INFO - Processing file /opt/airflow/dags/youtube_extraction.py for tasks to queue
[2026-09-16T15:46:53.514+0000] {logging_mixin.py:188} INFO - [2026-09-16T15:46:53.513+0000] {dagbag.py:545} INFO - Filling up the DagBag from /opt/airflow/dags/youtube_extraction.py
[2026-09-16T15:46:53.537+0000] {processor.py:840} INFO - DAG(s) 'youtube_extraction' retrieved from /opt/airflow/dags/youtube_extraction.py
[2026-09-16T15:46:53.591+0000] {logging_mixin.py:188} INFO - [2026-09-16T15:46:53.590+0000] {dag.py:3096} INFO - Sync 1 DAGs
[2026-09-16T15:46:53.612+0000] {logging_mixin.py:188} INFO - [2026-09-16T15:46:53.612+0000] {dag.py:3954} INFO - Setting next_dagrun for youtube_extraction to None, run_after=None
[2026-09-16T15:46:53.652+0000] {processor.py:183} INFO - Processing /opt/airflow/dags/youtube_extraction.py took 0.150 seconds
[2026-09-16T15:47:23.765+0000] {processor.py:161} INFO - Started process (PID=2850) to work on /opt/airflow/dags/youtube_extraction.py
[2026-09-16T15:47:23.768+0000] {processor.py:830} INFO - Processing file /opt/airflow/dags/youtube_extraction.py for tasks to queue
[2026-09-16T15:47:23.770+0000] {logging_mixin.py:188} INFO - [2026-09-16T15:47:23.770+0000] {dagbag.py:545} INFO - Filling up the DagBag from /opt/airflow/dags/youtube_extraction.py
[2026-09-16T15:47:23.789+0000] {processor.py:840} INFO - DAG(s) 'youtube_extraction' retrieved from /opt/airflow/dags/youtube_extraction.py
[2026-09-16T15:47:23.823+0000] {logging_mixin.py:188} INFO - [2026-09-16T15:47:23.823+0000] {dag.py:3096} INFO - Sync 1 DAGs
[2026-09-16T15:47:23.839+0000] {logging_mixin.py:188} INFO - [2026-09-16T15:47:23.839+0000] {dag.py:3954} INFO - Setting next_dagrun for youtube_extraction to None, run_after=None
[2026-09-16T15:47:23.875+0000] {processor.py:183} INFO - Processing /opt/airflow/dags/youtube_extraction.py took 0.117 seconds
[2026-09-16T15:47:54.001+0000] {processor.py:161} INFO - Started process (PID=2862) to work on /opt/airflow/dags/youtube_extraction.py
[2026-09-16T15:47:54.004+0000] {processor.py:830} INFO - Processing file /opt/airflow/dags/youtube_extraction.py for tasks to queue
[2026-09-16T15:47:54.006+0000] {logging_mixin.py:188} INFO - [2026-09-16T15:47:54.005+0000] {dagbag.py:545} INFO - Filling up the DagBag from /opt/airflow/dags/youtube_extraction.py
[2026-09-16T15:47:54.033+0000] {processor.py:840} INFO - DAG(s) 'youtube_extraction' retrieved from /opt/airflow/dags/youtube_extraction.py
[2026-09-16T15:47:54.070+0000] {logging_mixin.py:188} INFO - [2026-09-16T15:47:54.070+0000] {dag.py:3096} INFO - Sync 1 DAGs
[2026-09-16T15:47:54.088+0000] {logging_mixin.py:188} INFO - [2026-09-16T15:47:54.088+0000] {dag.py:3954} INFO - Setting next_dagrun for youtube_extraction to None, run_after=None
[2026-09-16T15:47:54.123+0000] {processor.py:183} INFO - Processing /opt/airflow/dags/youtube_extraction.py took 0.129 seconds
[2026-09-16T15:48:24.264+0000] {processor.py:161} INFO - Started process (PID=2873) to work on /opt/airflow/dags/youtube_extraction.py
[2026-09-16T15:48:24.266+0000] {processor.py:830} INFO - Processing file /opt/airflow/dags/youtube_extraction.py for tasks to queue
[2026-09-16T15:48:24.268+0000] {logging_mixin.py:188} INFO - [2026-09-16T15:48:24.268+0000] {dagbag.py:545} INFO - Filling up the DagBag from /opt/airflow/dags/youtube_extraction.py
[2026-09-16T15:48:24.288+0000] {processor.py:840} INFO - DAG(s) 'youtube_extraction' retrieved from /opt/airflow/dags/youtube_extraction.py
[2026-09-16T15:48:24.322+0000] {logging_mixin.py:188} INFO - [2026-09-16T15:48:24.322+0000] {dag.py:3096} INFO - Sync 1 DAGs
[2026-09-16T15:48:24.337+0000] {logging_mixin.py:188} INFO - [2026-09-16T15:48:24.337+0000] {dag.py:3954} INFO - Setting next_dagrun for youtube_extraction to None, run_after=None
[2026-09-16T15:48:24.381+0000] {processor.py:183} INFO - Processing /opt/airflow/dags/youtube_extraction.py took 0.125 seconds
[2026-09-16T15:48:54.479+0000] {processor.py:161} INFO - Started process (PID=2884) to work on /opt/airflow/dags/youtube_extraction.py
[2026-09-16T15:48:54.482+0000] {processor.py:830} INFO - Processing file /opt/airflow/dags/youtube_extraction.py for tasks to queue
[2026-09-16T15:48:54.484+0000] {logging_mixin.py:188} INFO - [2026-09-16T15:48:54.484+0000] {dagbag.py:545} INFO - Filling up the DagBag from /opt/airflow/dags/youtube_extraction.py
[2026-09-16T15:48:54.503+0000] {processor.py:840} INFO - DAG(s) 'youtube_extraction' retrieved from /opt/airflow/dags/youtube_extraction.py
[2026-09-16T15:48:54.543+0000] {logging_mixin.py:188} INFO - [2026-09-16T15:48:54.542+0000] {dag.py:3096} INFO - Sync 1 DAGs
[2026-09-16T15:48:54.558+0000] {logging_mixin.py:188} INFO - [2026-09-16T15:48:54.558+0000] {dag.py:3954} INFO - Setting next_dagrun for youtube_extraction to None, run_after=None
[2026-09-16T15:48:54.589+0000] {processor.py:183} INFO - Processing /opt/airflow/dags/youtube_extraction.py took 0.118 seconds
[2026-09-16T15:49:24.747+0000] {processor.py:161} INFO - Started process (PID=2895) to work on /opt/airflow/dags/youtube_extraction.py
[2026-09-16T15:49:24.750+0000] {processor.py:830} INFO - Processing file /opt/airflow/dags/youtube_extraction.py for tasks to queue
[2026-09-16T15:49:24.752+0000] {logging_mixin.py:188} INFO - [2026-09-16T15:49:24.751+0000] {dagbag.py:545} INFO - Filling up the DagBag from /opt/airflow/dags/youtube_extraction.py
[2026-09-16T15:49:24.773+0000] {processor.py:840} INFO - DAG(s) 'youtube_extraction' retrieved from /opt/airflow/dags/youtube_extraction.py
[2026-09-16T15:49:24.809+0000] {logging_mixin.py:188} INFO - [2026-09-16T15:49:24.809+0000] {dag.py:3096} INFO - Sync 1 DAGs
[2026-09-16T15:49:24.825+0000] {logging_mixin.py:188} INFO - [2026-09-16T15:49:24.824+0000] {dag.py:3954} INFO - Setting next_dagrun for youtube_extraction to None, run_after=None
[2026-09-16T15:49:24.852+0000] {processor.py:183} INFO - Processing /opt/airflow/dags/youtube_extraction.py took 0.116 seconds
[2026-09-16T15:49:54.951+0000] {processor.py:161} INFO - Started process (PID=2906) to work on /opt/airflow/dags/youtube_extraction.py
[2026-09-16T15:49:54.953+0000] {processor.py:830} INFO - Processing file /opt/airflow/dags/youtube_extraction.py for tasks to queue
[2026-09-16T15:49:54.955+0000] {logging_mixin.py:188} INFO - [2026-09-16T15:49:54.955+0000] {dagbag.py:545} INFO - Filling up the DagBag from /opt/airflow/dags/youtube_extraction.py
[2026-09-16T15:49:54.975+0000] {processor.py:840} INFO - DAG(s) 'youtube_extraction' retrieved from /opt/airflow/dags/youtube_extraction.py
[2026-09-16T15:49:55.013+0000] {logging_mixin.py:188} INFO - [2026-09-16T15:49:55.013+0000] {dag.py:3096} INFO - Sync 1 DAGs
[2026-09-16T15:49:55.031+0000] {logging_mixin.py:188} INFO - [2026-09-16T15:49:55.030+0000] {dag.py:3954} INFO - Setting next_dagrun for youtube_extraction to None, run_after=None
[2026-09-16T15:49:55.064+0000] {processor.py:183} INFO - Processing /opt/airflow/dags/youtube_extraction.py took 0.122 seconds
[2026-09-16T15:50:25.217+0000] {processor.py:161} INFO - Started process (PID=2917) to work on /opt/airflow/dags/youtube_extraction.py
[2026-09-16T15:50:25.219+0000] {processor.py:830} INFO - Processing file /opt/airflow/dags/youtube_extraction.py for tasks to queue
[2026-09-16T15:50:25.223+0000] {logging_mixin.py:188} INFO - [2026-09-16T15:50:25.223+0000] {dagbag.py:545} INFO - Filling up the DagBag from /opt/airflow/dags/youtube_extraction.py
[2026-09-16T15:50:25.243+0000] {processor.py:840} INFO - DAG(s) 'youtube_extraction' retrieved from /opt/airflow/dags/youtube_extraction.py
[2026-09-16T15:50:25.295+0000] {logging_mixin.py:188} INFO - [2026-09-16T15:50:25.294+0000] {dag.py:3096} INFO - Sync 1 DAGs
[2026-09-16T15:50:25.310+0000] {logging_mixin.py:188} INFO - [2026-09-16T15:50:25.310+0000] {dag.py:3954} INFO - Setting next_dagrun for youtube_extraction to None, run_after=None
[2026-09-16T15:50:25.346+0000] {processor.py:183} INFO - Processing /opt/airflow/dags/youtube_extraction.py took 0.138 seconds
[2026-09-16T15:50:55.424+0000] {processor.py:161} INFO - Started process (PID=2928) to work on /opt/airflow/dags/youtube_extraction.py
[2026-09-16T15:50:55.426+0000] {processor.py:830} INFO - Processing file /opt/airflow/dags/youtube_extraction.py for tasks to queue
[2026-09-16T15:50:55.429+0000] {logging_mixin.py:188} INFO - [2026-09-16T15:50:55.428+0000] {dagbag.py:545} INFO - Filling up the DagBag from /opt/airflow/dags/youtube_extraction.py
[2026-09-16T15:50:55.453+0000] {processor.py:840} INFO - DAG(s) 'youtube_extraction' retrieved from /opt/airflow/dags/youtube_extraction.py
[2026-09-16T15:50:55.507+0000] {logging_mixin.py:188} INFO - [2026-09-16T15:50:55.507+0000] {dag.py:3096} INFO - Sync 1 DAGs
[2026-09-16T15:50:55.527+0000] {logging_mixin.py:188} INFO - [2026-09-16T15:50:55.526+0000] {dag.py:3954} INFO - Setting next_dagrun for youtube_extraction to None, run_after=None
[2026-09-16T15:50:55.567+0000] {processor.py:183} INFO - Processing /opt/airflow/dags/youtube_extraction.py took 0.151 seconds
[2026-09-16T15:51:25.712+0000] {processor.py:161} INFO - Started process (PID=2939) to work on /opt/airflow/dags/youtube_extraction.py
[2026-09-16T15:51:25.714+0000] {processor.py:830} INFO - Processing file /opt/airflow/dags/youtube_extraction.py for tasks to queue
[2026-09-16T15:51:25.717+0000] {logging_mixin.py:188} INFO - [2026-09-16T15:51:25.716+0000] {dagbag.py:545} INFO - Filling up the DagBag from /opt/airflow/dags/youtube_extraction.py
[2026-09-16T15:51:25.737+0000] {processor.py:840} INFO - DAG(s) 'youtube_extraction' retrieved from /opt/airflow/dags/youtube_extraction.py
[2026-09-16T15:51:25.773+0000] {logging_mixin.py:188} INFO - [2026-09-16T15:51:25.772+0000] {dag.py:3096} INFO - Sync 1 DAGs
[2026-09-16T15:51:25.792+0000] {logging_mixin.py:188} INFO - [2026-09-16T15:51:25.792+0000] {dag.py:3954} INFO - Setting next_dagrun for youtube_extraction to None, run_after=None
[2026-09-16T15:51:25.828+0000] {processor.py:183} INFO - Processing /opt/airflow/dags/youtube_extraction.py took 0.124 seconds
[2026-09-16T15:51:55.939+0000] {processor.py:161} INFO - Started process (PID=2951) to work on /opt/airflow/dags/youtube_extraction.py
[2026-09-16T15:51:55.942+0000] {processor.py:830} INFO - Processing file /opt/airflow/dags/youtube_extraction.py for tasks to queue
[2026-09-16T15:51:55.947+0000] {logging_mixin.py:188} INFO - [2026-09-16T15:51:55.945+0000] {dagbag.py:545} INFO - Filling up the DagBag from /opt/airflow/dags/youtube_extraction.py
[2026-09-16T15:51:55.970+0000] {processor.py:840} INFO - DAG(s) 'youtube_extraction' retrieved from /opt/airflow/dags/youtube_extraction.py
[2026-09-16T15:51:56.018+0000] {logging_mixin.py:188} INFO - [2026-09-16T15:51:56.018+0000] {dag.py:3096} INFO - Sync 1 DAGs
[2026-09-16T15:51:56.040+0000] {logging_mixin.py:188} INFO - [2026-09-16T15:51:56.039+0000] {dag.py:3954} INFO - Setting next_dagrun for youtube_extraction to None, run_after=None
[2026-09-16T15:51:56.083+0000] {processor.py:183} INFO - Processing /opt/airflow/dags/youtube_extraction.py took 0.154 seconds
[2026-09-16T15:52:26.199+0000] {processor.py:161} INFO - Started process (PID=2962) to work on /opt/airflow/dags/youtube_extraction.py
[2026-09-16T15:52:26.201+0000] {processor.py:830} INFO - Processing file /opt/airflow/dags/youtube_extraction.py for tasks to queue
[2026-09-16T15:52:26.203+0000] {logging_mixin.py:188} INFO - [2026-09-16T15:52:26.203+0000] {dagbag.py:545} INFO - Filling up the DagBag from /opt/airflow/dags/youtube_extraction.py
[2026-09-16T15:52:26.222+0000] {processor.py:840} INFO - DAG(s) 'youtube_extraction' retrieved from /opt/airflow/dags/youtube_extraction.py
[2026-09-16T15:52:26.261+0000] {logging_mixin.py:188} INFO - [2026-09-16T15:52:26.261+0000] {dag.py:3096} INFO - Sync 1 DAGs
[2026-09-16T15:52:26.278+0000] {logging_mixin.py:188} INFO - [2026-09-16T15:52:26.277+0000] {dag.py:3954} INFO - Setting next_dagrun for youtube_extraction to None, run_after=None
[2026-09-16T15:52:26.314+0000] {processor.py:183} INFO - Processing /opt/airflow/dags/youtube_extraction.py took 0.124 seconds
[2026-09-16T15:52:56.440+0000] {processor.py:161} INFO - Started process (PID=2973) to work on /opt/airflow/dags/youtube_extraction.py
[2026-09-16T15:52:56.442+0000] {processor.py:830} INFO - Processing file /opt/airflow/dags/youtube_extraction.py for tasks to queue
[2026-09-16T15:52:56.444+0000] {logging_mixin.py:188} INFO - [2026-09-16T15:52:56.444+0000] {dagbag.py:545} INFO - Filling up the DagBag from /opt/airflow/dags/youtube_extraction.py
[2026-09-16T15:52:56.467+0000] {processor.py:840} INFO - DAG(s) 'youtube_extraction' retrieved from /opt/airflow/dags/youtube_extraction.py
[2026-09-16T15:52:56.506+0000] {logging_mixin.py:188} INFO - [2026-09-16T15:52:56.506+0000] {dag.py:3096} INFO - Sync 1 DAGs
[2026-09-16T15:52:56.526+0000] {logging_mixin.py:188} INFO - [2026-09-16T15:52:56.526+0000] {dag.py:3954} INFO - Setting next_dagrun for youtube_extraction to None, run_after=None
[2026-09-16T15:52:56.564+0000] {processor.py:183} INFO - Processing /opt/airflow/dags/youtube_extraction.py took 0.131 seconds
[2026-09-16T15:53:26.734+0000] {processor.py:161} INFO - Started process (PID=2984) to work on /opt/airflow/dags/youtube_extraction.py
[2026-09-16T15:53:26.737+0000] {processor.py:830} INFO - Processing file /opt/airflow/dags/youtube_extraction.py for tasks to queue
[2026-09-16T15:53:26.739+0000] {logging_mixin.py:188} INFO - [2026-09-16T15:53:26.739+0000] {dagbag.py:545} INFO - Filling up the DagBag from /opt/airflow/dags/youtube_extraction.py
[2026-09-16T15:53:26.759+0000] {processor.py:840} INFO - DAG(s) 'youtube_extraction' retrieved from /opt/airflow/dags/youtube_extraction.py
[2026-09-16T15:53:26.810+0000] {logging_mixin.py:188} INFO - [2026-09-16T15:53:26.810+0000] {dag.py:3096} INFO - Sync 1 DAGs
[2026-09-16T15:53:26.834+0000] {logging_mixin.py:188} INFO - [2026-09-16T15:53:26.834+0000] {dag.py:3954} INFO - Setting next_dagrun for youtube_extraction to None, run_after=None
[2026-09-16T15:53:26.873+0000] {processor.py:183} INFO - Processing /opt/airflow/dags/youtube_extraction.py took 0.149 seconds
[2026-09-16T15:53:56.956+0000] {processor.py:161} INFO - Started process (PID=2995) to work on /opt/airflow/dags/youtube_extraction.py
[2026-09-16T15:53:56.959+0000] {processor.py:830} INFO - Processing file /opt/airflow/dags/youtube_extraction.py for tasks to queue
[2026-09-16T15:53:56.961+0000] {logging_mixin.py:188} INFO - [2026-09-16T15:53:56.960+0000] {dagbag.py:545} INFO - Filling up the DagBag from /opt/airflow/dags/youtube_extraction.py
[2026-09-16T15:53:56.984+0000] {processor.py:840} INFO - DAG(s) 'youtube_extraction' retrieved from /opt/airflow/dags/youtube_extraction.py
[2026-09-16T15:53:57.021+0000] {logging_mixin.py:188} INFO - [2026-09-16T15:53:57.021+0000] {dag.py:3096} INFO - Sync 1 DAGs
[2026-09-16T15:53:57.040+0000] {logging_mixin.py:188} INFO - [2026-09-16T15:53:57.039+0000] {dag.py:3954} INFO - Setting next_dagrun for youtube_extraction to None, run_after=None
[2026-09-16T15:53:57.077+0000] {processor.py:183} INFO - Processing /opt/airflow/dags/youtube_extraction.py took 0.132 seconds
[2026-09-16T15:54:27.233+0000] {processor.py:161} INFO - Started process (PID=3006) to work on /opt/airflow/dags/youtube_extraction.py
[2026-09-16T15:54:27.236+0000] {processor.py:830} INFO - Processing file /opt/airflow/dags/youtube_extraction.py for tasks to queue
[2026-09-16T15:54:27.238+0000] {logging_mixin.py:188} INFO - [2026-09-16T15:54:27.237+0000] {dagbag.py:545} INFO - Filling up the DagBag from /opt/airflow/dags/youtube_extraction.py
[2026-09-16T15:54:27.258+0000] {processor.py:840} INFO - DAG(s) 'youtube_extraction' retrieved from /opt/airflow/dags/youtube_extraction.py
[2026-09-16T15:54:27.292+0000] {logging_mixin.py:188} INFO - [2026-09-16T15:54:27.292+0000] {dag.py:3096} INFO - Sync 1 DAGs
[2026-09-16T15:54:27.309+0000] {logging_mixin.py:188} INFO - [2026-09-16T15:54:27.309+0000] {dag.py:3954} INFO - Setting next_dagrun for youtube_extraction to None, run_after=None
[2026-09-16T15:54:27.344+0000] {processor.py:183} INFO - Processing /opt/airflow/dags/youtube_extraction.py took 0.120 seconds
[2026-09-16T15:54:57.430+0000] {processor.py:161} INFO - Started process (PID=3017) to work on /opt/airflow/dags/youtube_extraction.py
[2026-09-16T15:54:57.433+0000] {processor.py:830} INFO - Processing file /opt/airflow/dags/youtube_extraction.py for tasks to queue
[2026-09-16T15:54:57.436+0000] {logging_mixin.py:188} INFO - [2026-09-16T15:54:57.435+0000] {dagbag.py:545} INFO - Filling up the DagBag from /opt/airflow/dags/youtube_extraction.py
[2026-09-16T15:54:57.473+0000] {processor.py:840} INFO - DAG(s) 'youtube_extraction' retrieved from /opt/airflow/dags/youtube_extraction.py
[2026-09-16T15:54:57.514+0000] {logging_mixin.py:188} INFO - [2026-09-16T15:54:57.514+0000] {dag.py:3096} INFO - Sync 1 DAGs
[2026-09-16T15:54:57.538+0000] {logging_mixin.py:188} INFO - [2026-09-16T15:54:57.537+0000] {dag.py:3954} INFO - Setting next_dagrun for youtube_extraction to None, run_after=None
[2026-09-16T15:54:57.577+0000] {processor.py:183} INFO - Processing /opt/airflow/dags/youtube_extraction.py took 0.155 seconds
[2026-09-16T15:55:27.709+0000] {processor.py:161} INFO - Started process (PID=3028) to work on /opt/airflow/dags/youtube_extraction.py
[2026-09-16T15:55:27.711+0000] {processor.py:830} INFO - Processing file /opt/airflow/dags/youtube_extraction.py for tasks to queue
[2026-09-16T15:55:27.714+0000] {logging_mixin.py:188} INFO - [2026-09-16T15:55:27.713+0000] {dagbag.py:545} INFO - Filling up the DagBag from /opt/airflow/dags/youtube_extraction.py
[2026-09-16T15:55:27.736+0000] {processor.py:840} INFO - DAG(s) 'youtube_extraction' retrieved from /opt/airflow/dags/youtube_extraction.py
[2026-09-16T15:55:27.772+0000] {logging_mixin.py:188} INFO - [2026-09-16T15:55:27.772+0000] {dag.py:3096} INFO - Sync 1 DAGs
[2026-09-16T15:55:27.789+0000] {logging_mixin.py:188} INFO - [2026-09-16T15:55:27.788+0000] {dag.py:3954} INFO - Setting next_dagrun for youtube_extraction to None, run_after=None
[2026-09-16T15:55:27.827+0000] {processor.py:183} INFO - Processing /opt/airflow/dags/youtube_extraction.py took 0.126 seconds
[2026-09-16T15:55:57.949+0000] {processor.py:161} INFO - Started process (PID=3038) to work on /opt/airflow/dags/youtube_extraction.py
[2026-09-16T15:55:57.952+0000] {processor.py:830} INFO - Processing file /opt/airflow/dags/youtube_extraction.py for tasks to queue
[2026-09-16T15:55:57.954+0000] {logging_mixin.py:188} INFO - [2026-09-16T15:55:57.954+0000] {dagbag.py:545} INFO - Filling up the DagBag from /opt/airflow/dags/youtube_extraction.py
[2026-09-16T15:55:57.974+0000] {processor.py:840} INFO - DAG(s) 'youtube_extraction' retrieved from /opt/airflow/dags/youtube_extraction.py
[2026-09-16T15:55:58.014+0000] {logging_mixin.py:188} INFO - [2026-09-16T15:55:58.014+0000] {dag.py:3096} INFO - Sync 1 DAGs
[2026-09-16T15:55:58.034+0000] {logging_mixin.py:188} INFO - [2026-09-16T15:55:58.033+0000] {dag.py:3954} INFO - Setting next_dagrun for youtube_extraction to None, run_after=None
[2026-09-16T15:55:58.070+0000] {processor.py:183} INFO - Processing /opt/airflow/dags/youtube_extraction.py took 0.132 seconds
[2026-09-16T15:56:28.195+0000] {processor.py:161} INFO - Started process (PID=3049) to work on /opt/airflow/dags/youtube_extraction.py
[2026-09-16T15:56:28.197+0000] {processor.py:830} INFO - Processing file /opt/airflow/dags/youtube_extraction.py for tasks to queue
[2026-09-16T15:56:28.199+0000] {logging_mixin.py:188} INFO - [2026-09-16T15:56:28.199+0000] {dagbag.py:545} INFO - Filling up the DagBag from /opt/airflow/dags/youtube_extraction.py
[2026-09-16T15:56:28.218+0000] {processor.py:840} INFO - DAG(s) 'youtube_extraction' retrieved from /opt/airflow/dags/youtube_extraction.py
[2026-09-16T15:56:28.252+0000] {logging_mixin.py:188} INFO - [2026-09-16T15:56:28.252+0000] {dag.py:3096} INFO - Sync 1 DAGs
[2026-09-16T15:56:28.269+0000] {logging_mixin.py:188} INFO - [2026-09-16T15:56:28.268+0000] {dag.py:3954} INFO - Setting next_dagrun for youtube_extraction to None, run_after=None
[2026-09-16T15:56:28.302+0000] {processor.py:183} INFO - Processing /opt/airflow/dags/youtube_extraction.py took 0.115 seconds
[2026-09-16T15:56:58.500+0000] {processor.py:161} INFO - Started process (PID=3060) to work on /opt/airflow/dags/youtube_extraction.py
[2026-09-16T15:56:58.508+0000] {processor.py:830} INFO - Processing file /opt/airflow/dags/youtube_extraction.py for tasks to queue
[2026-09-16T15:56:58.513+0000] {logging_mixin.py:188} INFO - [2026-09-16T15:56:58.512+0000] {dagbag.py:545} INFO - Filling up the DagBag from /opt/airflow/dags/youtube_extraction.py
[2026-09-16T15:56:58.583+0000] {processor.py:840} INFO - DAG(s) 'youtube_extraction' retrieved from /opt/airflow/dags/youtube_extraction.py
[2026-09-16T15:56:58.717+0000] {logging_mixin.py:188} INFO - [2026-09-16T15:56:58.717+0000] {dag.py:3096} INFO - Sync 1 DAGs
[2026-09-16T15:56:58.780+0000] {logging_mixin.py:188} INFO - [2026-09-16T15:56:58.779+0000] {dag.py:3954} INFO - Setting next_dagrun for youtube_extraction to None, run_after=None
[2026-09-16T15:56:58.867+0000] {processor.py:183} INFO - Processing /opt/airflow/dags/youtube_extraction.py took 0.390 seconds
[2026-09-16T15:57:29.100+0000] {processor.py:161} INFO - Started process (PID=3071) to work on /opt/airflow/dags/youtube_extraction.py
[2026-09-16T15:57:29.102+0000] {processor.py:830} INFO - Processing file /opt/airflow/dags/youtube_extraction.py for tasks to queue
[2026-09-16T15:57:29.104+0000] {logging_mixin.py:188} INFO - [2026-09-16T15:57:29.103+0000] {dagbag.py:545} INFO - Filling up the DagBag from /opt/airflow/dags/youtube_extraction.py
[2026-09-16T15:57:29.121+0000] {processor.py:840} INFO - DAG(s) 'youtube_extraction' retrieved from /opt/airflow/dags/youtube_extraction.py
[2026-09-16T15:57:29.171+0000] {logging_mixin.py:188} INFO - [2026-09-16T15:57:29.171+0000] {dag.py:3096} INFO - Sync 1 DAGs
[2026-09-16T15:57:29.193+0000] {logging_mixin.py:188} INFO - [2026-09-16T15:57:29.192+0000] {dag.py:3954} INFO - Setting next_dagrun for youtube_extraction to None, run_after=None
[2026-09-16T15:57:29.229+0000] {processor.py:183} INFO - Processing /opt/airflow/dags/youtube_extraction.py took 0.137 seconds
[2026-09-16T15:57:59.310+0000] {processor.py:161} INFO - Started process (PID=3082) to work on /opt/airflow/dags/youtube_extraction.py
[2026-09-16T15:57:59.312+0000] {processor.py:830} INFO - Processing file /opt/airflow/dags/youtube_extraction.py for tasks to queue
[2026-09-16T15:57:59.314+0000] {logging_mixin.py:188} INFO - [2026-09-16T15:57:59.314+0000] {dagbag.py:545} INFO - Filling up the DagBag from /opt/airflow/dags/youtube_extraction.py
[2026-09-16T15:57:59.337+0000] {processor.py:840} INFO - DAG(s) 'youtube_extraction' retrieved from /opt/airflow/dags/youtube_extraction.py
[2026-09-16T15:57:59.376+0000] {logging_mixin.py:188} INFO - [2026-09-16T15:57:59.375+0000] {dag.py:3096} INFO - Sync 1 DAGs
[2026-09-16T15:57:59.393+0000] {logging_mixin.py:188} INFO - [2026-09-16T15:57:59.393+0000] {dag.py:3954} INFO - Setting next_dagrun for youtube_extraction to None, run_after=None
[2026-09-16T15:57:59.431+0000] {processor.py:183} INFO - Processing /opt/airflow/dags/youtube_extraction.py took 0.132 seconds
[2026-09-16T15:58:29.660+0000] {processor.py:161} INFO - Started process (PID=3093) to work on /opt/airflow/dags/youtube_extraction.py
[2026-09-16T15:58:29.663+0000] {processor.py:830} INFO - Processing file /opt/airflow/dags/youtube_extraction.py for tasks to queue
[2026-09-16T15:58:29.667+0000] {logging_mixin.py:188} INFO - [2026-09-16T15:58:29.667+0000] {dagbag.py:545} INFO - Filling up the DagBag from /opt/airflow/dags/youtube_extraction.py
[2026-09-16T15:58:29.692+0000] {processor.py:840} INFO - DAG(s) 'youtube_extraction' retrieved from /opt/airflow/dags/youtube_extraction.py
[2026-09-16T15:58:29.734+0000] {logging_mixin.py:188} INFO - [2026-09-16T15:58:29.734+0000] {dag.py:3096} INFO - Sync 1 DAGs
[2026-09-16T15:58:29.752+0000] {logging_mixin.py:188} INFO - [2026-09-16T15:58:29.752+0000] {dag.py:3954} INFO - Setting next_dagrun for youtube_extraction to None, run_after=None
[2026-09-16T15:58:29.793+0000] {processor.py:183} INFO - Processing /opt/airflow/dags/youtube_extraction.py took 0.142 seconds
[2026-09-16T15:58:59.844+0000] {processor.py:161} INFO - Started process (PID=3104) to work on /opt/airflow/dags/youtube_extraction.py
[2026-09-16T15:58:59.846+0000] {processor.py:830} INFO - Processing file /opt/airflow/dags/youtube_extraction.py for tasks to queue
[2026-09-16T15:58:59.848+0000] {logging_mixin.py:188} INFO - [2026-09-16T15:58:59.848+0000] {dagbag.py:545} INFO - Filling up the DagBag from /opt/airflow/dags/youtube_extraction.py
[2026-09-16T15:58:59.869+0000] {processor.py:840} INFO - DAG(s) 'youtube_extraction' retrieved from /opt/airflow/dags/youtube_extraction.py
[2026-09-16T15:58:59.906+0000] {logging_mixin.py:188} INFO - [2026-09-16T15:58:59.906+0000] {dag.py:3096} INFO - Sync 1 DAGs
[2026-09-16T15:58:59.926+0000] {logging_mixin.py:188} INFO - [2026-09-16T15:58:59.925+0000] {dag.py:3954} INFO - Setting next_dagrun for youtube_extraction to None, run_after=None
[2026-09-16T15:58:59.955+0000] {processor.py:183} INFO - Processing /opt/airflow/dags/youtube_extraction.py took 0.118 seconds
[2026-09-16T15:59:30.174+0000] {processor.py:161} INFO - Started process (PID=3118) to work on /opt/airflow/dags/youtube_extraction.py
[2026-09-16T15:59:30.176+0000] {processor.py:830} INFO - Processing file /opt/airflow/dags/youtube_extraction.py for tasks to queue
[2026-09-16T15:59:30.180+0000] {logging_mixin.py:188} INFO - [2026-09-16T15:59:30.179+0000] {dagbag.py:545} INFO - Filling up the DagBag from /opt/airflow/dags/youtube_extraction.py
[2026-09-16T15:59:30.202+0000] {processor.py:840} INFO - DAG(s) 'youtube_extraction' retrieved from /opt/airflow/dags/youtube_extraction.py
[2026-09-16T15:59:30.243+0000] {logging_mixin.py:188} INFO - [2026-09-16T15:59:30.243+0000] {dag.py:3096} INFO - Sync 1 DAGs
[2026-09-16T15:59:30.259+0000] {logging_mixin.py:188} INFO - [2026-09-16T15:59:30.259+0000] {dag.py:3954} INFO - Setting next_dagrun for youtube_extraction to None, run_after=None
[2026-09-16T15:59:30.286+0000] {processor.py:183} INFO - Processing /opt/airflow/dags/youtube_extraction.py took 0.121 seconds
[2026-09-16T16:00:00.358+0000] {processor.py:161} INFO - Started process (PID=3129) to work on /opt/airflow/dags/youtube_extraction.py
[2026-09-16T16:00:00.360+0000] {processor.py:830} INFO - Processing file /opt/airflow/dags/youtube_extraction.py for tasks to queue
[2026-09-16T16:00:00.362+0000] {logging_mixin.py:188} INFO - [2026-09-16T16:00:00.362+0000] {dagbag.py:545} INFO - Filling up the DagBag from /opt/airflow/dags/youtube_extraction.py
[2026-09-16T16:00:00.383+0000] {processor.py:840} INFO - DAG(s) 'youtube_extraction' retrieved from /opt/airflow/dags/youtube_extraction.py
[2026-09-16T16:00:00.432+0000] {logging_mixin.py:188} INFO - [2026-09-16T16:00:00.432+0000] {dag.py:3096} INFO - Sync 1 DAGs
[2026-09-16T16:00:00.460+0000] {logging_mixin.py:188} INFO - [2026-09-16T16:00:00.459+0000] {dag.py:3954} INFO - Setting next_dagrun for youtube_extraction to None, run_after=None
[2026-09-16T16:00:00.510+0000] {processor.py:183} INFO - Processing /opt/airflow/dags/youtube_extraction.py took 0.161 seconds
[2026-09-16T16:00:30.644+0000] {processor.py:161} INFO - Started process (PID=3141) to work on /opt/airflow/dags/youtube_extraction.py
[2026-09-16T16:00:30.646+0000] {processor.py:830} INFO - Processing file /opt/airflow/dags/youtube_extraction.py for tasks to queue
[2026-09-16T16:00:30.648+0000] {logging_mixin.py:188} INFO - [2026-09-16T16:00:30.648+0000] {dagbag.py:545} INFO - Filling up the DagBag from /opt/airflow/dags/youtube_extraction.py
[2026-09-16T16:00:30.669+0000] {processor.py:840} INFO - DAG(s) 'youtube_extraction' retrieved from /opt/airflow/dags/youtube_extraction.py
[2026-09-16T16:00:30.708+0000] {logging_mixin.py:188} INFO - [2026-09-16T16:00:30.707+0000] {dag.py:3096} INFO - Sync 1 DAGs
[2026-09-16T16:00:30.725+0000] {logging_mixin.py:188} INFO - [2026-09-16T16:00:30.724+0000] {dag.py:3954} INFO - Setting next_dagrun for youtube_extraction to None, run_after=None
[2026-09-16T16:00:30.759+0000] {processor.py:183} INFO - Processing /opt/airflow/dags/youtube_extraction.py took 0.123 seconds
[2026-09-16T16:01:00.898+0000] {processor.py:161} INFO - Started process (PID=3153) to work on /opt/airflow/dags/youtube_extraction.py
[2026-09-16T16:01:00.900+0000] {processor.py:830} INFO - Processing file /opt/airflow/dags/youtube_extraction.py for tasks to queue
[2026-09-16T16:01:00.903+0000] {logging_mixin.py:188} INFO - [2026-09-16T16:01:00.902+0000] {dagbag.py:545} INFO - Filling up the DagBag from /opt/airflow/dags/youtube_extraction.py
[2026-09-16T16:01:00.973+0000] {processor.py:840} INFO - DAG(s) 'youtube_extraction' retrieved from /opt/airflow/dags/youtube_extraction.py
[2026-09-16T16:01:01.030+0000] {logging_mixin.py:188} INFO - [2026-09-16T16:01:01.030+0000] {dag.py:3096} INFO - Sync 1 DAGs
[2026-09-16T16:01:01.047+0000] {logging_mixin.py:188} INFO - [2026-09-16T16:01:01.047+0000] {dag.py:3954} INFO - Setting next_dagrun for youtube_extraction to None, run_after=None
[2026-09-16T16:01:01.082+0000] {processor.py:183} INFO - Processing /opt/airflow/dags/youtube_extraction.py took 0.191 seconds
[2026-09-16T16:01:31.284+0000] {processor.py:161} INFO - Started process (PID=3165) to work on /opt/airflow/dags/youtube_extraction.py
[2026-09-16T16:01:31.287+0000] {processor.py:830} INFO - Processing file /opt/airflow/dags/youtube_extraction.py for tasks to queue
[2026-09-16T16:01:31.289+0000] {logging_mixin.py:188} INFO - [2026-09-16T16:01:31.288+0000] {dagbag.py:545} INFO - Filling up the DagBag from /opt/airflow/dags/youtube_extraction.py
[2026-09-16T16:01:31.309+0000] {processor.py:840} INFO - DAG(s) 'youtube_extraction' retrieved from /opt/airflow/dags/youtube_extraction.py
[2026-09-16T16:01:31.349+0000] {logging_mixin.py:188} INFO - [2026-09-16T16:01:31.348+0000] {dag.py:3096} INFO - Sync 1 DAGs
[2026-09-16T16:01:31.364+0000] {logging_mixin.py:188} INFO - [2026-09-16T16:01:31.363+0000] {dag.py:3954} INFO - Setting next_dagrun for youtube_extraction to None, run_after=None
[2026-09-16T16:01:31.392+0000] {processor.py:183} INFO - Processing /opt/airflow/dags/youtube_extraction.py took 0.116 seconds
[2026-09-16T16:02:01.462+0000] {processor.py:161} INFO - Started process (PID=3176) to work on /opt/airflow/dags/youtube_extraction.py
[2026-09-16T16:02:01.464+0000] {processor.py:830} INFO - Processing file /opt/airflow/dags/youtube_extraction.py for tasks to queue
[2026-09-16T16:02:01.467+0000] {logging_mixin.py:188} INFO - [2026-09-16T16:02:01.466+0000] {dagbag.py:545} INFO - Filling up the DagBag from /opt/airflow/dags/youtube_extraction.py
[2026-09-16T16:02:01.491+0000] {processor.py:840} INFO - DAG(s) 'youtube_extraction' retrieved from /opt/airflow/dags/youtube_extraction.py
[2026-09-16T16:02:01.535+0000] {logging_mixin.py:188} INFO - [2026-09-16T16:02:01.534+0000] {dag.py:3096} INFO - Sync 1 DAGs
[2026-09-16T16:02:01.556+0000] {logging_mixin.py:188} INFO - [2026-09-16T16:02:01.556+0000] {dag.py:3954} INFO - Setting next_dagrun for youtube_extraction to None, run_after=None
[2026-09-16T16:02:01.588+0000] {processor.py:183} INFO - Processing /opt/airflow/dags/youtube_extraction.py took 0.134 seconds
[2026-09-16T16:02:31.756+0000] {processor.py:161} INFO - Started process (PID=3187) to work on /opt/airflow/dags/youtube_extraction.py
[2026-09-16T16:02:31.759+0000] {processor.py:830} INFO - Processing file /opt/airflow/dags/youtube_extraction.py for tasks to queue
[2026-09-16T16:02:31.760+0000] {logging_mixin.py:188} INFO - [2026-09-16T16:02:31.760+0000] {dagbag.py:545} INFO - Filling up the DagBag from /opt/airflow/dags/youtube_extraction.py
[2026-09-16T16:02:31.780+0000] {processor.py:840} INFO - DAG(s) 'youtube_extraction' retrieved from /opt/airflow/dags/youtube_extraction.py
[2026-09-16T16:02:31.814+0000] {logging_mixin.py:188} INFO - [2026-09-16T16:02:31.813+0000] {dag.py:3096} INFO - Sync 1 DAGs
[2026-09-16T16:02:31.830+0000] {logging_mixin.py:188} INFO - [2026-09-16T16:02:31.830+0000] {dag.py:3954} INFO - Setting next_dagrun for youtube_extraction to None, run_after=None
[2026-09-16T16:02:31.863+0000] {processor.py:183} INFO - Processing /opt/airflow/dags/youtube_extraction.py took 0.114 seconds
[2026-09-16T16:03:01.942+0000] {processor.py:161} INFO - Started process (PID=3197) to work on /opt/airflow/dags/youtube_extraction.py
[2026-09-16T16:03:01.944+0000] {processor.py:830} INFO - Processing file /opt/airflow/dags/youtube_extraction.py for tasks to queue
[2026-09-16T16:03:01.946+0000] {logging_mixin.py:188} INFO - [2026-09-16T16:03:01.945+0000] {dagbag.py:545} INFO - Filling up the DagBag from /opt/airflow/dags/youtube_extraction.py
[2026-09-16T16:03:01.963+0000] {processor.py:840} INFO - DAG(s) 'youtube_extraction' retrieved from /opt/airflow/dags/youtube_extraction.py
[2026-09-16T16:03:01.998+0000] {logging_mixin.py:188} INFO - [2026-09-16T16:03:01.998+0000] {dag.py:3096} INFO - Sync 1 DAGs
[2026-09-16T16:03:02.014+0000] {logging_mixin.py:188} INFO - [2026-09-16T16:03:02.014+0000] {dag.py:3954} INFO - Setting next_dagrun for youtube_extraction to None, run_after=None
[2026-09-16T16:03:02.043+0000] {processor.py:183} INFO - Processing /opt/airflow/dags/youtube_extraction.py took 0.110 seconds
[2026-09-16T16:03:32.257+0000] {processor.py:161} INFO - Started process (PID=3208) to work on /opt/airflow/dags/youtube_extraction.py
[2026-09-16T16:03:32.260+0000] {processor.py:830} INFO - Processing file /opt/airflow/dags/youtube_extraction.py for tasks to queue
[2026-09-16T16:03:32.262+0000] {logging_mixin.py:188} INFO - [2026-09-16T16:03:32.262+0000] {dagbag.py:545} INFO - Filling up the DagBag from /opt/airflow/dags/youtube_extraction.py
[2026-09-16T16:03:32.283+0000] {processor.py:840} INFO - DAG(s) 'youtube_extraction' retrieved from /opt/airflow/dags/youtube_extraction.py
[2026-09-16T16:03:32.320+0000] {logging_mixin.py:188} INFO - [2026-09-16T16:03:32.319+0000] {dag.py:3096} INFO - Sync 1 DAGs
[2026-09-16T16:03:32.335+0000] {logging_mixin.py:188} INFO - [2026-09-16T16:03:32.335+0000] {dag.py:3954} INFO - Setting next_dagrun for youtube_extraction to None, run_after=None
[2026-09-16T16:03:32.371+0000] {processor.py:183} INFO - Processing /opt/airflow/dags/youtube_extraction.py took 0.121 seconds
[2026-09-16T16:04:02.436+0000] {processor.py:161} INFO - Started process (PID=3219) to work on /opt/airflow/dags/youtube_extraction.py
[2026-09-16T16:04:02.439+0000] {processor.py:830} INFO - Processing file /opt/airflow/dags/youtube_extraction.py for tasks to queue
[2026-09-16T16:04:02.441+0000] {logging_mixin.py:188} INFO - [2026-09-16T16:04:02.440+0000] {dagbag.py:545} INFO - Filling up the DagBag from /opt/airflow/dags/youtube_extraction.py
[2026-09-16T16:04:02.460+0000] {processor.py:840} INFO - DAG(s) 'youtube_extraction' retrieved from /opt/airflow/dags/youtube_extraction.py
[2026-09-16T16:04:02.497+0000] {logging_mixin.py:188} INFO - [2026-09-16T16:04:02.497+0000] {dag.py:3096} INFO - Sync 1 DAGs
[2026-09-16T16:04:02.515+0000] {logging_mixin.py:188} INFO - [2026-09-16T16:04:02.514+0000] {dag.py:3954} INFO - Setting next_dagrun for youtube_extraction to None, run_after=None
[2026-09-16T16:04:02.550+0000] {processor.py:183} INFO - Processing /opt/airflow/dags/youtube_extraction.py took 0.121 seconds
[2026-09-16T16:04:32.726+0000] {processor.py:161} INFO - Started process (PID=3230) to work on /opt/airflow/dags/youtube_extraction.py
[2026-09-16T16:04:32.728+0000] {processor.py:830} INFO - Processing file /opt/airflow/dags/youtube_extraction.py for tasks to queue
[2026-09-16T16:04:32.730+0000] {logging_mixin.py:188} INFO - [2026-09-16T16:04:32.730+0000] {dagbag.py:545} INFO - Filling up the DagBag from /opt/airflow/dags/youtube_extraction.py
[2026-09-16T16:04:32.749+0000] {processor.py:840} INFO - DAG(s) 'youtube_extraction' retrieved from /opt/airflow/dags/youtube_extraction.py
[2026-09-16T16:04:32.784+0000] {logging_mixin.py:188} INFO - [2026-09-16T16:04:32.783+0000] {dag.py:3096} INFO - Sync 1 DAGs
[2026-09-16T16:04:32.800+0000] {logging_mixin.py:188} INFO - [2026-09-16T16:04:32.800+0000] {dag.py:3954} INFO - Setting next_dagrun for youtube_extraction to None, run_after=None
[2026-09-16T16:04:32.835+0000] {processor.py:183} INFO - Processing /opt/airflow/dags/youtube_extraction.py took 0.116 seconds
[2026-09-16T16:05:02.914+0000] {processor.py:161} INFO - Started process (PID=3241) to work on /opt/airflow/dags/youtube_extraction.py
[2026-09-16T16:05:02.916+0000] {processor.py:830} INFO - Processing file /opt/airflow/dags/youtube_extraction.py for tasks to queue
[2026-09-16T16:05:02.918+0000] {logging_mixin.py:188} INFO - [2026-09-16T16:05:02.918+0000] {dagbag.py:545} INFO - Filling up the DagBag from /opt/airflow/dags/youtube_extraction.py
[2026-09-16T16:05:02.936+0000] {processor.py:840} INFO - DAG(s) 'youtube_extraction' retrieved from /opt/airflow/dags/youtube_extraction.py
[2026-09-16T16:05:02.972+0000] {logging_mixin.py:188} INFO - [2026-09-16T16:05:02.972+0000] {dag.py:3096} INFO - Sync 1 DAGs
[2026-09-16T16:05:02.989+0000] {logging_mixin.py:188} INFO - [2026-09-16T16:05:02.989+0000] {dag.py:3954} INFO - Setting next_dagrun for youtube_extraction to None, run_after=None
[2026-09-16T16:05:03.027+0000] {processor.py:183} INFO - Processing /opt/airflow/dags/youtube_extraction.py took 0.120 seconds
[2026-09-16T16:05:33.198+0000] {processor.py:161} INFO - Started process (PID=3252) to work on /opt/airflow/dags/youtube_extraction.py
[2026-09-16T16:05:33.201+0000] {processor.py:830} INFO - Processing file /opt/airflow/dags/youtube_extraction.py for tasks to queue
[2026-09-16T16:05:33.203+0000] {logging_mixin.py:188} INFO - [2026-09-16T16:05:33.202+0000] {dagbag.py:545} INFO - Filling up the DagBag from /opt/airflow/dags/youtube_extraction.py
[2026-09-16T16:05:33.227+0000] {processor.py:840} INFO - DAG(s) 'youtube_extraction' retrieved from /opt/airflow/dags/youtube_extraction.py
[2026-09-16T16:05:33.269+0000] {logging_mixin.py:188} INFO - [2026-09-16T16:05:33.269+0000] {dag.py:3096} INFO - Sync 1 DAGs
[2026-09-16T16:05:33.295+0000] {logging_mixin.py:188} INFO - [2026-09-16T16:05:33.294+0000] {dag.py:3954} INFO - Setting next_dagrun for youtube_extraction to None, run_after=None
[2026-09-16T16:05:33.340+0000] {processor.py:183} INFO - Processing /opt/airflow/dags/youtube_extraction.py took 0.149 seconds
[2026-09-16T16:06:03.539+0000] {processor.py:161} INFO - Started process (PID=3263) to work on /opt/airflow/dags/youtube_extraction.py
[2026-09-16T16:06:03.542+0000] {processor.py:830} INFO - Processing file /opt/airflow/dags/youtube_extraction.py for tasks to queue
[2026-09-16T16:06:03.544+0000] {logging_mixin.py:188} INFO - [2026-09-16T16:06:03.544+0000] {dagbag.py:545} INFO - Filling up the DagBag from /opt/airflow/dags/youtube_extraction.py
[2026-09-16T16:06:03.572+0000] {processor.py:840} INFO - DAG(s) 'youtube_extraction' retrieved from /opt/airflow/dags/youtube_extraction.py
[2026-09-16T16:06:03.629+0000] {logging_mixin.py:188} INFO - [2026-09-16T16:06:03.628+0000] {dag.py:3096} INFO - Sync 1 DAGs
[2026-09-16T16:06:03.654+0000] {logging_mixin.py:188} INFO - [2026-09-16T16:06:03.653+0000] {dag.py:3954} INFO - Setting next_dagrun for youtube_extraction to None, run_after=None
[2026-09-16T16:06:03.689+0000] {processor.py:183} INFO - Processing /opt/airflow/dags/youtube_extraction.py took 0.161 seconds
[2026-09-16T16:06:33.875+0000] {processor.py:161} INFO - Started process (PID=3274) to work on /opt/airflow/dags/youtube_extraction.py
[2026-09-16T16:06:33.877+0000] {processor.py:830} INFO - Processing file /opt/airflow/dags/youtube_extraction.py for tasks to queue
[2026-09-16T16:06:33.879+0000] {logging_mixin.py:188} INFO - [2026-09-16T16:06:33.879+0000] {dagbag.py:545} INFO - Filling up the DagBag from /opt/airflow/dags/youtube_extraction.py
[2026-09-16T16:06:33.900+0000] {processor.py:840} INFO - DAG(s) 'youtube_extraction' retrieved from /opt/airflow/dags/youtube_extraction.py
[2026-09-16T16:06:33.935+0000] {logging_mixin.py:188} INFO - [2026-09-16T16:06:33.935+0000] {dag.py:3096} INFO - Sync 1 DAGs
[2026-09-16T16:06:33.952+0000] {logging_mixin.py:188} INFO - [2026-09-16T16:06:33.951+0000] {dag.py:3954} INFO - Setting next_dagrun for youtube_extraction to None, run_after=None
[2026-09-16T16:06:33.986+0000] {processor.py:183} INFO - Processing /opt/airflow/dags/youtube_extraction.py took 0.119 seconds
[2026-09-16T16:07:04.047+0000] {processor.py:161} INFO - Started process (PID=3285) to work on /opt/airflow/dags/youtube_extraction.py
[2026-09-16T16:07:04.049+0000] {processor.py:830} INFO - Processing file /opt/airflow/dags/youtube_extraction.py for tasks to queue
[2026-09-16T16:07:04.051+0000] {logging_mixin.py:188} INFO - [2026-09-16T16:07:04.051+0000] {dagbag.py:545} INFO - Filling up the DagBag from /opt/airflow/dags/youtube_extraction.py
[2026-09-16T16:07:04.069+0000] {processor.py:840} INFO - DAG(s) 'youtube_extraction' retrieved from /opt/airflow/dags/youtube_extraction.py
[2026-09-16T16:07:04.104+0000] {logging_mixin.py:188} INFO - [2026-09-16T16:07:04.104+0000] {dag.py:3096} INFO - Sync 1 DAGs
[2026-09-16T16:07:04.121+0000] {logging_mixin.py:188} INFO - [2026-09-16T16:07:04.120+0000] {dag.py:3954} INFO - Setting next_dagrun for youtube_extraction to None, run_after=None
[2026-09-16T16:07:04.151+0000] {processor.py:183} INFO - Processing /opt/airflow/dags/youtube_extraction.py took 0.113 seconds
[2026-09-16T16:07:34.342+0000] {processor.py:161} INFO - Started process (PID=3296) to work on /opt/airflow/dags/youtube_extraction.py
[2026-09-16T16:07:34.344+0000] {processor.py:830} INFO - Processing file /opt/airflow/dags/youtube_extraction.py for tasks to queue
[2026-09-16T16:07:34.346+0000] {logging_mixin.py:188} INFO - [2026-09-16T16:07:34.345+0000] {dagbag.py:545} INFO - Filling up the DagBag from /opt/airflow/dags/youtube_extraction.py
[2026-09-16T16:07:34.363+0000] {processor.py:840} INFO - DAG(s) 'youtube_extraction' retrieved from /opt/airflow/dags/youtube_extraction.py
[2026-09-16T16:07:34.396+0000] {logging_mixin.py:188} INFO - [2026-09-16T16:07:34.396+0000] {dag.py:3096} INFO - Sync 1 DAGs
[2026-09-16T16:07:34.412+0000] {logging_mixin.py:188} INFO - [2026-09-16T16:07:34.411+0000] {dag.py:3954} INFO - Setting next_dagrun for youtube_extraction to None, run_after=None
[2026-09-16T16:07:34.447+0000] {processor.py:183} INFO - Processing /opt/airflow/dags/youtube_extraction.py took 0.112 seconds
[2026-09-16T16:08:04.520+0000] {processor.py:161} INFO - Started process (PID=3307) to work on /opt/airflow/dags/youtube_extraction.py
[2026-09-16T16:08:04.523+0000] {processor.py:830} INFO - Processing file /opt/airflow/dags/youtube_extraction.py for tasks to queue
[2026-09-16T16:08:04.526+0000] {logging_mixin.py:188} INFO - [2026-09-16T16:08:04.526+0000] {dagbag.py:545} INFO - Filling up the DagBag from /opt/airflow/dags/youtube_extraction.py
[2026-09-16T16:08:04.547+0000] {processor.py:840} INFO - DAG(s) 'youtube_extraction' retrieved from /opt/airflow/dags/youtube_extraction.py
[2026-09-16T16:08:04.581+0000] {logging_mixin.py:188} INFO - [2026-09-16T16:08:04.581+0000] {dag.py:3096} INFO - Sync 1 DAGs
[2026-09-16T16:08:04.598+0000] {logging_mixin.py:188} INFO - [2026-09-16T16:08:04.597+0000] {dag.py:3954} INFO - Setting next_dagrun for youtube_extraction to None, run_after=None
[2026-09-16T16:08:04.630+0000] {processor.py:183} INFO - Processing /opt/airflow/dags/youtube_extraction.py took 0.118 seconds
[2026-09-16T16:08:34.824+0000] {processor.py:161} INFO - Started process (PID=3318) to work on /opt/airflow/dags/youtube_extraction.py
[2026-09-16T16:08:34.826+0000] {processor.py:830} INFO - Processing file /opt/airflow/dags/youtube_extraction.py for tasks to queue
[2026-09-16T16:08:34.829+0000] {logging_mixin.py:188} INFO - [2026-09-16T16:08:34.829+0000] {dagbag.py:545} INFO - Filling up the DagBag from /opt/airflow/dags/youtube_extraction.py
[2026-09-16T16:08:34.850+0000] {processor.py:840} INFO - DAG(s) 'youtube_extraction' retrieved from /opt/airflow/dags/youtube_extraction.py
[2026-09-16T16:08:34.888+0000] {logging_mixin.py:188} INFO - [2026-09-16T16:08:34.888+0000] {dag.py:3096} INFO - Sync 1 DAGs
[2026-09-16T16:08:34.905+0000] {logging_mixin.py:188} INFO - [2026-09-16T16:08:34.905+0000] {dag.py:3954} INFO - Setting next_dagrun for youtube_extraction to None, run_after=None
[2026-09-16T16:08:34.932+0000] {processor.py:183} INFO - Processing /opt/airflow/dags/youtube_extraction.py took 0.115 seconds
[2026-09-16T16:09:05.156+0000] {processor.py:161} INFO - Started process (PID=3329) to work on /opt/airflow/dags/youtube_extraction.py
[2026-09-16T16:09:05.159+0000] {processor.py:830} INFO - Processing file /opt/airflow/dags/youtube_extraction.py for tasks to queue
[2026-09-16T16:09:05.161+0000] {logging_mixin.py:188} INFO - [2026-09-16T16:09:05.160+0000] {dagbag.py:545} INFO - Filling up the DagBag from /opt/airflow/dags/youtube_extraction.py
[2026-09-16T16:09:05.183+0000] {processor.py:840} INFO - DAG(s) 'youtube_extraction' retrieved from /opt/airflow/dags/youtube_extraction.py
[2026-09-16T16:09:05.222+0000] {logging_mixin.py:188} INFO - [2026-09-16T16:09:05.222+0000] {dag.py:3096} INFO - Sync 1 DAGs
[2026-09-16T16:09:05.237+0000] {logging_mixin.py:188} INFO - [2026-09-16T16:09:05.237+0000] {dag.py:3954} INFO - Setting next_dagrun for youtube_extraction to None, run_after=None
[2026-09-16T16:09:05.264+0000] {processor.py:183} INFO - Processing /opt/airflow/dags/youtube_extraction.py took 0.115 seconds
[2026-09-16T16:09:35.327+0000] {processor.py:161} INFO - Started process (PID=3340) to work on /opt/airflow/dags/youtube_extraction.py
[2026-09-16T16:09:35.330+0000] {processor.py:830} INFO - Processing file /opt/airflow/dags/youtube_extraction.py for tasks to queue
[2026-09-16T16:09:35.332+0000] {logging_mixin.py:188} INFO - [2026-09-16T16:09:35.331+0000] {dagbag.py:545} INFO - Filling up the DagBag from /opt/airflow/dags/youtube_extraction.py
[2026-09-16T16:09:35.352+0000] {processor.py:840} INFO - DAG(s) 'youtube_extraction' retrieved from /opt/airflow/dags/youtube_extraction.py
[2026-09-16T16:09:35.386+0000] {logging_mixin.py:188} INFO - [2026-09-16T16:09:35.385+0000] {dag.py:3096} INFO - Sync 1 DAGs
[2026-09-16T16:09:35.401+0000] {logging_mixin.py:188} INFO - [2026-09-16T16:09:35.401+0000] {dag.py:3954} INFO - Setting next_dagrun for youtube_extraction to None, run_after=None
[2026-09-16T16:09:35.436+0000] {processor.py:183} INFO - Processing /opt/airflow/dags/youtube_extraction.py took 0.116 seconds
[2026-09-16T16:10:05.621+0000] {processor.py:161} INFO - Started process (PID=3351) to work on /opt/airflow/dags/youtube_extraction.py
[2026-09-16T16:10:05.623+0000] {processor.py:830} INFO - Processing file /opt/airflow/dags/youtube_extraction.py for tasks to queue
[2026-09-16T16:10:05.626+0000] {logging_mixin.py:188} INFO - [2026-09-16T16:10:05.625+0000] {dagbag.py:545} INFO - Filling up the DagBag from /opt/airflow/dags/youtube_extraction.py
[2026-09-16T16:10:05.652+0000] {processor.py:840} INFO - DAG(s) 'youtube_extraction' retrieved from /opt/airflow/dags/youtube_extraction.py
[2026-09-16T16:10:05.686+0000] {logging_mixin.py:188} INFO - [2026-09-16T16:10:05.686+0000] {dag.py:3096} INFO - Sync 1 DAGs
[2026-09-16T16:10:05.702+0000] {logging_mixin.py:188} INFO - [2026-09-16T16:10:05.702+0000] {dag.py:3954} INFO - Setting next_dagrun for youtube_extraction to None, run_after=None
[2026-09-16T16:10:05.737+0000] {processor.py:183} INFO - Processing /opt/airflow/dags/youtube_extraction.py took 0.121 seconds
[2026-09-16T16:10:35.808+0000] {processor.py:161} INFO - Started process (PID=3362) to work on /opt/airflow/dags/youtube_extraction.py
[2026-09-16T16:10:35.810+0000] {processor.py:830} INFO - Processing file /opt/airflow/dags/youtube_extraction.py for tasks to queue
[2026-09-16T16:10:35.812+0000] {logging_mixin.py:188} INFO - [2026-09-16T16:10:35.812+0000] {dagbag.py:545} INFO - Filling up the DagBag from /opt/airflow/dags/youtube_extraction.py
[2026-09-16T16:10:35.840+0000] {processor.py:840} INFO - DAG(s) 'youtube_extraction' retrieved from /opt/airflow/dags/youtube_extraction.py
[2026-09-16T16:10:35.874+0000] {logging_mixin.py:188} INFO - [2026-09-16T16:10:35.874+0000] {dag.py:3096} INFO - Sync 1 DAGs
[2026-09-16T16:10:35.891+0000] {logging_mixin.py:188} INFO - [2026-09-16T16:10:35.891+0000] {dag.py:3954} INFO - Setting next_dagrun for youtube_extraction to None, run_after=None
[2026-09-16T16:10:35.925+0000] {processor.py:183} INFO - Processing /opt/airflow/dags/youtube_extraction.py took 0.125 seconds
[2026-09-16T16:11:06.104+0000] {processor.py:161} INFO - Started process (PID=3373) to work on /opt/airflow/dags/youtube_extraction.py
[2026-09-16T16:11:06.106+0000] {processor.py:830} INFO - Processing file /opt/airflow/dags/youtube_extraction.py for tasks to queue
[2026-09-16T16:11:06.108+0000] {logging_mixin.py:188} INFO - [2026-09-16T16:11:06.107+0000] {dagbag.py:545} INFO - Filling up the DagBag from /opt/airflow/dags/youtube_extraction.py
[2026-09-16T16:11:06.128+0000] {processor.py:840} INFO - DAG(s) 'youtube_extraction' retrieved from /opt/airflow/dags/youtube_extraction.py
[2026-09-16T16:11:06.161+0000] {logging_mixin.py:188} INFO - [2026-09-16T16:11:06.161+0000] {dag.py:3096} INFO - Sync 1 DAGs
[2026-09-16T16:11:06.176+0000] {logging_mixin.py:188} INFO - [2026-09-16T16:11:06.176+0000] {dag.py:3954} INFO - Setting next_dagrun for youtube_extraction to None, run_after=None
[2026-09-16T16:11:06.218+0000] {processor.py:183} INFO - Processing /opt/airflow/dags/youtube_extraction.py took 0.121 seconds
[2026-09-16T16:11:36.293+0000] {processor.py:161} INFO - Started process (PID=3384) to work on /opt/airflow/dags/youtube_extraction.py
[2026-09-16T16:11:36.296+0000] {processor.py:830} INFO - Processing file /opt/airflow/dags/youtube_extraction.py for tasks to queue
[2026-09-16T16:11:36.298+0000] {logging_mixin.py:188} INFO - [2026-09-16T16:11:36.298+0000] {dagbag.py:545} INFO - Filling up the DagBag from /opt/airflow/dags/youtube_extraction.py
[2026-09-16T16:11:36.320+0000] {processor.py:840} INFO - DAG(s) 'youtube_extraction' retrieved from /opt/airflow/dags/youtube_extraction.py
[2026-09-16T16:11:36.365+0000] {logging_mixin.py:188} INFO - [2026-09-16T16:11:36.364+0000] {dag.py:3096} INFO - Sync 1 DAGs
[2026-09-16T16:11:36.383+0000] {logging_mixin.py:188} INFO - [2026-09-16T16:11:36.382+0000] {dag.py:3954} INFO - Setting next_dagrun for youtube_extraction to None, run_after=None
[2026-09-16T16:11:36.420+0000] {processor.py:183} INFO - Processing /opt/airflow/dags/youtube_extraction.py took 0.138 seconds
[2026-09-16T16:12:06.580+0000] {processor.py:161} INFO - Started process (PID=3395) to work on /opt/airflow/dags/youtube_extraction.py
[2026-09-16T16:12:06.583+0000] {processor.py:830} INFO - Processing file /opt/airflow/dags/youtube_extraction.py for tasks to queue
[2026-09-16T16:12:06.585+0000] {logging_mixin.py:188} INFO - [2026-09-16T16:12:06.584+0000] {dagbag.py:545} INFO - Filling up the DagBag from /opt/airflow/dags/youtube_extraction.py
[2026-09-16T16:12:06.603+0000] {processor.py:840} INFO - DAG(s) 'youtube_extraction' retrieved from /opt/airflow/dags/youtube_extraction.py
[2026-09-16T16:12:06.640+0000] {logging_mixin.py:188} INFO - [2026-09-16T16:12:06.639+0000] {dag.py:3096} INFO - Sync 1 DAGs
[2026-09-16T16:12:06.658+0000] {logging_mixin.py:188} INFO - [2026-09-16T16:12:06.658+0000] {dag.py:3954} INFO - Setting next_dagrun for youtube_extraction to None, run_after=None
[2026-09-16T16:12:06.687+0000] {processor.py:183} INFO - Processing /opt/airflow/dags/youtube_extraction.py took 0.115 seconds
[2026-09-16T16:12:36.771+0000] {processor.py:161} INFO - Started process (PID=3406) to work on /opt/airflow/dags/youtube_extraction.py
[2026-09-16T16:12:36.773+0000] {processor.py:830} INFO - Processing file /opt/airflow/dags/youtube_extraction.py for tasks to queue
[2026-09-16T16:12:36.775+0000] {logging_mixin.py:188} INFO - [2026-09-16T16:12:36.775+0000] {dagbag.py:545} INFO - Filling up the DagBag from /opt/airflow/dags/youtube_extraction.py
[2026-09-16T16:12:36.794+0000] {processor.py:840} INFO - DAG(s) 'youtube_extraction' retrieved from /opt/airflow/dags/youtube_extraction.py
[2026-09-16T16:12:36.829+0000] {logging_mixin.py:188} INFO - [2026-09-16T16:12:36.829+0000] {dag.py:3096} INFO - Sync 1 DAGs
[2026-09-16T16:12:36.846+0000] {logging_mixin.py:188} INFO - [2026-09-16T16:12:36.846+0000] {dag.py:3954} INFO - Setting next_dagrun for youtube_extraction to None, run_after=None
[2026-09-16T16:12:36.874+0000] {processor.py:183} INFO - Processing /opt/airflow/dags/youtube_extraction.py took 0.111 seconds
[2026-09-16T16:13:07.057+0000] {processor.py:161} INFO - Started process (PID=3417) to work on /opt/airflow/dags/youtube_extraction.py
[2026-09-16T16:13:07.059+0000] {processor.py:830} INFO - Processing file /opt/airflow/dags/youtube_extraction.py for tasks to queue
[2026-09-16T16:13:07.061+0000] {logging_mixin.py:188} INFO - [2026-09-16T16:13:07.061+0000] {dagbag.py:545} INFO - Filling up the DagBag from /opt/airflow/dags/youtube_extraction.py
[2026-09-16T16:13:07.080+0000] {processor.py:840} INFO - DAG(s) 'youtube_extraction' retrieved from /opt/airflow/dags/youtube_extraction.py
[2026-09-16T16:13:07.114+0000] {logging_mixin.py:188} INFO - [2026-09-16T16:13:07.114+0000] {dag.py:3096} INFO - Sync 1 DAGs
[2026-09-16T16:13:07.129+0000] {logging_mixin.py:188} INFO - [2026-09-16T16:13:07.129+0000] {dag.py:3954} INFO - Setting next_dagrun for youtube_extraction to None, run_after=None
[2026-09-16T16:13:07.162+0000] {processor.py:183} INFO - Processing /opt/airflow/dags/youtube_extraction.py took 0.112 seconds
[2026-09-16T16:13:37.258+0000] {processor.py:161} INFO - Started process (PID=3428) to work on /opt/airflow/dags/youtube_extraction.py
[2026-09-16T16:13:37.260+0000] {processor.py:830} INFO - Processing file /opt/airflow/dags/youtube_extraction.py for tasks to queue
[2026-09-16T16:13:37.262+0000] {logging_mixin.py:188} INFO - [2026-09-16T16:13:37.262+0000] {dagbag.py:545} INFO - Filling up the DagBag from /opt/airflow/dags/youtube_extraction.py
[2026-09-16T16:13:37.281+0000] {processor.py:840} INFO - DAG(s) 'youtube_extraction' retrieved from /opt/airflow/dags/youtube_extraction.py
[2026-09-16T16:13:37.320+0000] {logging_mixin.py:188} INFO - [2026-09-16T16:13:37.320+0000] {dag.py:3096} INFO - Sync 1 DAGs
[2026-09-16T16:13:37.338+0000] {logging_mixin.py:188} INFO - [2026-09-16T16:13:37.338+0000] {dag.py:3954} INFO - Setting next_dagrun for youtube_extraction to None, run_after=None
[2026-09-16T16:13:37.364+0000] {processor.py:183} INFO - Processing /opt/airflow/dags/youtube_extraction.py took 0.114 seconds
[2026-09-16T16:14:07.527+0000] {processor.py:161} INFO - Started process (PID=3439) to work on /opt/airflow/dags/youtube_extraction.py
[2026-09-16T16:14:07.529+0000] {processor.py:830} INFO - Processing file /opt/airflow/dags/youtube_extraction.py for tasks to queue
[2026-09-16T16:14:07.531+0000] {logging_mixin.py:188} INFO - [2026-09-16T16:14:07.531+0000] {dagbag.py:545} INFO - Filling up the DagBag from /opt/airflow/dags/youtube_extraction.py
[2026-09-16T16:14:07.551+0000] {processor.py:840} INFO - DAG(s) 'youtube_extraction' retrieved from /opt/airflow/dags/youtube_extraction.py
[2026-09-16T16:14:07.584+0000] {logging_mixin.py:188} INFO - [2026-09-16T16:14:07.584+0000] {dag.py:3096} INFO - Sync 1 DAGs
[2026-09-16T16:14:07.600+0000] {logging_mixin.py:188} INFO - [2026-09-16T16:14:07.599+0000] {dag.py:3954} INFO - Setting next_dagrun for youtube_extraction to None, run_after=None
[2026-09-16T16:14:07.633+0000] {processor.py:183} INFO - Processing /opt/airflow/dags/youtube_extraction.py took 0.113 seconds
[2026-09-16T16:14:37.725+0000] {processor.py:161} INFO - Started process (PID=3450) to work on /opt/airflow/dags/youtube_extraction.py
[2026-09-16T16:14:37.727+0000] {processor.py:830} INFO - Processing file /opt/airflow/dags/youtube_extraction.py for tasks to queue
[2026-09-16T16:14:37.729+0000] {logging_mixin.py:188} INFO - [2026-09-16T16:14:37.728+0000] {dagbag.py:545} INFO - Filling up the DagBag from /opt/airflow/dags/youtube_extraction.py
[2026-09-16T16:14:37.749+0000] {processor.py:840} INFO - DAG(s) 'youtube_extraction' retrieved from /opt/airflow/dags/youtube_extraction.py
[2026-09-16T16:14:37.792+0000] {logging_mixin.py:188} INFO - [2026-09-16T16:14:37.792+0000] {dag.py:3096} INFO - Sync 1 DAGs
[2026-09-16T16:14:37.813+0000] {logging_mixin.py:188} INFO - [2026-09-16T16:14:37.813+0000] {dag.py:3954} INFO - Setting next_dagrun for youtube_extraction to None, run_after=None
[2026-09-16T16:14:37.857+0000] {processor.py:183} INFO - Processing /opt/airflow/dags/youtube_extraction.py took 0.142 seconds
[2026-09-16T16:15:08.000+0000] {processor.py:161} INFO - Started process (PID=3461) to work on /opt/airflow/dags/youtube_extraction.py
[2026-09-16T16:15:08.002+0000] {processor.py:830} INFO - Processing file /opt/airflow/dags/youtube_extraction.py for tasks to queue
[2026-09-16T16:15:08.004+0000] {logging_mixin.py:188} INFO - [2026-09-16T16:15:08.004+0000] {dagbag.py:545} INFO - Filling up the DagBag from /opt/airflow/dags/youtube_extraction.py
[2026-09-16T16:15:08.026+0000] {processor.py:840} INFO - DAG(s) 'youtube_extraction' retrieved from /opt/airflow/dags/youtube_extraction.py
[2026-09-16T16:15:08.059+0000] {logging_mixin.py:188} INFO - [2026-09-16T16:15:08.059+0000] {dag.py:3096} INFO - Sync 1 DAGs
[2026-09-16T16:15:08.077+0000] {logging_mixin.py:188} INFO - [2026-09-16T16:15:08.077+0000] {dag.py:3954} INFO - Setting next_dagrun for youtube_extraction to None, run_after=None
[2026-09-16T16:15:08.108+0000] {processor.py:183} INFO - Processing /opt/airflow/dags/youtube_extraction.py took 0.117 seconds
[2026-09-16T16:15:38.215+0000] {processor.py:161} INFO - Started process (PID=3472) to work on /opt/airflow/dags/youtube_extraction.py
[2026-09-16T16:15:38.218+0000] {processor.py:830} INFO - Processing file /opt/airflow/dags/youtube_extraction.py for tasks to queue
[2026-09-16T16:15:38.220+0000] {logging_mixin.py:188} INFO - [2026-09-16T16:15:38.219+0000] {dagbag.py:545} INFO - Filling up the DagBag from /opt/airflow/dags/youtube_extraction.py
[2026-09-16T16:15:38.239+0000] {processor.py:840} INFO - DAG(s) 'youtube_extraction' retrieved from /opt/airflow/dags/youtube_extraction.py
[2026-09-16T16:15:38.272+0000] {logging_mixin.py:188} INFO - [2026-09-16T16:15:38.272+0000] {dag.py:3096} INFO - Sync 1 DAGs
[2026-09-16T16:15:38.288+0000] {logging_mixin.py:188} INFO - [2026-09-16T16:15:38.288+0000] {dag.py:3954} INFO - Setting next_dagrun for youtube_extraction to None, run_after=None
[2026-09-16T16:15:38.321+0000] {processor.py:183} INFO - Processing /opt/airflow/dags/youtube_extraction.py took 0.112 seconds
[2026-09-16T16:16:08.473+0000] {processor.py:161} INFO - Started process (PID=3483) to work on /opt/airflow/dags/youtube_extraction.py
[2026-09-16T16:16:08.475+0000] {processor.py:830} INFO - Processing file /opt/airflow/dags/youtube_extraction.py for tasks to queue
[2026-09-16T16:16:08.478+0000] {logging_mixin.py:188} INFO - [2026-09-16T16:16:08.477+0000] {dagbag.py:545} INFO - Filling up the DagBag from /opt/airflow/dags/youtube_extraction.py
[2026-09-16T16:16:08.498+0000] {processor.py:840} INFO - DAG(s) 'youtube_extraction' retrieved from /opt/airflow/dags/youtube_extraction.py
[2026-09-16T16:16:08.535+0000] {logging_mixin.py:188} INFO - [2026-09-16T16:16:08.535+0000] {dag.py:3096} INFO - Sync 1 DAGs
[2026-09-16T16:16:08.553+0000] {logging_mixin.py:188} INFO - [2026-09-16T16:16:08.552+0000] {dag.py:3954} INFO - Setting next_dagrun for youtube_extraction to None, run_after=None
[2026-09-16T16:16:08.589+0000] {processor.py:183} INFO - Processing /opt/airflow/dags/youtube_extraction.py took 0.125 seconds
[2026-09-16T16:16:38.677+0000] {processor.py:161} INFO - Started process (PID=3494) to work on /opt/airflow/dags/youtube_extraction.py
[2026-09-16T16:16:38.680+0000] {processor.py:830} INFO - Processing file /opt/airflow/dags/youtube_extraction.py for tasks to queue
[2026-09-16T16:16:38.682+0000] {logging_mixin.py:188} INFO - [2026-09-16T16:16:38.682+0000] {dagbag.py:545} INFO - Filling up the DagBag from /opt/airflow/dags/youtube_extraction.py
[2026-09-16T16:16:38.705+0000] {processor.py:840} INFO - DAG(s) 'youtube_extraction' retrieved from /opt/airflow/dags/youtube_extraction.py
[2026-09-16T16:16:38.745+0000] {logging_mixin.py:188} INFO - [2026-09-16T16:16:38.744+0000] {dag.py:3096} INFO - Sync 1 DAGs
[2026-09-16T16:16:38.762+0000] {logging_mixin.py:188} INFO - [2026-09-16T16:16:38.762+0000] {dag.py:3954} INFO - Setting next_dagrun for youtube_extraction to None, run_after=None
[2026-09-16T16:16:38.788+0000] {processor.py:183} INFO - Processing /opt/airflow/dags/youtube_extraction.py took 0.120 seconds
[2026-09-16T16:17:08.966+0000] {processor.py:161} INFO - Started process (PID=3505) to work on /opt/airflow/dags/youtube_extraction.py
[2026-09-16T16:17:08.968+0000] {processor.py:830} INFO - Processing file /opt/airflow/dags/youtube_extraction.py for tasks to queue
[2026-09-16T16:17:08.970+0000] {logging_mixin.py:188} INFO - [2026-09-16T16:17:08.970+0000] {dagbag.py:545} INFO - Filling up the DagBag from /opt/airflow/dags/youtube_extraction.py
[2026-09-16T16:17:08.990+0000] {processor.py:840} INFO - DAG(s) 'youtube_extraction' retrieved from /opt/airflow/dags/youtube_extraction.py
[2026-09-16T16:17:09.026+0000] {logging_mixin.py:188} INFO - [2026-09-16T16:17:09.025+0000] {dag.py:3096} INFO - Sync 1 DAGs
[2026-09-16T16:17:09.042+0000] {logging_mixin.py:188} INFO - [2026-09-16T16:17:09.042+0000] {dag.py:3954} INFO - Setting next_dagrun for youtube_extraction to None, run_after=None
[2026-09-16T16:17:09.075+0000] {processor.py:183} INFO - Processing /opt/airflow/dags/youtube_extraction.py took 0.117 seconds
[2026-09-16T16:17:39.144+0000] {processor.py:161} INFO - Started process (PID=3516) to work on /opt/airflow/dags/youtube_extraction.py
[2026-09-16T16:17:39.147+0000] {processor.py:830} INFO - Processing file /opt/airflow/dags/youtube_extraction.py for tasks to queue
[2026-09-16T16:17:39.149+0000] {logging_mixin.py:188} INFO - [2026-09-16T16:17:39.148+0000] {dagbag.py:545} INFO - Filling up the DagBag from /opt/airflow/dags/youtube_extraction.py
[2026-09-16T16:17:39.167+0000] {processor.py:840} INFO - DAG(s) 'youtube_extraction' retrieved from /opt/airflow/dags/youtube_extraction.py
[2026-09-16T16:17:39.204+0000] {logging_mixin.py:188} INFO - [2026-09-16T16:17:39.204+0000] {dag.py:3096} INFO - Sync 1 DAGs
[2026-09-16T16:17:39.223+0000] {logging_mixin.py:188} INFO - [2026-09-16T16:17:39.222+0000] {dag.py:3954} INFO - Setting next_dagrun for youtube_extraction to None, run_after=None
[2026-09-16T16:17:39.250+0000] {processor.py:183} INFO - Processing /opt/airflow/dags/youtube_extraction.py took 0.114 seconds
[2026-09-16T16:18:09.428+0000] {processor.py:161} INFO - Started process (PID=3527) to work on /opt/airflow/dags/youtube_extraction.py
[2026-09-16T16:18:09.432+0000] {processor.py:830} INFO - Processing file /opt/airflow/dags/youtube_extraction.py for tasks to queue
[2026-09-16T16:18:09.434+0000] {logging_mixin.py:188} INFO - [2026-09-16T16:18:09.434+0000] {dagbag.py:545} INFO - Filling up the DagBag from /opt/airflow/dags/youtube_extraction.py
[2026-09-16T16:18:09.452+0000] {processor.py:840} INFO - DAG(s) 'youtube_extraction' retrieved from /opt/airflow/dags/youtube_extraction.py
[2026-09-16T16:18:09.486+0000] {logging_mixin.py:188} INFO - [2026-09-16T16:18:09.485+0000] {dag.py:3096} INFO - Sync 1 DAGs
[2026-09-16T16:18:09.502+0000] {logging_mixin.py:188} INFO - [2026-09-16T16:18:09.501+0000] {dag.py:3954} INFO - Setting next_dagrun for youtube_extraction to None, run_after=None
[2026-09-16T16:18:09.536+0000] {processor.py:183} INFO - Processing /opt/airflow/dags/youtube_extraction.py took 0.114 seconds
[2026-09-16T16:18:39.636+0000] {processor.py:161} INFO - Started process (PID=3538) to work on /opt/airflow/dags/youtube_extraction.py
[2026-09-16T16:18:39.638+0000] {processor.py:830} INFO - Processing file /opt/airflow/dags/youtube_extraction.py for tasks to queue
[2026-09-16T16:18:39.640+0000] {logging_mixin.py:188} INFO - [2026-09-16T16:18:39.639+0000] {dagbag.py:545} INFO - Filling up the DagBag from /opt/airflow/dags/youtube_extraction.py
[2026-09-16T16:18:39.660+0000] {processor.py:840} INFO - DAG(s) 'youtube_extraction' retrieved from /opt/airflow/dags/youtube_extraction.py
[2026-09-16T16:18:39.696+0000] {logging_mixin.py:188} INFO - [2026-09-16T16:18:39.696+0000] {dag.py:3096} INFO - Sync 1 DAGs
[2026-09-16T16:18:39.712+0000] {logging_mixin.py:188} INFO - [2026-09-16T16:18:39.711+0000] {dag.py:3954} INFO - Setting next_dagrun for youtube_extraction to None, run_after=None
[2026-09-16T16:18:39.745+0000] {processor.py:183} INFO - Processing /opt/airflow/dags/youtube_extraction.py took 0.117 seconds
[2026-09-16T16:19:09.888+0000] {processor.py:161} INFO - Started process (PID=3548) to work on /opt/airflow/dags/youtube_extraction.py
[2026-09-16T16:19:09.891+0000] {processor.py:830} INFO - Processing file /opt/airflow/dags/youtube_extraction.py for tasks to queue
[2026-09-16T16:19:09.893+0000] {logging_mixin.py:188} INFO - [2026-09-16T16:19:09.892+0000] {dagbag.py:545} INFO - Filling up the DagBag from /opt/airflow/dags/youtube_extraction.py
[2026-09-16T16:19:09.912+0000] {processor.py:840} INFO - DAG(s) 'youtube_extraction' retrieved from /opt/airflow/dags/youtube_extraction.py
[2026-09-16T16:19:09.946+0000] {logging_mixin.py:188} INFO - [2026-09-16T16:19:09.945+0000] {dag.py:3096} INFO - Sync 1 DAGs
[2026-09-16T16:19:09.963+0000] {logging_mixin.py:188} INFO - [2026-09-16T16:19:09.963+0000] {dag.py:3954} INFO - Setting next_dagrun for youtube_extraction to None, run_after=None
[2026-09-16T16:19:10.006+0000] {processor.py:183} INFO - Processing /opt/airflow/dags/youtube_extraction.py took 0.126 seconds
[2026-09-16T16:19:40.097+0000] {processor.py:161} INFO - Started process (PID=3559) to work on /opt/airflow/dags/youtube_extraction.py
[2026-09-16T16:19:40.099+0000] {processor.py:830} INFO - Processing file /opt/airflow/dags/youtube_extraction.py for tasks to queue
[2026-09-16T16:19:40.101+0000] {logging_mixin.py:188} INFO - [2026-09-16T16:19:40.101+0000] {dagbag.py:545} INFO - Filling up the DagBag from /opt/airflow/dags/youtube_extraction.py
[2026-09-16T16:19:40.120+0000] {processor.py:840} INFO - DAG(s) 'youtube_extraction' retrieved from /opt/airflow/dags/youtube_extraction.py
[2026-09-16T16:19:40.159+0000] {logging_mixin.py:188} INFO - [2026-09-16T16:19:40.158+0000] {dag.py:3096} INFO - Sync 1 DAGs
[2026-09-16T16:19:40.175+0000] {logging_mixin.py:188} INFO - [2026-09-16T16:19:40.175+0000] {dag.py:3954} INFO - Setting next_dagrun for youtube_extraction to None, run_after=None
[2026-09-16T16:19:40.211+0000] {processor.py:183} INFO - Processing /opt/airflow/dags/youtube_extraction.py took 0.122 seconds
[2026-09-16T16:20:10.364+0000] {processor.py:161} INFO - Started process (PID=3570) to work on /opt/airflow/dags/youtube_extraction.py
[2026-09-16T16:20:10.366+0000] {processor.py:830} INFO - Processing file /opt/airflow/dags/youtube_extraction.py for tasks to queue
[2026-09-16T16:20:10.369+0000] {logging_mixin.py:188} INFO - [2026-09-16T16:20:10.368+0000] {dagbag.py:545} INFO - Filling up the DagBag from /opt/airflow/dags/youtube_extraction.py
[2026-09-16T16:20:10.387+0000] {processor.py:840} INFO - DAG(s) 'youtube_extraction' retrieved from /opt/airflow/dags/youtube_extraction.py
[2026-09-16T16:20:10.421+0000] {logging_mixin.py:188} INFO - [2026-09-16T16:20:10.421+0000] {dag.py:3096} INFO - Sync 1 DAGs
[2026-09-16T16:20:10.437+0000] {logging_mixin.py:188} INFO - [2026-09-16T16:20:10.437+0000] {dag.py:3954} INFO - Setting next_dagrun for youtube_extraction to None, run_after=None
[2026-09-16T16:20:10.472+0000] {processor.py:183} INFO - Processing /opt/airflow/dags/youtube_extraction.py took 0.115 seconds
[2026-09-16T16:20:40.565+0000] {processor.py:161} INFO - Started process (PID=3581) to work on /opt/airflow/dags/youtube_extraction.py
[2026-09-16T16:20:40.567+0000] {processor.py:830} INFO - Processing file /opt/airflow/dags/youtube_extraction.py for tasks to queue
[2026-09-16T16:20:40.569+0000] {logging_mixin.py:188} INFO - [2026-09-16T16:20:40.568+0000] {dagbag.py:545} INFO - Filling up the DagBag from /opt/airflow/dags/youtube_extraction.py
[2026-09-16T16:20:40.587+0000] {processor.py:840} INFO - DAG(s) 'youtube_extraction' retrieved from /opt/airflow/dags/youtube_extraction.py
[2026-09-16T16:20:40.623+0000] {logging_mixin.py:188} INFO - [2026-09-16T16:20:40.623+0000] {dag.py:3096} INFO - Sync 1 DAGs
[2026-09-16T16:20:40.638+0000] {logging_mixin.py:188} INFO - [2026-09-16T16:20:40.637+0000] {dag.py:3954} INFO - Setting next_dagrun for youtube_extraction to None, run_after=None
[2026-09-16T16:20:40.676+0000] {processor.py:183} INFO - Processing /opt/airflow/dags/youtube_extraction.py took 0.119 seconds
[2026-09-16T16:21:10.844+0000] {processor.py:161} INFO - Started process (PID=3592) to work on /opt/airflow/dags/youtube_extraction.py
[2026-09-16T16:21:10.847+0000] {processor.py:830} INFO - Processing file /opt/airflow/dags/youtube_extraction.py for tasks to queue
[2026-09-16T16:21:10.849+0000] {logging_mixin.py:188} INFO - [2026-09-16T16:21:10.849+0000] {dagbag.py:545} INFO - Filling up the DagBag from /opt/airflow/dags/youtube_extraction.py
[2026-09-16T16:21:10.872+0000] {processor.py:840} INFO - DAG(s) 'youtube_extraction' retrieved from /opt/airflow/dags/youtube_extraction.py
[2026-09-16T16:21:10.914+0000] {logging_mixin.py:188} INFO - [2026-09-16T16:21:10.914+0000] {dag.py:3096} INFO - Sync 1 DAGs
[2026-09-16T16:21:10.931+0000] {logging_mixin.py:188} INFO - [2026-09-16T16:21:10.931+0000] {dag.py:3954} INFO - Setting next_dagrun for youtube_extraction to None, run_after=None
[2026-09-16T16:21:10.963+0000] {processor.py:183} INFO - Processing /opt/airflow/dags/youtube_extraction.py took 0.126 seconds
[2026-09-16T16:21:41.039+0000] {processor.py:161} INFO - Started process (PID=3603) to work on /opt/airflow/dags/youtube_extraction.py
[2026-09-16T16:21:41.041+0000] {processor.py:830} INFO - Processing file /opt/airflow/dags/youtube_extraction.py for tasks to queue
[2026-09-16T16:21:41.044+0000] {logging_mixin.py:188} INFO - [2026-09-16T16:21:41.043+0000] {dagbag.py:545} INFO - Filling up the DagBag from /opt/airflow/dags/youtube_extraction.py
[2026-09-16T16:21:41.064+0000] {processor.py:840} INFO - DAG(s) 'youtube_extraction' retrieved from /opt/airflow/dags/youtube_extraction.py
[2026-09-16T16:21:41.097+0000] {logging_mixin.py:188} INFO - [2026-09-16T16:21:41.097+0000] {dag.py:3096} INFO - Sync 1 DAGs
[2026-09-16T16:21:41.113+0000] {logging_mixin.py:188} INFO - [2026-09-16T16:21:41.113+0000] {dag.py:3954} INFO - Setting next_dagrun for youtube_extraction to None, run_after=None
[2026-09-16T16:21:41.148+0000] {processor.py:183} INFO - Processing /opt/airflow/dags/youtube_extraction.py took 0.116 seconds
[2026-09-16T16:22:11.317+0000] {processor.py:161} INFO - Started process (PID=3614) to work on /opt/airflow/dags/youtube_extraction.py
[2026-09-16T16:22:11.319+0000] {processor.py:830} INFO - Processing file /opt/airflow/dags/youtube_extraction.py for tasks to queue
[2026-09-16T16:22:11.321+0000] {logging_mixin.py:188} INFO - [2026-09-16T16:22:11.321+0000] {dagbag.py:545} INFO - Filling up the DagBag from /opt/airflow/dags/youtube_extraction.py
[2026-09-16T16:22:11.342+0000] {processor.py:840} INFO - DAG(s) 'youtube_extraction' retrieved from /opt/airflow/dags/youtube_extraction.py
[2026-09-16T16:22:11.380+0000] {logging_mixin.py:188} INFO - [2026-09-16T16:22:11.379+0000] {dag.py:3096} INFO - Sync 1 DAGs
[2026-09-16T16:22:11.397+0000] {logging_mixin.py:188} INFO - [2026-09-16T16:22:11.397+0000] {dag.py:3954} INFO - Setting next_dagrun for youtube_extraction to None, run_after=None
[2026-09-16T16:22:11.424+0000] {processor.py:183} INFO - Processing /opt/airflow/dags/youtube_extraction.py took 0.113 seconds
[2026-09-16T16:22:41.502+0000] {processor.py:161} INFO - Started process (PID=3625) to work on /opt/airflow/dags/youtube_extraction.py
[2026-09-16T16:22:41.506+0000] {processor.py:830} INFO - Processing file /opt/airflow/dags/youtube_extraction.py for tasks to queue
[2026-09-16T16:22:41.508+0000] {logging_mixin.py:188} INFO - [2026-09-16T16:22:41.508+0000] {dagbag.py:545} INFO - Filling up the DagBag from /opt/airflow/dags/youtube_extraction.py
[2026-09-16T16:22:41.527+0000] {processor.py:840} INFO - DAG(s) 'youtube_extraction' retrieved from /opt/airflow/dags/youtube_extraction.py
[2026-09-16T16:22:41.562+0000] {logging_mixin.py:188} INFO - [2026-09-16T16:22:41.561+0000] {dag.py:3096} INFO - Sync 1 DAGs
[2026-09-16T16:22:41.579+0000] {logging_mixin.py:188} INFO - [2026-09-16T16:22:41.578+0000] {dag.py:3954} INFO - Setting next_dagrun for youtube_extraction to None, run_after=None
[2026-09-16T16:22:41.613+0000] {processor.py:183} INFO - Processing /opt/airflow/dags/youtube_extraction.py took 0.119 seconds
[2026-09-16T16:23:11.784+0000] {processor.py:161} INFO - Started process (PID=3636) to work on /opt/airflow/dags/youtube_extraction.py
[2026-09-16T16:23:11.786+0000] {processor.py:830} INFO - Processing file /opt/airflow/dags/youtube_extraction.py for tasks to queue
[2026-09-16T16:23:11.789+0000] {logging_mixin.py:188} INFO - [2026-09-16T16:23:11.789+0000] {dagbag.py:545} INFO - Filling up the DagBag from /opt/airflow/dags/youtube_extraction.py
[2026-09-16T16:23:11.809+0000] {processor.py:840} INFO - DAG(s) 'youtube_extraction' retrieved from /opt/airflow/dags/youtube_extraction.py
[2026-09-16T16:23:11.844+0000] {logging_mixin.py:188} INFO - [2026-09-16T16:23:11.843+0000] {dag.py:3096} INFO - Sync 1 DAGs
[2026-09-16T16:23:11.859+0000] {logging_mixin.py:188} INFO - [2026-09-16T16:23:11.858+0000] {dag.py:3954} INFO - Setting next_dagrun for youtube_extraction to None, run_after=None
[2026-09-16T16:23:11.898+0000] {processor.py:183} INFO - Processing /opt/airflow/dags/youtube_extraction.py took 0.121 seconds
[2026-09-16T16:23:41.999+0000] {processor.py:161} INFO - Started process (PID=3647) to work on /opt/airflow/dags/youtube_extraction.py
[2026-09-16T16:23:42.002+0000] {processor.py:830} INFO - Processing file /opt/airflow/dags/youtube_extraction.py for tasks to queue
[2026-09-16T16:23:42.005+0000] {logging_mixin.py:188} INFO - [2026-09-16T16:23:42.005+0000] {dagbag.py:545} INFO - Filling up the DagBag from /opt/airflow/dags/youtube_extraction.py
[2026-09-16T16:23:42.027+0000] {processor.py:840} INFO - DAG(s) 'youtube_extraction' retrieved from /opt/airflow/dags/youtube_extraction.py
[2026-09-16T16:23:42.075+0000] {logging_mixin.py:188} INFO - [2026-09-16T16:23:42.075+0000] {dag.py:3096} INFO - Sync 1 DAGs
[2026-09-16T16:23:42.093+0000] {logging_mixin.py:188} INFO - [2026-09-16T16:23:42.093+0000] {dag.py:3954} INFO - Setting next_dagrun for youtube_extraction to None, run_after=None
[2026-09-16T16:23:42.126+0000] {processor.py:183} INFO - Processing /opt/airflow/dags/youtube_extraction.py took 0.137 seconds
[2026-09-16T16:24:12.251+0000] {processor.py:161} INFO - Started process (PID=3658) to work on /opt/airflow/dags/youtube_extraction.py
[2026-09-16T16:24:12.253+0000] {processor.py:830} INFO - Processing file /opt/airflow/dags/youtube_extraction.py for tasks to queue
[2026-09-16T16:24:12.256+0000] {logging_mixin.py:188} INFO - [2026-09-16T16:24:12.255+0000] {dagbag.py:545} INFO - Filling up the DagBag from /opt/airflow/dags/youtube_extraction.py
[2026-09-16T16:24:12.277+0000] {processor.py:840} INFO - DAG(s) 'youtube_extraction' retrieved from /opt/airflow/dags/youtube_extraction.py
[2026-09-16T16:24:12.313+0000] {logging_mixin.py:188} INFO - [2026-09-16T16:24:12.313+0000] {dag.py:3096} INFO - Sync 1 DAGs
[2026-09-16T16:24:12.330+0000] {logging_mixin.py:188} INFO - [2026-09-16T16:24:12.330+0000] {dag.py:3954} INFO - Setting next_dagrun for youtube_extraction to None, run_after=None
[2026-09-16T16:24:12.364+0000] {processor.py:183} INFO - Processing /opt/airflow/dags/youtube_extraction.py took 0.121 seconds
[2026-09-16T16:24:42.478+0000] {processor.py:161} INFO - Started process (PID=3669) to work on /opt/airflow/dags/youtube_extraction.py
[2026-09-16T16:24:42.481+0000] {processor.py:830} INFO - Processing file /opt/airflow/dags/youtube_extraction.py for tasks to queue
[2026-09-16T16:24:42.483+0000] {logging_mixin.py:188} INFO - [2026-09-16T16:24:42.483+0000] {dagbag.py:545} INFO - Filling up the DagBag from /opt/airflow/dags/youtube_extraction.py
[2026-09-16T16:24:42.502+0000] {processor.py:840} INFO - DAG(s) 'youtube_extraction' retrieved from /opt/airflow/dags/youtube_extraction.py
[2026-09-16T16:24:42.540+0000] {logging_mixin.py:188} INFO - [2026-09-16T16:24:42.539+0000] {dag.py:3096} INFO - Sync 1 DAGs
[2026-09-16T16:24:42.556+0000] {logging_mixin.py:188} INFO - [2026-09-16T16:24:42.556+0000] {dag.py:3954} INFO - Setting next_dagrun for youtube_extraction to None, run_after=None
[2026-09-16T16:24:42.589+0000] {processor.py:183} INFO - Processing /opt/airflow/dags/youtube_extraction.py took 0.118 seconds
[2026-09-16T16:25:12.725+0000] {processor.py:161} INFO - Started process (PID=3680) to work on /opt/airflow/dags/youtube_extraction.py
[2026-09-16T16:25:12.727+0000] {processor.py:830} INFO - Processing file /opt/airflow/dags/youtube_extraction.py for tasks to queue
[2026-09-16T16:25:12.729+0000] {logging_mixin.py:188} INFO - [2026-09-16T16:25:12.728+0000] {dagbag.py:545} INFO - Filling up the DagBag from /opt/airflow/dags/youtube_extraction.py
[2026-09-16T16:25:12.749+0000] {processor.py:840} INFO - DAG(s) 'youtube_extraction' retrieved from /opt/airflow/dags/youtube_extraction.py
[2026-09-16T16:25:12.782+0000] {logging_mixin.py:188} INFO - [2026-09-16T16:25:12.781+0000] {dag.py:3096} INFO - Sync 1 DAGs
[2026-09-16T16:25:12.799+0000] {logging_mixin.py:188} INFO - [2026-09-16T16:25:12.798+0000] {dag.py:3954} INFO - Setting next_dagrun for youtube_extraction to None, run_after=None
[2026-09-16T16:25:12.832+0000] {processor.py:183} INFO - Processing /opt/airflow/dags/youtube_extraction.py took 0.116 seconds
[2026-09-16T16:25:42.939+0000] {processor.py:161} INFO - Started process (PID=3691) to work on /opt/airflow/dags/youtube_extraction.py
[2026-09-16T16:25:42.941+0000] {processor.py:830} INFO - Processing file /opt/airflow/dags/youtube_extraction.py for tasks to queue
[2026-09-16T16:25:42.943+0000] {logging_mixin.py:188} INFO - [2026-09-16T16:25:42.943+0000] {dagbag.py:545} INFO - Filling up the DagBag from /opt/airflow/dags/youtube_extraction.py
[2026-09-16T16:25:42.964+0000] {processor.py:840} INFO - DAG(s) 'youtube_extraction' retrieved from /opt/airflow/dags/youtube_extraction.py
[2026-09-16T16:25:42.999+0000] {logging_mixin.py:188} INFO - [2026-09-16T16:25:42.999+0000] {dag.py:3096} INFO - Sync 1 DAGs
[2026-09-16T16:25:43.019+0000] {logging_mixin.py:188} INFO - [2026-09-16T16:25:43.019+0000] {dag.py:3954} INFO - Setting next_dagrun for youtube_extraction to None, run_after=None
[2026-09-16T16:25:43.053+0000] {processor.py:183} INFO - Processing /opt/airflow/dags/youtube_extraction.py took 0.121 seconds
[2026-09-16T16:26:13.185+0000] {processor.py:161} INFO - Started process (PID=3702) to work on /opt/airflow/dags/youtube_extraction.py
[2026-09-16T16:26:13.187+0000] {processor.py:830} INFO - Processing file /opt/airflow/dags/youtube_extraction.py for tasks to queue
[2026-09-16T16:26:13.189+0000] {logging_mixin.py:188} INFO - [2026-09-16T16:26:13.189+0000] {dagbag.py:545} INFO - Filling up the DagBag from /opt/airflow/dags/youtube_extraction.py
[2026-09-16T16:26:13.208+0000] {processor.py:840} INFO - DAG(s) 'youtube_extraction' retrieved from /opt/airflow/dags/youtube_extraction.py
[2026-09-16T16:26:13.245+0000] {logging_mixin.py:188} INFO - [2026-09-16T16:26:13.245+0000] {dag.py:3096} INFO - Sync 1 DAGs
[2026-09-16T16:26:13.260+0000] {logging_mixin.py:188} INFO - [2026-09-16T16:26:13.260+0000] {dag.py:3954} INFO - Setting next_dagrun for youtube_extraction to None, run_after=None
[2026-09-16T16:26:13.294+0000] {processor.py:183} INFO - Processing /opt/airflow/dags/youtube_extraction.py took 0.117 seconds
[2026-09-16T16:26:43.407+0000] {processor.py:161} INFO - Started process (PID=3713) to work on /opt/airflow/dags/youtube_extraction.py
[2026-09-16T16:26:43.410+0000] {processor.py:830} INFO - Processing file /opt/airflow/dags/youtube_extraction.py for tasks to queue
[2026-09-16T16:26:43.412+0000] {logging_mixin.py:188} INFO - [2026-09-16T16:26:43.411+0000] {dagbag.py:545} INFO - Filling up the DagBag from /opt/airflow/dags/youtube_extraction.py
[2026-09-16T16:26:43.431+0000] {processor.py:840} INFO - DAG(s) 'youtube_extraction' retrieved from /opt/airflow/dags/youtube_extraction.py
[2026-09-16T16:26:43.467+0000] {logging_mixin.py:188} INFO - [2026-09-16T16:26:43.466+0000] {dag.py:3096} INFO - Sync 1 DAGs
[2026-09-16T16:26:43.484+0000] {logging_mixin.py:188} INFO - [2026-09-16T16:26:43.483+0000] {dag.py:3954} INFO - Setting next_dagrun for youtube_extraction to None, run_after=None
[2026-09-16T16:26:43.517+0000] {processor.py:183} INFO - Processing /opt/airflow/dags/youtube_extraction.py took 0.117 seconds
[2026-09-16T16:27:13.643+0000] {processor.py:161} INFO - Started process (PID=3724) to work on /opt/airflow/dags/youtube_extraction.py
[2026-09-16T16:27:13.645+0000] {processor.py:830} INFO - Processing file /opt/airflow/dags/youtube_extraction.py for tasks to queue
[2026-09-16T16:27:13.647+0000] {logging_mixin.py:188} INFO - [2026-09-16T16:27:13.647+0000] {dagbag.py:545} INFO - Filling up the DagBag from /opt/airflow/dags/youtube_extraction.py
[2026-09-16T16:27:13.667+0000] {processor.py:840} INFO - DAG(s) 'youtube_extraction' retrieved from /opt/airflow/dags/youtube_extraction.py
[2026-09-16T16:27:13.702+0000] {logging_mixin.py:188} INFO - [2026-09-16T16:27:13.702+0000] {dag.py:3096} INFO - Sync 1 DAGs
[2026-09-16T16:27:13.717+0000] {logging_mixin.py:188} INFO - [2026-09-16T16:27:13.717+0000] {dag.py:3954} INFO - Setting next_dagrun for youtube_extraction to None, run_after=None
[2026-09-16T16:27:13.750+0000] {processor.py:183} INFO - Processing /opt/airflow/dags/youtube_extraction.py took 0.115 seconds
[2026-09-16T16:27:43.905+0000] {processor.py:161} INFO - Started process (PID=3735) to work on /opt/airflow/dags/youtube_extraction.py
[2026-09-16T16:27:43.912+0000] {processor.py:830} INFO - Processing file /opt/airflow/dags/youtube_extraction.py for tasks to queue
[2026-09-16T16:27:43.920+0000] {logging_mixin.py:188} INFO - [2026-09-16T16:27:43.919+0000] {dagbag.py:545} INFO - Filling up the DagBag from /opt/airflow/dags/youtube_extraction.py
[2026-09-16T16:27:43.978+0000] {processor.py:840} INFO - DAG(s) 'youtube_extraction' retrieved from /opt/airflow/dags/youtube_extraction.py
[2026-09-16T16:27:44.088+0000] {logging_mixin.py:188} INFO - [2026-09-16T16:27:44.087+0000] {dag.py:3096} INFO - Sync 1 DAGs
[2026-09-16T16:27:44.133+0000] {logging_mixin.py:188} INFO - [2026-09-16T16:27:44.132+0000] {dag.py:3954} INFO - Setting next_dagrun for youtube_extraction to None, run_after=None
[2026-09-16T16:27:44.213+0000] {processor.py:183} INFO - Processing /opt/airflow/dags/youtube_extraction.py took 0.328 seconds
